Freq.	I(C1)	I(C2)	I(C3)	I(C4)
5.00000000000000e+03	-2.49720009310659e-01,2.10594777643524e-04	-2.49651208956981e-01,-5.39512769060956e-04	-2.49680106538021e-01,-1.78913368555010e-04	-2.49717779877337e-01,5.42474491320979e-04
5.19519519519520e+03	-2.49722587887868e-01,2.19063358691833e-04	-2.49648262964762e-01,-5.61141861723754e-04	-2.49679480797687e-01,-1.86095353937048e-04	-2.49720172128636e-01,5.64200105175630e-04
5.39039039039039e+03	-2.49725268542380e-01,2.27559739668830e-04	-2.49645199968334e-01,-5.82838444164879e-04	-2.49678830037208e-01,-1.93301599203626e-04	-2.49722657911450e-01,5.85988620544825e-04
5.58558558558559e+03	-2.49728051657617e-01,2.36085108791144e-04	-2.49642019488577e-01,-6.04605244617576e-04	-2.49678154136584e-01,-2.00533062011923e-04	-2.49725237442727e-01,6.07842649507993e-04
5.78078078078078e+03	-2.49730937632335e-01,2.44640662599920e-04	-2.49638721027269e-01,-6.26445021697807e-04	-2.49677452971438e-01,-2.07790713567118e-04	-2.49727910947547e-01,6.29764824491630e-04
5.97597597597598e+03	-2.49733926880617e-01,2.53227607100759e-04	-2.49635304067819e-01,-6.48360564922628e-04	-2.49676726412742e-01,-2.15075538435722e-04	-2.49730678658779e-01,6.51757799916624e-04
6.17117117117117e+03	-2.49737019832861e-01,2.61847158838927e-04	-2.49631768073973e-01,-6.70354695396923e-04	-2.49675974327090e-01,-2.22388534459474e-04	-2.49733540817031e-01,6.73824253768501e-04
6.36636636636637e+03	-2.49740216934695e-01,2.70500545836094e-04	-2.49628112490602e-01,-6.92430266574335e-04	-2.49675196576275e-01,-2.29730712790845e-04	-2.49736497671405e-01,6.95966889110553e-04
6.56156156156156e+03	-2.49743518648045e-01,2.79189008499190e-04	-2.49624336743376e-01,-7.14590165155423e-04	-2.49674393017919e-01,-2.37103098001928e-04	-2.49739549478149e-01,7.18188435471327e-04
6.75675675675676e+03	-2.49746925451250e-01,2.87913800508241e-04	-2.49620440238367e-01,-7.36837312028994e-04	-2.49673563504624e-01,-2.44506728253205e-04	-2.49742696501738e-01,7.40491650307336e-04
6.95195195195195e+03	-2.49750437838517e-01,2.96676189594021e-04	-2.49616422362130e-01,-7.59174663324588e-04	-2.49672707884969e-01,-2.51942655525115e-04	-2.49745939014351e-01,7.62879320340536e-04
7.14714714714715e+03	-2.49754056320975e-01,3.05477458372289e-04	-2.49612282481349e-01,-7.81605211508549e-04	-2.49671826002623e-01,-2.59411945911210e-04	-2.49749277296078e-01,7.85354262941855e-04
7.34234234234234e+03	-2.49757781426555e-01,3.14318905111452e-04	-2.49608019943047e-01,-8.04131986536892e-04	-2.49670917696721e-01,-2.66915679936567e-04	-2.49752711634481e-01,8.07919327469981e-04
7.53753753753754e+03	-2.49761613699793e-01,3.23201844495565e-04	-2.49603634074087e-01,-8.26758057076614e-04	-2.49669982802057e-01,-2.74454952905255e-04	-2.49756242325023e-01,8.30577396645685e-04
7.73273273273273e+03	-2.49765553702526e-01,3.32127608398568e-04	-2.49599124181097e-01,-8.49486531770955e-04	-2.49669021148698e-01,-2.82030875307669e-04	-2.49759869670899e-01,8.53331387908006e-04
7.92792792792793e+03	-2.49769602013939e-01,3.41097546648217e-04	-2.49594489550482e-01,-8.72320560545279e-04	-2.49668032562058e-01,-2.89644573234369e-04	-2.49763593982832e-01,8.76184254787357e-04
8.12312312312312e+03	-2.49773759230875e-01,3.50113027783631e-04	-2.49589729447954e-01,-8.95263335987411e-04	-2.49667016863289e-01,-2.97297188819393e-04	-2.49767415578947e-01,8.99138988280230e-04
8.31831831831832e+03	-2.49778025967557e-01,3.59175439823087e-04	-2.49584843118873e-01,-9.18318094726464e-04	-2.49665973868679e-01,-3.04989880717413e-04	-2.49771334785206e-01,9.22198618285014e-04
8.51351351351351e+03	-2.49782402856634e-01,3.68286191055592e-04	-2.49579829787275e-01,-9.41488118926825e-04	-2.49664903390092e-01,-3.12723824598684e-04	-2.49775351934940e-01,9.45366215004751e-04
8.70870870870871e+03	-2.49786890548453e-01,3.77446710796726e-04	-2.49574688656685e-01,-9.64776737753353e-04	-2.49663805234834e-01,-3.20500213669028e-04	-2.49779467368931e-01,9.68644890402086e-04
8.90390390390391e+03	-2.49791489712515e-01,3.86658450239981e-04	-2.49569418909036e-01,-9.88187328940629e-04	-2.49662679205460e-01,-3.28320259207424e-04	-2.49783681435167e-01,9.92037799682373e-04
9.09909909909910e+03	-2.49796201036525e-01,3.95922883218580e-04	-2.49564019704989e-01,-1.01172332037846e-03	-2.49661525100393e-01,-3.36185191114526e-04	-2.49787994488863e-01,1.01554814279336e-03
9.29429429429430e+03	-2.49801025227051e-01,4.05241507053235e-04	-2.49558490183670e-01,-1.03538819175217e-03	-2.49660342713204e-01,-3.44096258516186e-04	-2.49792406892837e-01,1.03917916598443e-03
9.48948948948949e+03	-2.49805963010039e-01,4.14615843404427e-04	-2.49552829462465e-01,-1.05918547623346e-03	-2.49659131833142e-01,-3.52054730348252e-04	-2.49796919016624e-01,1.06293416334919e-03
9.68468468468469e+03	-2.49811015131165e-01,4.24047439147577e-04	-2.49547036636625e-01,-1.08311876222259e-03	-2.49657892244762e-01,-3.60061895990787e-04	-2.49801531236891e-01,1.08681647845570e-03
9.87987987987989e+03	-2.49816182355380e-01,4.33537867224863e-04	-2.49541110779574e-01,-1.10719169512601e-03	-2.49656623727968e-01,-3.68119065917016e-04	-2.49806243937557e-01,1.11082950599727e-03
1.00750750750751e+04	-2.49821465468004e-01,4.43088727583758e-04	-2.49535050942230e-01,-1.13140797921245e-03	-2.49655326058651e-01,-3.76227572330305e-04	-2.49811057508740e-01,1.13497669344001e-03
1.02702702702703e+04	-2.49826865274657e-01,4.52701648101006e-04	-2.49528856152883e-01,-1.15577137950365e-03	-2.49653999008022e-01,-3.84388769875231e-04	-2.49815972347604e-01,1.15926154279740e-03
1.04654654654655e+04	-2.49832382601182e-01,4.62378285514313e-04	-2.49522525417545e-01,-1.18028572370708e-03	-2.49652642342733e-01,-3.92604036348475e-04	-2.49820988857990e-01,1.18368761238468e-03
1.06606606606607e+04	-2.49838018295054e-01,4.72120326454715e-04	-2.49516057718472e-01,-1.20495490427524e-03	-2.49651255825230e-01,-4.00874773412160e-04	-2.49826107450075e-01,1.20825851863698e-03
1.08558558558559e+04	-2.49843773224250e-01,4.81929488393019e-04	-2.49509452015736e-01,-1.22978288039722e-03	-2.49649839213394e-01,-4.09202407364149e-04	-2.49831328540371e-01,1.23297793797700e-03
1.10510510510511e+04	-2.49849648278655e-01,4.91807520720916e-04	-2.49502707245461e-01,-1.25477368019666e-03	-2.49648392261037e-01,-4.17588389897067e-04	-2.49836652551494e-01,1.25784960873121e-03
1.12462462462463e+04	-2.49855644370135e-01,5.01756205810708e-04	-2.49495822320570e-01,-1.27993140288250e-03	-2.49646914717243e-01,-4.26034198932177e-04	-2.49842079912105e-01,1.28287733310644e-03
1.14414414414415e+04	-2.49861762432569e-01,5.11777360099466e-04	-2.49488796129981e-01,-1.30526022103083e-03	-2.49645406327450e-01,-4.34541339393473e-04	-2.49847611056499e-01,1.30806497920334e-03
1.16366366366366e+04	-2.49868003422442e-01,5.21872835231682e-04	-2.49481627538865e-01,-1.33076438289671e-03	-2.49643866832282e-01,-4.43111344125474e-04	-2.49853246424994e-01,1.33341648312820e-03
1.18318318318318e+04	-2.49874368319194e-01,5.32044519225141e-04	-2.49474315388251e-01,-1.35644821481565e-03	-2.49642295968584e-01,-4.51745774719146e-04	-2.49858986462922e-01,1.35893585109592e-03
1.20270270270270e+04	-2.49880858125488e-01,5.42294337669991e-04	-2.49466858494925e-01,-1.38231612367187e-03	-2.49640693469009e-01,-4.60446222444788e-04	-2.49864831620847e-01,1.38462716165511e-03
1.22222222222222e+04	-2.49887473867750e-01,5.52624254977784e-04	-2.49459255650855e-01,-1.40837259946426e-03	-2.49639059062047e-01,-4.69214309191122e-04	-2.49870782354616e-01,1.41049456797643e-03
1.24174174174174e+04	-2.49894216596251e-01,5.63036275643529e-04	-2.49451505623437e-01,-1.43462221791175e-03	-2.49637392472483e-01,-4.78051688409313e-04	-2.49876839124543e-01,1.43654230015587e-03
1.26126126126126e+04	-2.49901087385784e-01,5.73532445583964e-04	-2.49443607155351e-01,-1.46106964315955e-03	-2.49635693420951e-01,-4.86960046137023e-04	-2.49883002395333e-01,1.46277466763416e-03
1.28078078078078e+04	-2.49908087336051e-01,5.84114853498811e-04	-2.49435558963760e-01,-1.48771963060646e-03	-2.49633961624502e-01,-4.95941102002174e-04	-2.49889272635914e-01,1.48919606168282e-03
1.30030030030030e+04	-2.49915217571479e-01,5.94785632248088e-04	-2.49427359740828e-01,-1.51457702975074e-03	-2.49632196796493e-01,-5.04996610294644e-04	-2.49895650319240e-01,1.51581095796528e-03
1.31981981981982e+04	-2.49922479242979e-01,6.05546960379008e-04	-2.49419008153038e-01,-1.54164678719724e-03	-2.49630398646199e-01,-5.14128361092532e-04	-2.49902135921575e-01,1.54262391915185e-03
1.33933933933934e+04	-2.49929873526700e-01,6.16401063539621e-04	-2.49410502841274e-01,-1.56893394971023e-03	-2.49628566880165e-01,-5.23338181318257e-04	-2.49908729922316e-01,1.56963959764438e-03
1.35885885885886e+04	-2.49937401625556e-01,6.27350216091357e-04	-2.49401842420746e-01,-1.59644366738763e-03	-2.49626701200795e-01,-5.32627936001239e-04	-2.49915432803966e-01,1.59686273839887e-03
1.37837837837838e+04	-2.49945064769452e-01,6.38396742704368e-04	-2.49393025480217e-01,-1.62418119696784e-03	-2.49624801307994e-01,-5.41999529393733e-04	-2.49922245051010e-01,1.62429818177257e-03
1.39789789789790e+04	-2.49952864215541e-01,6.49543020010872e-04	-2.49384050582732e-01,-1.65215190516797e-03	-2.49622866897880e-01,-5.51454906303530e-04	-2.49929167150238e-01,1.65195086655476e-03
1.41741741741742e+04	-2.49960801248907e-01,6.60791478334061e-04	-2.49374916264789e-01,-1.68036127221908e-03	-2.49620897663955e-01,-5.60996053324634e-04	-2.49936199589717e-01,1.67982583300778e-03
1.43693693693694e+04	-2.49968877182760e-01,6.72144603455554e-04	-2.49365621036349e-01,-1.70881489547532e-03	-2.49618893296733e-01,-5.70625000200357e-04	-2.49943342858944e-01,1.70792822608941e-03
1.45645645645646e+04	-2.49977093359296e-01,6.83604938475867e-04	-2.49356163380805e-01,-1.73751849314573e-03	-2.49616853484413e-01,-5.80343821170575e-04	-2.49950597447376e-01,1.73626329866884e-03
1.47597597597598e+04	-2.49985451149670e-01,6.95175085696956e-04	-2.49346541755027e-01,-1.76647790814605e-03	-2.49614777912436e-01,-5.90154636436075e-04	-2.49957963844808e-01,1.76483641498586e-03
1.49549549549550e+04	-2.49993951954951e-01,7.06857708619548e-04	-2.49336754588898e-01,-1.79569911212308e-03	-2.49612666264081e-01,-6.00059613608688e-04	-2.49965442540326e-01,1.79365305411769e-03
1.51501501501502e+04	-2.50002597206372e-01,7.18655533978018e-04	-2.49326800285239e-01,-1.82518820958383e-03	-2.49610518220695e-01,-6.10060969234391e-04	-2.49973034021882e-01,1.82271881361517e-03
1.53453453453454e+04	-2.50011388365866e-01,7.30571353861228e-04	-2.49316677220162e-01,-1.85495144215190e-03	-2.49608333461789e-01,-6.20160970378697e-04	-2.49980738775319e-01,1.85203941322475e-03
1.55405405405406e+04	-2.50020326926678e-01,7.42608027915844e-04	-2.49306383742523e-01,-1.88499519302403e-03	-2.49606111665309e-01,-6.30361936260272e-04	-2.49988557284024e-01,1.88162069878080e-03
1.57357357357358e+04	-2.50029414413963e-01,7.54768485631970e-04	-2.49295918174065e-01,-1.91532599154198e-03	-2.49603852508006e-01,-6.40666239930124e-04	-2.49996490027827e-01,1.91146864618382e-03
1.59309309309310e+04	-2.50038652384845e-01,7.67055728672736e-04	-2.49285278809521e-01,-1.94595051793376e-03	-2.49601555665601e-01,-6.51076310034152e-04	-2.50004537482665e-01,1.94158936557108e-03
1.61261261261262e+04	-2.50048042429421e-01,7.79472833354337e-04	-2.49274463916422e-01,-1.97687560823951e-03	-2.49599220813136e-01,-6.61594632619189e-04	-2.50012700119429e-01,1.97198910557542e-03
1.63213213213214e+04	-2.50057586171539e-01,7.92022953208746e-04	-2.49263471735307e-01,-2.00810825939098e-03	-2.49596847625583e-01,-6.72223752986442e-04	-2.50020978402353e-01,2.00267425770484e-03
1.65165165165165e+04	-2.50067285268420e-01,8.04709321557625e-04	-2.49252300479509e-01,-2.03965563450894e-03	-2.49594435777551e-01,-6.82966277691476e-04	-2.50029372789911e-01,2.03365136106846e-03
1.67117117117117e+04	-2.50077141412053e-01,8.17535254303916e-04	-2.49240948335613e-01,-2.07152506834175e-03	-2.49591984944293e-01,-6.93824876503853e-04	-2.50037883731953e-01,2.06492710698097e-03
1.69069069069069e+04	-2.50087156329746e-01,8.30504152781509e-04	-2.49229413462855e-01,-2.10372407298724e-03	-2.49589494802121e-01,-7.04802284496832e-04	-2.50046511669341e-01,2.09650834393606e-03
1.71021021021021e+04	-2.50097331783662e-01,8.43619506626833e-04	-2.49217693994960e-01,-2.13626034363864e-03	-2.49586965028284e-01,-7.15901304251455e-04	-2.50055257032683e-01,2.12840208268467e-03
1.72972972972973e+04	-2.50107669573094e-01,8.56884896977326e-04	-2.49205788037574e-01,-2.16914176489600e-03	-2.49584395301975e-01,-7.27124808065704e-04	-2.50064120241650e-01,2.16061550155903e-03
1.74924924924925e+04	-2.50118171533551e-01,8.70303999541779e-04	-2.49193693671539e-01,-2.20237641684258e-03	-2.49581785304488e-01,-7.38475740296729e-04	-2.50073101702423e-01,2.19315595182869e-03
1.76876876876877e+04	-2.50128839537946e-01,8.83880587959693e-04	-2.49181408950877e-01,-2.23597258178742e-03	-2.49579134720274e-01,-7.49957119739790e-04	-2.50082201807482e-01,2.22603096346320e-03
1.78828828828829e+04	-2.50139675497360e-01,8.97618537258072e-04	-2.49168931904098e-01,-2.26993875099369e-03	-2.49576443236894e-01,-7.61572042179321e-04	-2.50091420933583e-01,2.25924825095322e-03
1.80780780780781e+04	-2.50150681361074e-01,9.11521827386576e-04	-2.49156260534687e-01,-2.30428363172950e-03	-2.49573710545941e-01,-7.73323682961256e-04	-2.50100759440312e-01,2.29281571940907e-03
1.82732732732733e+04	-2.50161859117652e-01,9.25594546976259e-04	-2.49143392821036e-01,-2.33901615464416e-03	-2.49570936343999e-01,-7.85215299659147e-04	-2.50110217668108e-01,2.32674147084069e-03
1.84684684684685e+04	-2.50173210795621e-01,9.39840897226950e-04	-2.49130326717297e-01,-2.37414548135299e-03	-2.49568120332680e-01,-7.97250234934727e-04	-2.50119795936696e-01,2.36103381072100e-03
1.86636636636637e+04	-2.50184738462979e-01,9.54265195835685e-04	-2.49117060153916e-01,-2.40968101234936e-03	-2.49565262220168e-01,-8.09431919366218e-04	-2.50129494543500e-01,2.39570125479984e-03
1.88588588588589e+04	-2.50196444229711e-01,9.68871881360415e-04	-2.49103591037949e-01,-2.44563239524839e-03	-2.49562361721232e-01,-8.21763874541588e-04	-2.50139313760799e-01,2.43075253607681e-03
1.90540540540541e+04	-2.50208330246136e-01,9.83665517389916e-04	-2.49089917254346e-01,-2.48200953327628e-03	-2.49559418558809e-01,-8.34249716120847e-04	-2.50149253834511e-01,2.46619661218810e-03
1.92492492492493e+04	-2.50220398705120e-01,9.98650797228773e-04	-2.49076036666329e-01,-2.51882259417895e-03	-2.49556432464529e-01,-8.46893157125472e-04	-2.50159314981077e-01,2.50204267292058e-03
1.94444444444445e+04	-2.50232651841798e-01,1.01383254855537e-03	-2.49061947116312e-01,-2.55608201944476e-03	-2.49553403180081e-01,-8.59698011286885e-04	-2.50169497385450e-01,2.53830014812611e-03
1.96396396396397e+04	-2.50245091934840e-01,1.02921573841901e-03	-2.49047646427034e-01,-2.59379853388726e-03	-2.49550330457448e-01,-8.72668196634075e-04	-2.50179801198467e-01,2.57497871589759e-03
1.98348348348349e+04	-2.50257721305914e-01,1.04480547827345e-03	-2.49033132402498e-01,-2.63198315563094e-03	-2.49547214061270e-01,-8.85807739028532e-04	-2.50190226534074e-01,2.61208831105664e-03
2.00300300300301e+04	-2.50270542321068e-01,1.06060702940945e-03	-2.49018402829622e-01,-2.67064720645006e-03	-2.49544053768989e-01,-8.99120776059586e-04	-2.50200773466158e-01,2.64963913395746e-03
2.02252252252253e+04	-2.50283557391083e-01,1.07662580852100e-03	-2.49003455478566e-01,-2.70980232266115e-03	-2.49540849372877e-01,-9.12611560922851e-04	-2.50211442025827e-01,2.68764165969599e-03
2.04204204204205e+04	-2.50296768971884e-01,1.09286739351596e-03	-2.48988288105523e-01,-2.74946046623681e-03	-2.49537600680822e-01,-9.26284466578657e-04	-2.50222232197435e-01,2.72610664756729e-03
2.06156156156157e+04	-2.50310179564726e-01,1.10933752955803e-03	-2.48972898453078e-01,-2.78963393662361e-03	-2.49534307518356e-01,-9.40143989971632e-04	-2.50233143915996e-01,2.76504515106642e-03
2.08108108108109e+04	-2.50323791716770e-01,1.12604213540653e-03	-2.48957284253004e-01,-2.83033538282122e-03	-2.49530969730135e-01,-9.54194756473029e-04	-2.50244177062340e-01,2.80446852807174e-03
2.10060060060061e+04	-2.50337608021776e-01,1.14298731005466e-03	-2.48941443227530e-01,-2.87157781613631e-03	-2.49527587181060e-01,-9.68441524569919e-04	-2.50255331460022e-01,2.84438845164936e-03
2.12012012012013e+04	-2.50351631120027e-01,1.16017933957457e-03	-2.48925373091556e-01,-2.91337462338452e-03	-2.49524159759171e-01,-9.82889190552127e-04	-2.50266606870294e-01,2.88481692110085e-03
2.13963963963964e+04	-2.50365863698941e-01,1.17762470434461e-03	-2.48909071555217e-01,-2.95573958063356e-03	-2.49520687376541e-01,-9.97542793634941e-04	-2.50278002988034e-01,2.92576627359954e-03
2.15915915915916e+04	-2.50380308493154e-01,1.19533008654390e-03	-2.48892536326099e-01,-2.99868686758406e-03	-2.49517169971876e-01,-1.01240752110802e-03	-2.50289519436848e-01,2.96724919623059e-03
2.17867867867868e+04	-2.50394968284771e-01,1.21330237799989e-03	-2.48875765112186e-01,-3.04223108250301e-03	-2.49513607512878e-01,-1.02748871374549e-03	-2.50301155763500e-01,3.00927873848678e-03
2.19819819819820e+04	-2.50409845903707e-01,1.23154868841190e-03	-2.48858755624528e-01,-3.08638725785415e-03	-2.49509999997996e-01,-1.04279187153075e-03	-2.50312911433164e-01,3.05186832540040e-03
2.21771771771772e+04	-2.50424944227520e-01,1.25007635388520e-03	-2.48841505580900e-01,-3.13117087651588e-03	-2.49506347459714e-01,-1.05832265944769e-03	-2.50324785822626e-01,3.09503177102328e-03
2.23723723723724e+04	-2.50440266181315e-01,1.26889294587100e-03	-2.48824012709309e-01,-3.17659788874575e-03	-2.49502649966679e-01,-1.07408691368472e-03	-2.50336778214762e-01,3.13878329265177e-03
2.25675675675676e+04	-2.50455814738253e-01,1.28800628059971e-03	-2.48806274751016e-01,-3.22268472997624e-03	-2.49498907626788e-01,-1.09009064800727e-03	-2.50348887791906e-01,3.18313752556568e-03
2.27627627627628e+04	-2.50471592918784e-01,1.30742442879217e-03	-2.48788289465684e-01,-3.26944833916952e-03	-2.49495120590546e-01,-1.10634006037242e-03	-2.50361113628116e-01,3.22810953828834e-03
2.29579579579580e+04	-2.50487603790925e-01,1.32715572596661e-03	-2.48770054635339e-01,-3.31690617816159e-03	-2.49491289053953e-01,-1.12284153993079e-03	-2.50373454682045e-01,3.27371484862613e-03
2.31531531531532e+04	-2.50503850469186e-01,1.34720878306631e-03	-2.48751568069577e-01,-3.36507625175922e-03	-2.49487413262307e-01,-1.13960167422540e-03	-2.50385909789005e-01,3.31996944033634e-03
2.33483483483484e+04	-2.50520336114788e-01,1.36759249775950e-03	-2.48732827610335e-01,-3.41397712882438e-03	-2.49483493513912e-01,-1.15662725674885e-03	-2.50398477652268e-01,3.36688978047328e-03
2.35435435435436e+04	-2.50537063934974e-01,1.38831606616089e-03	-2.48713831138068e-01,-3.46362796417790e-03	-2.49479530164071e-01,-1.17392529481420e-03	-2.50411156833583e-01,3.41449283743855e-03
2.37387387387388e+04	-2.50554037181604e-01,1.40938899505138e-03	-2.48694576577920e-01,-3.51404852155140e-03	-2.49475523629626e-01,-1.19150301773571e-03	-2.50423945743867e-01,3.46279609989966e-03
2.39339339339340e+04	-2.50571259151115e-01,1.43082111485175e-03	-2.48675061906092e-01,-3.56525919760343e-03	-2.49471474393665e-01,-1.20936788537695e-03	-2.50436842632175e-01,3.51181759637855e-03
2.41291291291292e+04	-2.50588733182549e-01,1.45262259300547e-03	-2.48655285157536e-01,-3.61728104693638e-03	-2.49467383009955e-01,-1.22752759715146e-03	-2.50449845575535e-01,3.56157591588922e-03
2.43243243243244e+04	-2.50606462657240e-01,1.47480394822514e-03	-2.48635244433581e-01,-3.67013580831942e-03	-2.49463250108651e-01,-1.24599010128322e-03	-2.50462952465933e-01,3.61209022917503e-03
2.45195195195196e+04	-2.50624450996231e-01,1.49737606516784e-03	-2.48614937910455e-01,-3.72384593209300e-03	-2.49459076402520e-01,-1.26476360445588e-03	-2.50476160998139e-01,3.66338031108919e-03
2.47147147147148e+04	-2.50642701659190e-01,1.52035021004750e-03	-2.48594363848610e-01,-3.77843460881449e-03	-2.49454862691885e-01,-1.28385658211451e-03	-2.50489468656528e-01,3.71546656393089e-03
2.49099099099100e+04	-2.50661218142504e-01,1.54373804692788e-03	-2.48573520602823e-01,-3.83392579921751e-03	-2.49450609871689e-01,-1.30327778898105e-03	-2.50502872699814e-01,3.76837004162808e-03
2.51051051051052e+04	-2.50680003976752e-01,1.56755165476819e-03	-2.48552406631946e-01,-3.89034426572595e-03	-2.49446318939420e-01,-1.32303626997744e-03	-2.50516370145904e-01,3.82211247513048e-03
2.53003003003004e+04	-2.50699062723724e-01,1.59180354528747e-03	-2.48531020512392e-01,-3.94771560504425e-03	-2.49441991000994e-01,-1.34314137197938e-03	-2.50529957755503e-01,3.87671629889037e-03
2.54954954954956e+04	-2.50718397974087e-01,1.61650668184991e-03	-2.48509360949103e-01,-4.00606628275434e-03	-2.49437627280013e-01,-1.36360275569962e-03	-2.50543632014226e-01,3.93220467845929e-03
2.56906906906908e+04	-2.50738013344023e-01,1.64167449919342e-03	-2.48487426789749e-01,-4.06542366923153e-03	-2.49433229125966e-01,-1.38443040831489e-03	-2.50557389113550e-01,3.98860153930361e-03
2.58858858858860e+04	-2.50757912470934e-01,1.66732092407159e-03	-2.48465217039825e-01,-4.12581607728923e-03	-2.49428798023385e-01,-1.40563465660527e-03	-2.50571224930861e-01,4.04593159694766e-03
2.60810810810812e+04	-2.50778099009758e-01,1.69346039707804e-03	-2.48442730877924e-01,-4.18727280176241e-03	-2.49424335602171e-01,-1.42722618060211e-03	-2.50585135007532e-01,4.10422038838256e-03
2.62762762762763e+04	-2.50798576628294e-01,1.72010789551170e-03	-2.48419967673386e-01,-4.24982416081478e-03	-2.49419843647773e-01,-1.44921602797311e-03	-2.50599114525765e-01,4.16349430489421e-03
2.64714714714715e+04	-2.50819349001646e-01,1.74727895732993e-03	-2.48396927004852e-01,-4.31350153930875e-03	-2.49415324113118e-01,-1.47161562888104e-03	-2.50613158283667e-01,4.22378062634051e-03
2.66666666666667e+04	-2.50840419806959e-01,1.77498970647347e-03	-2.48373608680102e-01,-4.37833743428483e-03	-2.49410779130436e-01,-1.49443681166051e-03	-2.50627260668840e-01,4.28510755698404e-03
2.68618618618619e+04	-2.50861792716199e-01,1.80325687927670e-03	-2.48350012758547e-01,-4.44436550250151e-03	-2.49406211024544e-01,-1.51769181909485e-03	-2.50641415629828e-01,4.34750426290082e-03
2.70570570570571e+04	-2.50883471389945e-01,1.83209785249116e-03	-2.48326139573855e-01,-4.51162061051413e-03	-2.49401622327567e-01,-1.54139332532405e-03	-2.50655616644971e-01,4.41100091094274e-03
2.72522522522523e+04	-2.50905459468453e-01,1.86153067247813e-03	-2.48301989760042e-01,-4.58013888697474e-03	-2.49397015793499e-01,-1.56555445371264e-03	-2.50669856690687e-01,4.47562870971733e-03
2.74474474474475e+04	-2.50927760563756e-01,1.89157408618301e-03	-2.48277564278752e-01,-4.64995777760548e-03	-2.49392394414713e-01,-1.59018879535972e-03	-2.50684128205570e-01,4.54141995209506e-03
2.76426426426427e+04	-2.50950378249074e-01,1.92224757344386e-03	-2.48252864449820e-01,-4.72111610271717e-03	-2.49387761440065e-01,-1.61531042834422e-03	-2.50698423052326e-01,4.60840805966981e-03
2.78378378378379e+04	-2.50973316048888e-01,1.95357138128775e-03	-2.48227891982297e-01,-4.79365411788274e-03	-2.49383120392829e-01,-1.64093393809446e-03	-2.50712732478717e-01,4.67662762950351e-03
2.80330330330331e+04	-2.50996577426948e-01,1.98556655983436e-03	-2.48202649010182e-01,-4.86761357725788e-03	-2.49378475091985e-01,-1.66707443827966e-03	-2.50727047072538e-01,4.74611448243921e-03
2.82282282282283e+04	-2.51020165772079e-01,2.01825499994126e-03	-2.48177138130779e-01,-4.94303780007163e-03	-2.49373829674070e-01,-1.69374759278333e-03	-2.50741356715593e-01,4.81690571391808e-03
2.84234234234235e+04	-2.51044084385681e-01,2.05165947336529e-03	-2.48151362443926e-01,-5.01997174081893e-03	-2.49369188615844e-01,-1.72096963879755e-03	-2.50755650534297e-01,4.88903974710963e-03
2.86186186186187e+04	-2.51068336463987e-01,2.08580367436494e-03	-2.48125325598633e-01,-5.09846206222119e-03	-2.49364556760928e-01,-1.74875741045225e-03	-2.50769916844139e-01,4.96255638789947e-03
2.88138138138139e+04	-2.51092925081962e-01,2.12071226413097e-03	-2.48099031838935e-01,-5.17855721262794e-03	-2.49359939346211e-01,-1.77712836391878e-03	-2.50784143093507e-01,5.03749688296478e-03
2.90090090090091e+04	-2.51117853172706e-01,2.15641091704575e-03	-2.48072486057891e-01,-5.26030750652265e-03	-2.49355342031895e-01,-1.80610060319574e-03	-2.50798315800249e-01,5.11390397980804e-03
2.92042042042043e+04	-2.51143123508051e-01,2.19292637002735e-03	-2.48045693852323e-01,-5.34376520971042e-03	-2.49350770933084e-01,-1.83569290717635e-03	-2.50812420484727e-01,5.19182198967144e-03
2.93993993993995e+04	-2.51168738672960e-01,2.23028647373209e-03	-2.48018661585793e-01,-5.42898462811778e-03	-2.49346232653811e-01,-1.86592475776396e-03	-2.50826441598415e-01,5.27129685324849e-03
2.95945945945947e+04	-2.51194701041636e-01,2.26852024726776e-03	-2.47991396453041e-01,-5.51602220171222e-03	-2.49341734324749e-01,-1.89681636896725e-03	-2.50840362445630e-01,5.35237620898889e-03
2.97897897897899e+04	-2.51221012749268e-01,2.30765793549589e-03	-2.47963906553695e-01,-5.60493660241845e-03	-2.49337283641733e-01,-1.92838871751313e-03	-2.50854165099548e-01,5.43510946432553e-03
2.99849849849851e+04	-2.51247675659376e-01,2.34773106911638e-03	-2.47936200969105e-01,-5.69578883750040e-03	-2.49332888910869e-01,-1.96066357398507e-03	-2.50867830312906e-01,5.51954787011208e-03
3.01801801801803e+04	-2.51274691331773e-01,2.38877252869186e-03	-2.47908289848182e-01,-5.78864235763601e-03	-2.49328559092309e-01,-1.99366353606624e-03	-2.50881337420411e-01,5.60574459791808e-03
3.03753753753755e+04	-2.51302060983633e-01,2.43081661141258e-03	-2.47880184498354e-01,-5.88356317076965e-03	-2.49324303853366e-01,-2.02741206186100e-03	-2.50894664233602e-01,5.69375482043702e-03
3.05705705705707e+04	-2.51329785449151e-01,2.47389910191226e-03	-2.47851897486405e-01,-5.98061996122068e-03	-2.49320133620667e-01,-2.06193350540864e-03	-2.50907786928178e-01,5.78363579529694e-03
3.07657657657659e+04	-2.51357865134050e-01,2.51805734668507e-03	-2.47823442746636e-01,-6.07988421495135e-03	-2.49316059639277e-01,-2.09725315286286e-03	-2.50920679922199e-01,5.87544695208820e-03
3.09609609609611e+04	-2.51386299965981e-01,2.56333033251966e-03	-2.47794835699378e-01,-6.18143035075921e-03	-2.49312094036413e-01,-2.13339725986715e-03	-2.50933315743444e-01,5.96924998250069e-03
3.11561561561562e+04	-2.51415089339724e-01,2.60975876909816e-03	-2.47766093378335e-01,-6.28533585819649e-03	-2.49308249890122e-01,-2.17039309010775e-03	-2.50945664888173e-01,6.06510893419523e-03
3.13513513513514e+04	-2.51444232057437e-01,2.65738517606025e-03	-2.47737234570997e-01,-6.39168144177970e-03	-2.49304541303112e-01,-2.20826895504771e-03	-2.50957695666635e-01,6.16309030768544e-03
3.15465465465466e+04	-2.51473726262313e-01,2.70625397455804e-03	-2.47708279970498e-01,-6.50055117229395e-03	-2.49300983482595e-01,-2.24705425473495e-03	-2.50969374037670e-01,6.26326315689305e-03
3.17417417417418e+04	-2.51503569366742e-01,2.75641158382819e-03	-2.47679252340103e-01,-6.61203264544750e-03	-2.49297592828402e-01,-2.28677951915116e-03	-2.50980663427953e-01,6.36569919257967e-03
3.19369369369370e+04	-2.51533757972434e-01,2.80790652266629e-03	-2.47650176694118e-01,-6.72621714760336e-03	-2.49294387025594e-01,-2.32747645103534e-03	-2.50991524538323e-01,6.47047288942717e-03
3.21321321321322e+04	-2.51564287782101e-01,2.86078951598993e-03	-2.47621080492690e-01,-6.84319982963325e-03	-2.49291385148140e-01,-2.36917796863665e-03	-2.51001915133597e-01,6.57766159607928e-03
3.23273273273274e+04	-2.51595153505035e-01,2.91511360750469e-03	-2.47591993856125e-01,-6.96307988823196e-03	-2.49288607767465e-01,-2.41191824986639e-03	-2.51011789814123e-01,6.68734564793948e-03
3.25225225225226e+04	-2.51626348749239e-01,2.97093427714961e-03	-2.47562949797128e-01,-7.08596075560956e-03	-2.49286077074140e-01,-2.45573277577973e-03	-2.51021099769683e-01,6.79960848289938e-03
3.27177177177178e+04	-2.51657865906611e-01,3.02830956530164e-03	-2.47533984474689e-01,-7.21195029727554e-03	-2.49283817006340e-01,-2.50065837497100e-03	-2.51029792511953e-01,6.91453675930710e-03
3.29129129129130e+04	-2.51689696024554e-01,3.08730020257729e-03	-2.47505137470176e-01,-7.34116101840232e-03	-2.49281853391039e-01,-2.54673326720318e-03	-2.51037811585574e-01,7.03222047615803e-03
3.31081081081082e+04	-2.51721828664565e-01,3.14796974583854e-03	-2.47476452090798e-01,-7.47371027806814e-03	-2.49280214097105e-01,-2.59399710638156e-03	-2.51045096252987e-01,7.15275309429870e-03
3.33033033033034e+04	-2.51754251748396e-01,3.21038472103017e-03	-2.47447975696875e-01,-7.60972051291191e-03	-2.49278929200625e-01,-2.64249102266249e-03	-2.51051581155643e-01,7.27623165934746e-03
3.34984984984986e+04	-2.51786951387381e-01,3.27461477221604e-03	-2.47419760063469e-01,-7.74931946812488e-03	-2.49278031164804e-01,-2.69225766268823e-03	-2.51057195943115e-01,7.40275692387701e-03
3.36936936936938e+04	-2.51819911694307e-01,3.34073281710400e-03	-2.47391861772887e-01,-7.89264043718153e-03	-2.49277555035443e-01,-2.74334122750255e-03	-2.51061864873228e-01,7.53243346953103e-03
3.38888888888890e+04	-2.51853114577590e-01,3.40881520952524e-03	-2.47364342643888e-01,-8.03982250942348e-03	-2.49277538652487e-01,-2.79578750753207e-03	-2.51065506377077e-01,7.66536982709586e-03
3.40840840840842e+04	-2.51886539514733e-01,3.47894190850002e-03	-2.47337270201842e-01,-8.19101082476153e-03	-2.49278022879919e-01,-2.84964391350052e-03	-2.51068032585499e-01,7.80167859304192e-03
3.42792792792794e+04	-2.51920163299901e-01,3.55119665297121e-03	-2.47310718191278e-01,-8.34635683558874e-03	-2.49279051856721e-01,-2.90495950193241e-03	-2.51069348817931e-01,7.94147654219252e-03
3.44744744744745e+04	-2.51953959770844e-01,3.62566714402095e-03	-2.47284767138287e-01,-8.50601857417917e-03	-2.49280673265658e-01,-2.96178499532245e-03	-2.51069353024277e-01,8.08488473306074e-03
3.46696696696697e+04	-2.51987899503705e-01,3.70244523178036e-03	-2.47259504964107e-01,-8.67016092532270e-03	-2.49282938630229e-01,-3.02017279309607e-03	-2.51067935179507e-01,8.23202860451572e-03
3.48648648648649e+04	-2.52021949479836e-01,3.78162710851455e-03	-2.47235027658411e-01,-8.83895590198091e-03	-2.49285903632195e-01,-3.08017697442128e-03	-2.51064976625988e-01,8.38303806114491e-03
3.50600600600601e+04	-2.52056072716017e-01,3.86331350557629e-03	-2.47211440014306e-01,-9.01258292304075e-03	-2.49289628459604e-01,-3.14185328853885e-03	-2.51060349360189e-01,8.53804754435912e-03
3.52552552552553e+04	-2.52090227859883e-01,3.94760989491113e-03	-2.47188856435090e-01,-9.19122908998390e-03	-2.49294178183153e-01,-3.20525913156958e-03	-2.51053915254074e-01,8.69719608433648e-03
3.54504504504505e+04	-2.52124368741901e-01,4.03462669246758e-03	-2.47167401817383e-01,-9.37508946026834e-03	-2.49299623163242e-01,-3.27045350709558e-03	-2.51045525212899e-01,8.86062733054381e-03
3.56456456456457e+04	-2.52158443883213e-01,4.12447946312229e-03	-2.47147212516452e-01,-9.56436731458592e-03	-2.49306039494002e-01,-3.33749696622089e-03	-2.51035018257941e-01,9.02848955409066e-03
3.58408408408409e+04	-2.52192395952618e-01,4.21728912453138e-03	-2.47128437406390e-01,-9.75927441251376e-03	-2.49313509481560e-01,-3.40645152505796e-03	-2.51022220531018e-01,9.20093561697538e-03
3.60360360360361e+04	-2.52226161166979e-01,4.31318214734412e-03	-2.47111239041457e-01,-9.96003123230303e-03	-2.49322122165703e-01,-3.47738055323242e-03	-2.51006944211000e-01,9.37812290011542e-03
3.62312312312313e+04	-2.52259668633855e-01,4.41229075037672e-03	-2.47095794925555e-01,-1.01668671898584e-02	-2.49331973879865e-01,-3.55034863131379e-03	-2.50988986341657e-01,9.56021318452844e-03
3.64264264264265e+04	-2.52292839625079e-01,4.51475308539674e-03	-2.47082298905648e-01,-1.03800208278268e-02	-2.49343168860680e-01,-3.62542136835097e-03	-2.50968127555015e-01,9.74737247310964e-03
3.66216216216217e+04	-2.52325586776470e-01,4.62071340785064e-03	-2.47070962698495e-01,-1.05997399669450e-02	-2.49355819902989e-01,-3.70266517548289e-03	-2.50944130689835e-01,9.93977074479029e-03
3.68168168168169e+04	-2.52357813208777e-01,4.73032222905721e-03	-2.47062017559307e-01,-1.08262818105900e-02	-2.49370049069014e-01,-3.78214698594781e-03	-2.50916739292752e-01,1.01375816268217e-02
3.70120120120120e+04	-2.52389411559963e-01,4.84373644282760e-03	-2.47055716113895e-01,-1.10599129874944e-02	-2.49385988449205e-01,-3.86393391437694e-03	-2.50885675992898e-01,1.03409819700715e-02
3.72072072072072e+04	-2.52420262918343e-01,4.96111941821625e-03	-2.47052334358352e-01,-1.13009095216049e-02	-2.49403780982148e-01,-3.94809284380500e-03	-2.50850640749091e-01,1.05501513130355e-02
3.74024024024024e+04	-2.52450235654535e-01,5.08264105176356e-03	-2.47052173849645e-01,-1.15495567091263e-02	-2.49423581331724e-01,-4.03468992995439e-03	-2.50811308950038e-01,1.07652712108035e-02
3.75975975975976e+04	-2.52479184134148e-01,5.20847776532570e-03	-2.47055564101196e-01,-1.18061488828618e-02	-2.49445556826061e-01,-4.12379000850324e-03	-2.50767329366991e-01,1.09865244086998e-02
3.77927927927928e+04	-2.52506947310734e-01,5.33881244020212e-03	-2.47062865195249e-01,-1.20709890421423e-02	-2.49469888457331e-01,-4.21545589084480e-03	-2.50718321948557e-01,1.12140938336928e-02
3.79879879879880e+04	-2.52533347179129e-01,5.47383426877996e-03	-2.47074470637428e-01,-1.23443883168508e-02	-2.49496771943468e-01,-4.30974753049007e-03	-2.50663875450954e-01,1.14481613729989e-02
3.81831831831832e+04	-2.52558187085403e-01,5.61373850830776e-03	-2.47090810465653e-01,-1.26266652348191e-02	-2.49526418851026e-01,-4.40672103992919e-03	-2.50603544896184e-01,1.16889064043711e-02
3.83783783783784e+04	-2.52581249881770e-01,5.75872611542205e-03	-2.47112354632241e-01,-1.29181447535772e-02	-2.49559057771663e-01,-4.50642753758457e-03	-2.50536848858440e-01,1.19365040400510e-02
3.85735735735736e+04	-2.52602295913488e-01,5.90900323546089e-03	-2.47139616679852e-01,-1.32191570096827e-02	-2.49594935554690e-01,-4.60891179586998e-03	-2.50463266568585e-01,1.21911230345892e-02
3.87687687687688e+04	-2.52621060829163e-01,6.06478051827683e-03	-2.47173157723711e-01,-1.35300357348806e-02	-2.49634318578034e-01,-4.71421066610083e-03	-2.50382234850585e-01,1.24529233098202e-02
3.89639639639640e+04	-2.52637253208096e-01,6.22627222747440e-03	-2.47213590757565e-01,-1.38511162762710e-02	-2.49677494053313e-01,-4.82235124484946e-03	-2.50293144883014e-01,1.27220530318243e-02
3.91591591591592e+04	-2.52650551992608e-01,6.39369510188167e-03	-2.47261585295216e-01,-1.41827331496342e-02	-2.49724771341717e-01,-4.93334874927100e-03	-2.50195338809237e-01,1.29986451777495e-02
3.93543543543544e+04	-2.52660603724459e-01,6.56726692510950e-03	-2.47317872351918e-01,-1.45252170450170e-02	-2.49776483263789e-01,-5.04720405992843e-03	-2.50088106209744e-01,1.32828135142566e-02
3.95495495495495e+04	-2.52667019585258e-01,6.74720475114577e-03	-2.47383249776277e-01,-1.48788911858898e-02	-2.49832987367455e-01,-5.16390089073947e-03	-2.49970680461753e-01,1.35746479005759e-02
3.97447447447447e+04	-2.52669372238904e-01,6.93372272357788e-03	-2.47458587910655e-01,-1.52440669406579e-02	-2.49894667118587e-01,-5.28340253974533e-03	-2.49842235045781e-01,1.38742088310642e-02
3.99399399399399e+04	-2.52667192492281e-01,7.12702942162587e-03	-2.47544835583362e-01,-1.56210385525283e-02	-2.49961932966480e-01,-5.40564816928355e-03	-2.49701879827279e-01,1.41815210986414e-02
4.01351351351351e+04	-2.52659965789261e-01,7.32732465443058e-03	-2.47643026380791e-01,-1.60100768571473e-02	-2.50035223214550e-01,-5.53054856999479e-03	-2.49548657419851e-01,1.44965664815257e-02
4.03303303303303e+04	-2.52647128571106e-01,7.53479561712046e-03	-2.47754285161157e-01,-1.64114218233632e-02	-2.50115004624802e-01,-5.65798135242292e-03	-2.49381539706752e-01,1.48192753188392e-02
4.05255255255255e+04	-2.52628064542399e-01,7.74961230896966e-03	-2.47879834732811e-01,-1.68252737410166e-02	-2.50201772657408e-01,-5.78778551719856e-03	-2.49199424657227e-01,1.51495168496575e-02
4.07207207207207e+04	-2.52602100910189e-01,7.97192210999711e-03	-2.48021002589687e-01,-1.72517828611077e-02	-2.50296051223437e-01,-5.91975535940640e-03	-2.49001133599451e-01,1.54870881801175e-02
4.09159159159159e+04	-2.52568504676161e-01,8.20184339738531e-03	-2.48179227561378e-01,-1.76910372732306e-02	-2.50398391813747e-01,-6.05363366481118e-03	-2.48785409149750e-01,1.58317017397474e-02
4.11111111111111e+04	-2.52526479094479e-01,8.43945807917430e-03	-2.48356066190449e-01,-1.81430487875012e-02	-2.50509371827518e-01,-6.18910417454117e-03	-2.48550914049377e-01,1.61829710934045e-02
4.13063063063063e+04	-2.52475160441195e-01,8.68480291752294e-03	-2.48553198586301e-01,-1.86077365777419e-02	-2.50629591899945e-01,-6.32578331045118e-03	-2.48296231214195e-01,1.65403949855101e-02
4.15015015015015e+04	-2.52413615277654e-01,8.93785951179034e-03	-2.48772433438351e-01,-1.90849083340393e-02	-2.50759671991418e-01,-6.46321118266322e-03	-2.48019865369695e-01,1.69033395159603e-02
4.16966966966967e+04	-2.52340838440212e-01,9.19854281833782e-03	-2.49015711791626e-01,-1.95742386711006e-02	-2.50900245963627e-01,-6.60084194069888e-03	-2.47720246710602e-01,1.72710183786383e-02
4.18918918918919e+04	-2.52255752041859e-01,9.46668809799356e-03	-2.49285109078967e-01,-2.00752445607324e-02	-2.51051954339082e-01,-6.73803357747639e-03	-2.47395737108782e-01,1.76424711492432e-02
4.20870870870870e+04	-2.52157205831744e-01,9.74203620686017e-03	-2.49582834807935e-01,-2.05872575779600e-02	-2.51215434893054e-01,-6.87403737364344e-03	-2.47044639476407e-01,1.80165396837273e-02
4.22822822822822e+04	-2.52043979329061e-01,1.00242171886327e-02	-2.49911229152714e-01,-2.11093928195961e-02	-2.51391310720790e-01,-7.00798724356770e-03	-2.46665210974794e-01,1.83918427893830e-02
4.24774774774774e+04	-2.51914786215942e-01,1.03127321851950e-02	-2.50272755578230e-01,-2.16405144312530e-02	-2.51580175387437e-01,-7.13888936844996e-03	-2.46255680849701e-01,1.87667494732730e-02
4.26726726726726e+04	-2.51768281554985e-01,1.06069337721495e-02	-2.50669988456998e-01,-2.21791978193390e-02	-2.51782574790819e-01,-7.26561262216453e-03	-2.45814273736772e-01,1.91393512436073e-02
4.28678678678678e+04	-2.51603072455841e-01,1.09060049331187e-02	-2.51105594496854e-01,-2.27236887978760e-02	-2.51998985391525e-01,-7.38688045838604e-03	-2.45339239340196e-01,1.95074341686645e-02
4.30630630630630e+04	-2.51417732888194e-01,1.12089370478258e-02	-2.51582306639086e-01,-2.32718601739296e-02	-2.52229788540590e-01,-7.50126510618255e-03	-2.44828889397390e-01,1.98684516693414e-02
4.32582582582582e+04	-2.51210823361372e-01,1.15145074460422e-02	-2.52102888974405e-01,-2.38211665828781e-02	-2.52475240770294e-01,-7.60718510848774e-03	-2.44281642796611e-01,2.02194993389936e-02
4.34534534534534e+04	-2.50980916197455e-01,1.18212573130242e-02	-2.52670091133572e-01,-2.43685987940909e-02	-2.52735440106237e-01,-7.70290744255884e-03	-2.43696079605556e-01,2.05572934647588e-02
4.36486486486486e+04	-2.50726627079326e-01,1.21274710058243e-02	-2.53286590604179e-01,-2.49106391945541e-02	-2.53010288747525e-01,-7.78655564226740e-03	-2.43071004531191e-01,2.08781553185239e-02
4.38438438438438e+04	-2.50446653417398e-01,1.24311581287819e-02	-2.53954921534078e-01,-2.54432207262433e-02	-2.53299452840315e-01,-7.85612548943396e-03	-2.42405519981221e-01,2.11780037124067e-02
4.40390390390390e+04	-2.50139819871040e-01,1.27300400466793e-02	-2.54677388818649e-01,-2.59616922189963e-02	-2.53602320562005e-01,-7.90950990750351e-03	-2.41699108376598e-01,2.14523587155130e-02
4.42342342342342e+04	-2.49805131016170e-01,1.30215428185454e-02	-2.55455966738679e-01,-2.64607937447492e-02	-2.53917960321814e-01,-7.94453463259063e-03	-2.40951722650871e-01,2.16963597500329e-02
4.44294294294294e+04	-2.49441830683200e-01,1.33027988146083e-02	-2.56292182108956e-01,-2.69346463315624e-02	-2.54245081550986e-01,-7.95900601098177e-03	-2.40163882978629e-01,2.19048014918741e-02
4.46246246246246e+04	-2.49049466866440e-01,1.35706594537212e-02	-2.57186982899049e-01,-2.73767610048830e-02	-2.54582001270321e-01,-7.95077179408728e-03	-2.39336776682394e-01,2.20721909770529e-02
4.48198198198197e+04	-2.48627960349751e-01,1.38217215337403e-02	-2.58140594615018e-01,-2.77800725848990e-02	-2.54926620298444e-01,-7.91779503647748e-03	-2.38472357020670e-01,2.21928289759187e-02
4.50150150150149e+04	-2.48177674325278e-01,1.40523694457379e-02	-2.59152368380415e-01,-2.81370038380769e-02	-2.55276413483684e-01,-7.85824013094944e-03	-2.37573435258570e-01,2.22609179763152e-02
4.52102102102101e+04	-2.47699481345061e-01,1.42588350737957e-02	-2.60220626602191e-01,-2.84395652839897e-02	-2.55628438607695e-01,-7.77056857436689e-03	-2.36643759147001e-01,2.22706978686547e-02
4.54054054054053e+04	-2.47194823068201e-01,1.44372763829408e-02	-2.61342514216745e-01,-2.86794950832607e-02	-2.55979368391686e-01,-7.65364040884955e-03	-2.35688069921098e-01,2.22166087003811e-02
4.56006006006005e+04	-2.46665757523336e-01,1.45838744761633e-02	-2.62513865655819e-01,-2.88484417457539e-02	-2.56325549247940e-01,-7.50681543931202e-03	-2.34712129315285e-01,2.20934775585595e-02
4.57957957957957e+04	-2.46114988213635e-01,1.46949473772966e-02	-2.63729099526629e-01,-2.89381898982071e-02	-2.56663088864695e-01,-7.33004663448782e-03	-2.33722708184892e-01,2.18967239694403e-02
4.59909909909909e+04	-2.45545869447142e-01,1.47670769333993e-02	-2.64981154283281e-01,-2.89409259246117e-02	-2.56987972408275e-01,-7.12395675619841e-03	-2.32727529290336e-01,2.16225752785990e-02
4.61861861861861e+04	-2.44962382991531e-01,1.47972433030448e-02	-2.66261478449677e-01,-2.88495361241697e-02	-2.57296204102474e-01,-6.88988870768641e-03	-2.31735158824599e-01,2.12682806798835e-02
4.63813813813813e+04	-2.44369082575318e-01,1.47829596550703e-02	-2.67560087874953e-01,-2.86579253553719e-02	-2.57583967498510e-01,-6.62992060874479e-03	-2.30754844367875e-01,2.08323102438695e-02
4.65765765765765e+04	-2.43771004901146e-01,1.47223982543077e-02	-2.68865699731881e-01,-2.83613394629967e-02	-2.57847794308674e-01,-6.34683847947863e-03	-2.29796301020884e-01,2.03145239469267e-02
4.67717717717717e+04	-2.43173548593664e-01,1.46144984111757e-02	-2.70165948381401e-01,-2.79566707427264e-02	-2.58084728813283e-01,-6.04406274823335e-03	-2.28869452162464e-01,1.97162956933506e-02
4.69669669669669e+04	-2.42582325577584e-01,1.44590469918586e-02	-2.71447681950768e-01,-2.74427230168005e-02	-2.58292473229417e-01,-5.72552933007831e-03	-2.27984136101235e-01,1.90405789530818e-02
4.71621621621621e+04	-2.42002992414597e-01,1.42567235528193e-02	-2.72697330949872e-01,-2.68204123762313e-02	-2.58469499598970e-01,-5.39553126853172e-03	-2.27149794211981e-01,1.82919039992447e-02
4.73573573573572e+04	-2.41441071663696e-01,1.40091046296528e-02	-2.73901332308038e-01,-2.60928817987045e-02	-2.58615116021465e-01,-5.05853208440220e-03	-2.26375159286079e-01,1.74763015687552e-02
4.75525525525524e+04	-2.40901774921606e-01,1.37186250288305e-02	-2.75046584916059e-01,-2.52655129278192e-02	-2.58729479348808e-01,-4.71896612219685e-03	-2.25667964238783e-01,1.66011536742899e-02
4.77477477477476e+04	-2.40389839542379e-01,1.33884978000725e-02	-2.76120907294610e-01,-2.43458260837970e-02	-2.58813552260397e-01,-4.38104346595757e-03	-2.25034690636016e-01,1.56749785330967e-02
4.79429429429428e+04	-2.39909389983850e-01,1.30225983167255e-02	-2.77113465455983e-01,-2.33432692439944e-02	-2.58869009040532e-01,-4.04857680899201e-03	-2.24480373704881e-01,1.47071623096009e-02
4.81381381381380e+04	-2.39463832399480e-01,1.26253210303685e-02	-2.78015140071196e-01,-2.22689070933004e-02	-2.58898100282543e-01,-3.72484499604211e-03	-2.24008475873233e-01,1.37076549260153e-02
4.83333333333332e+04	-2.39055787832561e-01,1.22014196025007e-02	-2.78818806819192e-01,-2.11350307756827e-02	-2.58903491098710e-01,-3.41250317828179e-03	-2.23620835025271e-01,1.26866498114884e-02
4.85285285285284e+04	-2.38687065661511e-01,1.17558418468785e-02	-2.79519511728103e-01,-1.99547163083196e-02	-2.58888089497336e-01,-3.11354351090099e-03	-2.23317687352345e-01,1.16542680490252e-02
4.87237237237236e+04	-2.38358675357702e-01,1.12935703879037e-02	-2.80114533302736e-01,-1.87413635657884e-02	-2.58854881153473e-01,-2.82930424913850e-03	-2.23097758715621e-01,1.06202657793977e-02
4.89189189189188e+04	-2.38070871624252e-01,1.08194782341487e-02	-2.80603333774938e-01,-1.75082479122492e-02	-2.58806784142030e-01,-2.56051989002926e-03	-2.22958413545360e-01,9.59378038887902e-03
4.91141141141140e+04	-2.37823225922762e-01,1.03382060103194e-02	-2.80987411391940e-01,-1.62681130383423e-02	-2.58746533028281e-01,-2.30740155651922e-03	-2.22895846958100e-01,8.58312649127195e-03
4.93093093093092e+04	-2.37614716385035e-01,9.85406484493818e-03	-2.81270073026872e-01,-1.50328272452923e-02	-2.58676596925590e-01,-2.06973533364503e-03	-2.22905304199220e-01,7.59564765879735e-03
4.95045045045044e+04	-2.37443828092172e-01,9.37096622970095e-03	-2.81456150795785e-01,-1.38131173956516e-02	-2.58599131613390e-01,-1.84698670589142e-03	-2.22981311649820e-01,6.63762495402676e-03
4.96996996996996e+04	-2.37308656466972e-01,8.89237794022790e-03	-2.81551687642587e-01,-1.26183863996434e-02	-2.58515962212163e-01,-1.63840111663108e-03	-2.23117905192838e-01,5.71423906200789e-03
4.98948948948947e+04	-2.37207007811776e-01,8.42130341441833e-03	-2.81563615345556e-01,-1.14566124911708e-02	-2.58428590582675e-01,-1.44309338531878e-03	-2.23308844284791e-01,4.82957961514310e-03
5.00900900900899e+04	-2.37136492529600e-01,7.96028097846295e-03	-2.81499444838536e-01,-1.03343225408479e-02	-2.58338220590776e-01,-1.26012166116889e-03	-2.23547803160496e-01,3.98669324583996e-03
5.02852852852851e+04	-2.37094608082819e-01,7.51139884292476e-03	-2.81366983974159e-01,-9.25662759582938e-03	-2.58245794447062e-01,-1.08854425490595e-03	-2.23828533779946e-01,3.18766097487342e-03
5.04804804804803e+04	-2.37078810098883e-01,7.07632178870901e-03	-2.81174092736442e-01,-8.22730679446378e-03	-2.58152034180745e-01,-9.27459805376375e-04	-2.24144998041371e-01,2.43369561965410e-03
5.06756756756755e+04	-2.37086571131990e-01,6.65632579681072e-03	-2.80928481083965e-01,-7.24892546614619e-03	-2.58057483578970e-01,-7.76032667331700e-04	-2.24491469239519e-01,1.72525066454342e-03
5.08708708708707e+04	-2.37115427417432e-01,6.25233737853110e-03	-2.80637550539354e-01,-6.32297422813640e-03	-2.57962547315500e-01,-6.33506177714890e-04	-2.24862604593266e-01,1.06213330513222e-03
5.10660660660659e+04	-2.37163014519805e-01,5.86497495000095e-03	-2.80308277538295e-01,-5.45001772114258e-03	-2.57867525280483e-01,-4.99206685666997e-04	-2.25253491916936e-01,4.43615849433584e-04
5.12612612612611e+04	-2.37227093096156e-01,5.49459021360543e-03	-2.79947134449925e-01,-4.62984387065297e-03	-2.57772641205385e-01,-3.72541110806902e-04	-2.25659674208789e-01,-1.31458835316154e-04
5.14564564564563e+04	-2.37305566169797e-01,5.14130802321382e-03	-2.79560042982718e-01,-3.86160688377760e-03	-2.57678065456047e-01,-2.52990392458671e-04	-2.26077156174360e-01,-6.64580734629879e-04
5.16516516516515e+04	-2.37396489315407e-01,4.80506371674482e-03	-2.79152354232545e-01,-3.14395935016856e-03	-2.57583932403292e-01,-1.40100733864751e-04	-2.26502396618213e-01,-1.15748666846083e-03
5.18468468468467e+04	-2.37498075104347e-01,4.48563726836037e-03	-2.78728849710084e-01,-2.47517066263789e-03	-2.57490353079408e-01,-3.34740553978377e-05	-2.26932290310051e-01,-1.61208556512523e-03
5.20420420420419e+04	-2.37608693033252e-01,4.18268393184929e-03	-2.78293758129561e-01,-1.85323046012572e-03	-2.57397423944779e-01,6.72413809773634e-05	-2.27364142496075e-01,-2.03039503394364e-03
5.22372372372371e+04	-2.37726866016066e-01,3.89576127198138e-03	-2.77850783392232e-01,-1.27593691523722e-03	-2.57305232606332e-01,1.62359561368813e-04	-2.27795638700471e-01,-2.41448869640805e-03
5.24324324324322e+04	-2.37851264360019e-01,3.62435265290880e-03	-2.77403139936768e-01,-7.40970477160763e-04	-2.57213861242462e-01,2.52164211835389e-04	-2.28224811969913e-01,-2.76645342205432e-03
5.26276276276274e+04	-2.37980697995121e-01,3.36788736326515e-03	-2.76953592358541e-01,-2.45954176392470e-04	-2.57123388392101e-01,3.36915067550590e-04	-2.28650009231794e-01,-3.08835541718237e-03
5.28228228228226e+04	-2.38114107582427e-01,3.12575763093513e-03	-2.76504496898681e-01,2.11498103798155e-04	-2.57033889637332e-01,4.16852938390527e-04	-2.29069858010794e-01,-3.38221403342338e-03
5.30180180180178e+04	-2.38250554997604e-01,2.89733282114908e-03	-2.76057842999906e-01,6.33743876309212e-04	-2.56945437587424e-01,4.92203674614403e-04	-2.29483234402319e-01,-3.64998218057504e-03
5.32132132132130e+04	-2.38389213577164e-01,2.68197112484602e-03	-2.75615293635371e-01,1.02308330643715e-03	-2.56858101475024e-01,5.63181170140217e-04	-2.29889232898517e-01,-3.89353227488303e-03
5.34084084084082e+04	-2.38529358418600e-01,2.47902904471174e-03	-2.75178223538780e-01,1.38173803241970e-03	-2.56771946574623e-01,6.29989568325794e-04	-2.30287138437184e-01,-4.11464675200198e-03
5.36036036036034e+04	-2.38670356948029e-01,2.28786897279995e-03	-2.74747754785208e-01,1.71183623702791e-03	-2.56687033594992e-01,6.92824819736620e-04	-2.30676400858851e-01,-4.31501227475372e-03
5.37987987987986e+04	-2.38811659906439e-01,2.10786513231382e-03	-2.74324789427296e-01,2.01540279850505e-03	-2.56603418130949e-01,7.51875739782561e-04	-2.31056611830856e-01,-4.49621688434419e-03
5.39939939939938e+04	-2.38952792849655e-01,1.93840813628188e-03	-2.73910039077036e-01,2.29435350311299e-03	-2.56521150228081e-01,8.07324687311560e-04	-2.31427484199426e-01,-4.65974945106572e-03
5.41891891891890e+04	-2.39093348228535e-01,1.77890838009982e-03	-2.73504051455202e-01,2.55049245180686e-03	-2.56440274080848e-01,8.59347969565126e-04	-2.31788833660751e-01,-4.80700087940627e-03
5.43843843843842e+04	-2.39232978068420e-01,1.62879847309294e-03	-2.73107234020204e-01,2.78551193407932e-03	-2.56360827870391e-01,9.08116054819219e-04	-2.32140562613875e-01,-4.93926662697648e-03
5.45795795795794e+04	-2.39371387263658e-01,1.48753487236828e-03	-2.72719874851265e-01,3.00099416359302e-03	-2.56282843729673e-01,9.53793661613592e-04	-2.32482646017056e-01,-5.05775016413026e-03
5.47747747747746e+04	-2.39508327466928e-01,1.35459887455986e-03	-2.72342160992320e-01,3.19841438325413e-03	-2.56206347823963e-01,9.96539771820910e-04	-2.32815119073396e-01,-5.16356708466800e-03
5.49699699699697e+04	-2.39643591558498e-01,1.22949708571848e-03	-2.71974194476580e-01,3.37914494425535e-03	-2.56131360524570e-01,1.03650760712550e-03	-2.33138066562764e-01,-5.25774963205355e-03
5.51651651651649e+04	-2.39777008661487e-01,1.11176147918228e-03	-2.71616006260877e-01,3.54446004002490e-03	-2.56057896660093e-01,1.07384459243860e-03	-2.33451613640541e-01,-5.34125145538253e-03
5.53603603603601e+04	-2.39908439665189e-01,1.00094913296263e-03	-2.71267568290656e-01,3.69554084607875e-03	-2.55985965823804e-01,1.10869232612198e-03	-2.33755917941589e-01,-5.41495245752954e-03
5.55555555555553e+04	-2.40037773226192e-01,8.96641716262005e-04	-2.70928803902550e-01,3.83348087420370e-03	-2.55915572720758e-01,1.14118656794448e-03	-2.34051162829216e-01,-5.47966362444770e-03
5.57507507507505e+04	-2.40164922200776e-01,7.98444792514640e-04	-2.70599596762778e-01,3.95929139128789e-03	-2.55846717542324e-01,1.17145724959691e-03	-2.34337551649667e-01,-5.53613175812157e-03
5.59459459459457e+04	-2.40289820476398e-01,7.05986985500368e-04	-2.70279798521143e-01,4.07390679162371e-03	-2.55779396350651e-01,1.19962851405723e-03	-2.34615302862065e-01,-5.58504405488521e-03
5.61411411411409e+04	-2.40412420160342e-01,6.18919053172594e-04	-2.69969235341067e-01,4.17818984273899e-03	-2.55713601468257e-01,1.22581878058794e-03	-2.34884645930036e-01,-5.62703249056978e-03
5.63363363363361e+04	-2.40532689097105e-01,5.36912898239421e-04	-2.69667713450399e-01,4.27293674748386e-03	-2.55649321862815e-01,1.25014083543189e-03	-2.35145817868708e-01,-5.66267798427895e-03
5.65315315315313e+04	-2.40650608673106e-01,4.59660547342214e-04	-2.69375023849127e-01,4.35888197934633e-03	-2.55586543517003e-01,1.27270194820669e-03	-2.35399060362401e-01,-5.69251432970500e-03
5.67267267267265e+04	-2.40766171886703e-01,3.86873114789257e-04	-2.69090946279331e-01,4.43670287180881e-03	-2.55525249786485e-01,1.29360400626077e-03	-2.35644617366690e-01,-5.71703188289944e-03
5.69219219219217e+04	-2.40879381648568e-01,3.18279771169307e-04	-2.68815252567434e-01,4.50702394257559e-03	-2.55465421735598e-01,1.31294366825219e-03	-2.35882733130115e-01,-5.73668100904039e-03
5.71171171171169e+04	-2.40990249293486e-01,2.53626725807400e-04	-2.68547709420412e-01,4.57042095125267e-03	-2.55407038452465e-01,1.33081253124021e-03	-2.36113650571091e-01,-5.75187528993352e-03
5.73123123123121e+04	-2.41098793272656e-01,1.92676236710057e-04	-2.68288080756714e-01,4.62742468937051e-03	-2.55350077342223e-01,1.34729730830724e-03	-2.36337609961502e-01,-5.76299450186230e-03
5.75075075075072e+04	-2.41205038012096e-01,1.35205651345151e-04	-2.68036129639003e-01,4.67852450813793e-03	-2.55294514396802e-01,1.36248001435516e-03	-2.36554847865830e-01,-5.77038737016156e-03
5.77027027027024e+04	-2.41309012917293e-01,8.10064837701227e-05	-2.67791619864546e-01,4.72417159405885e-03	-2.55240324439949e-01,1.37643815816807e-03	-2.36765596301152e-01,-5.77437411421767e-03
5.78978978978976e+04	-2.41410751500662e-01,2.98835347878196e-05	-2.67554317266236e-01,4.76478200187615e-03	-2.55187481353584e-01,1.38924493531335e-03	-2.36970082082357e-01,-5.77524879367106e-03
5.80930930930928e+04	-2.41510290628697e-01,-1.83459491733401e-05	-2.67323990764856e-01,4.80073945864974e-03	-2.55135958279350e-01,1.40096942366713e-03	-2.37168526321253e-01,-5.77328146705762e-03
5.82882882882880e+04	-2.41607669862448e-01,-6.38530708030327e-05	-2.67100413213362e-01,4.83239795048335e-03	-2.55085727800700e-01,1.41167677738360e-03	-2.37361144059769e-01,-5.76872017791522e-03
5.84834834834832e+04	-2.41702930889375e-01,-1.06798035302828e-04	-2.66883362063079e-01,4.86008410650699e-03	-2.55036762105790e-01,1.42142841842959e-03	-2.37548144009104e-01,-5.76179277703914e-03
5.86786786786784e+04	-2.41796117030263e-01,-1.47330859973392e-04	-2.66672619878904e-01,4.88409939391951e-03	-2.54989033133070e-01,1.43028222410813e-03	-2.37729728382045e-01,-5.75270859558015e-03
5.88738738738736e+04	-2.41887272814617e-01,-1.85592042365353e-04	-2.66467974728775e-01,4.90472213652472e-03	-2.54942512698964e-01,1.43829271061113e-03	-2.37906092800515e-01,-5.74165997909051e-03
5.90690690690688e+04	-2.41976443613948e-01,-2.21713187150578e-04	-2.66269220468479e-01,4.92220936924783e-03	-2.54897172609988e-01,1.44551121121788e-03	-2.38077426265405e-01,-5.72882369346317e-03
5.92642642642640e+04	-2.42063675328394e-01,-2.55817594562384e-04	-2.66076156935265e-01,4.93679854270890e-03	-2.54852984763092e-01,1.45198604747019e-03	-2.38243911176069e-01,-5.71436221232365e-03
5.94594594594592e+04	-2.42149014118146e-01,-2.88020811100083e-04	-2.65888590069246e-01,4.94870908753105e-03	-2.54809921229949e-01,1.45776269545744e-03	-2.38405723393248e-01,-5.69842489699921e-03
5.96546546546544e+04	-2.42232506173919e-01,-3.18431144304181e-04	-2.65706331973971e-01,4.95814384998394e-03	-2.54767954331884e-01,1.46288394434198e-03	-2.38563032333167e-01,-5.68114907597127e-03
5.98498498498496e+04	-2.42314197523476e-01,-3.47150144300215e-04	-2.65529200923577e-01,4.96529041065046e-03	-2.54727056703790e-01,1.46739004828933e-03	-2.38716001089988e-01,-5.66266103400145e-03
6.00450450450447e+04	-2.42394133866818e-01,-3.74273052711802e-04	-2.65357021332638e-01,4.97032229268620e-03	-2.54687201348184e-01,1.47131887161781e-03	-2.38864786576769e-01,-5.64307691667293e-03
6.02402402402399e+04	-2.42472360439554e-01,-3.99889222207322e-04	-2.65189623689197e-01,4.97340007173863e-03	-2.54648361679886e-01,1.47470602741792e-03	-2.39009539684427e-01,-5.62250355943129e-03
6.04354354354351e+04	-2.42548921897076e-01,-4.24082506799581e-04	-2.65026844461834e-01,4.97467239388579e-03	-2.54610511566184e-01,1.47758500795805e-03	-2.39150405450365e-01,-5.60103924567670e-03
6.06306306306303e+04	-2.42623862221669e-01,-4.46931626834533e-04	-2.64868525984740e-01,4.97427690994370e-03	-2.54573625356354e-01,1.47998731005163e-03	-2.39287523236840e-01,-5.57877440148608e-03
6.08258258258255e+04	-2.42697224643257e-01,-4.68510507562574e-04	-2.64714516327576e-01,4.97234113226663e-03	-2.54537677907690e-01,1.48194255273756e-03	-2.39421026914335e-01,-5.55579223155524e-03
6.10210210210207e+04	-2.42769051578284e-01,-4.88888595691427e-04	-2.64564669149751e-01,4.96898322228937e-03	-2.54502644605703e-01,1.48347858882769e-03	-2.39551045048263e-01,-5.53216930176801e-03
6.12162162162159e+04	-2.42839384580751e-01,-5.08131153882277e-04	-2.64418843547421e-01,4.96431271270372e-03	-2.54468501378812e-01,1.48462161059190e-03	-2.39677701086262e-01,-5.50797607258476e-03
6.14114114114111e+04	-2.42908264303568e-01,-5.26299534584447e-04	-2.64276903892780e-01,4.95843117102159e-03	-2.54435224709588e-01,1.48539624925607e-03	-2.39801113546349e-01,-5.48327738830501e-03
6.16066066066063e+04	-2.42975730470568e-01,-5.43451435365258e-04	-2.64138719668682e-01,4.95143280922256e-03	-2.54402791642762e-01,1.48582566863358e-03	-2.39921396202311e-01,-5.45813292502231e-03
6.18018018018015e+04	-2.43041821856803e-01,-5.59641136622935e-04	-2.64004165301125e-01,4.94340504379258e-03	-2.54371179788699e-01,1.48593165390370e-03	-2.40038658267472e-01,-5.43259760175716e-03
6.19969969969967e+04	-2.43106576275443e-01,-5.74919722709413e-04	-2.63873119990751e-01,4.93442901055070e-03	-2.54340367325641e-01,1.48573469456230e-03	-2.40153004574083e-01,-5.40672195712987e-03
6.21921921921919e+04	-2.43170030571437e-01,-5.89335288061626e-04	-2.63745467544156e-01,4.92458003822365e-03	-2.54310332998734e-01,1.48525406282284e-03	-2.40264535749361e-01,-5.38055249521375e-03
6.23873873873871e+04	-2.43232220620346e-01,-6.02933129153001e-04	-2.63621096207400e-01,4.91392808381113e-03	-2.54281056116690e-01,1.48450788742055e-03	-2.40373348386498e-01,-5.35413200277059e-03
6.25825825825822e+04	-2.43293181330525e-01,-6.15755922888817e-04	-2.63499898501209e-01,4.90253813342440e-03	-2.54252516547471e-01,1.48351322270961e-03	-2.40479535211616e-01,-5.32749984080524e-03
6.27777777777774e+04	-2.43352946650942e-01,-6.27843893455125e-04	-2.63381771059468e-01,4.89047057117747e-03	-2.54224694712342e-01,1.48228611361349e-03	-2.40583185243433e-01,-5.30069221156201e-03
6.29729729729726e+04	-2.43411549580502e-01,-6.39234967216705e-04	-2.63266614470907e-01,4.87778151903884e-03	-2.54197571577650e-01,1.48084165700112e-03	-2.40684383950492e-01,-5.27374240487151e-03
6.31681681681678e+04	-2.43469022180326e-01,-6.49964917176053e-04	-2.63154333124780e-01,4.86452314992899e-03	-2.54171128647543e-01,1.47919405858683e-03	-2.40783213400500e-01,-5.24668102369302e-03
6.33633633633630e+04	-2.43525395589163e-01,-6.60067497978430e-04	-2.63044835061324e-01,4.85074397612865e-03	-2.54145347953129e-01,1.47735668729478e-03	-2.40879752405322e-01,-5.21953619189136e-03
6.35585585585582e+04	-2.43580700039137e-01,-6.69574571297710e-04	-2.62938031825767e-01,4.83648911554835e-03	-2.54120212043308e-01,1.47534212543918e-03	-2.40974076660413e-01,-5.19233374530413e-03
6.37537537537534e+04	-2.43634964873743e-01,-6.78516223045607e-04	-2.62833838327281e-01,4.82180053724417e-03	-2.54095703974382e-01,1.47316221603655e-03	-2.41066258878266e-01,-5.16509740737411e-03
6.39489489489486e+04	-2.43688218567139e-01,-6.86920872803774e-04	-2.62732172703403e-01,4.80671728780195e-03	-2.54071807297641e-01,1.47082810773134e-03	-2.41156368917135e-01,-5.13784895102109e-03
6.41441441441438e+04	-2.43740488743595e-01,-6.94815375667616e-04	-2.62632956188201e-01,4.79127570065761e-03	-2.54048506048946e-01,1.46835029614500e-03	-2.41244473903862e-01,-5.11060834748127e-03
6.43393393393390e+04	-2.43791802198021e-01,-7.02225117498352e-04	-2.62536112985258e-01,4.77550958946681e-03	-2.54025784736897e-01,1.46573866307944e-03	-2.41330638352187e-01,-5.08339390362897e-03
6.45345345345342e+04	-2.43842184916810e-01,-7.09174103788970e-04	-2.62441570146664e-01,4.75945042639971e-03	-2.54003628330394e-01,1.46300251339795e-03	-2.41414924275386e-01,-5.05622238828705e-03
6.47297297297294e+04	-2.43891662099870e-01,-7.15685042970614e-04	-2.62349257454303e-01,4.74312750772315e-03	-2.53982022247072e-01,1.46015060935158e-03	-2.41497391294524e-01,-5.02910914883564e-03
6.49249249249246e+04	-2.43940258180467e-01,-7.21779423529342e-04	-2.62259107308818e-01,4.72656810602649e-03	-2.53960952340913e-01,1.45719120300079e-03	-2.41578096742043e-01,-5.00206821874453e-03
6.51201201201197e+04	-2.43987996847730e-01,-7.27477586872430e-04	-2.62171054620199e-01,4.70979761193720e-03	-2.53940404890880e-01,1.45413206633225e-03	-2.41657095760044e-01,-4.97511241654098e-03
6.53153153153149e+04	-2.44034901067826e-01,-7.32798795106689e-04	-2.62085036704627e-01,4.69283966479314e-03	-2.53920366587776e-01,1.45098052008777e-03	-2.41734441395426e-01,-4.94825343753439e-03
6.55105105105101e+04	-2.44080993104645e-01,-7.37761294307762e-04	-2.62000993184768e-01,4.67571627388125e-03	-2.53900824524031e-01,1.44774345993483e-03	-2.41810184689130e-01,-4.92150193795898e-03
6.57057057057053e+04	-2.44126294541148e-01,-7.42382374001496e-04	-2.61918865893943e-01,4.65844793087434e-03	-2.53881766180760e-01,1.44442738191927e-03	-2.41884374763562e-01,-4.89486761338290e-03
6.59009009009005e+04	-2.44170826300122e-01,-7.46678422746228e-04	-2.61838598786173e-01,4.64105371350875e-03	-2.53863179415937e-01,1.44103840603908e-03	-2.41957058903644e-01,-4.86835927037624e-03
6.60960960960957e+04	-2.44214608663575e-01,-7.50664979863355e-04	-2.61760137847075e-01,4.62355138259583e-03	-2.53845052454790e-01,1.43758229778070e-03	-2.42028282636113e-01,-4.84198489333346e-03
6.62912912912909e+04	-2.44257661294009e-01,-7.54356784565841e-04	-2.61683431011156e-01,4.60595747128315e-03	-2.53827373876872e-01,1.43406448938372e-03	-2.42098089803921e-01,-4.81575170586770e-03
6.64864864864861e+04	-2.44300003252546e-01,-7.57767821198033e-04	-2.61608428081719e-01,4.58828736816751e-03	-2.53810132605726e-01,1.43049009909723e-03	-2.42166522638517e-01,-4.78966622794330e-03
6.66816816816813e+04	-2.44341653019475e-01,-7.60911362439776e-04	-2.61535080653143e-01,4.57055539477078e-03	-2.53793317898887e-01,1.42686394924770e-03	-2.42233621827040e-01,-4.76373432821458e-03
6.68768768768765e+04	-2.44382628511346e-01,-7.63800009005916e-04	-2.61463342039145e-01,4.55277487678474e-03	-2.53776919336464e-01,1.42319058367033e-03	-2.42299426578384e-01,-4.73796127300496e-03
6.70720720720717e+04	-2.44422947100498e-01,-7.66445727660346e-04	-2.61393167201190e-01,4.53495821109529e-03	-2.53760926811386e-01,1.41947428370301e-03	-2.42363974685021e-01,-4.71235177130803e-03
6.72672672672669e+04	-2.44462625631536e-01,-7.68859886204128e-04	-2.61324512682544e-01,4.51711692740641e-03	-2.53745330519523e-01,1.41571908329413e-03	-2.42427302582358e-01,-4.68691001653329e-03
6.74624624624621e+04	-2.44501680439490e-01,-7.71053286893954e-04	-2.61257336543433e-01,4.49926174602206e-03	-2.53730120950072e-01,1.41192878321605e-03	-2.42489445405026e-01,-4.66163972508495e-03
6.76576576576573e+04	-2.44540127365977e-01,-7.73036197428960e-04	-2.61191598300009e-01,4.48140263135721e-03	-2.53715288875957e-01,1.40810696449272e-03	-2.42550437041375e-01,-4.63654417230933e-03
6.78528528528524e+04	-2.44577981775547e-01,-7.74818380228033e-04	-2.61127258865700e-01,4.46354884180630e-03	-2.53700825345063e-01,1.40425700085261e-03	-2.42610310184544e-01,-4.61162622554238e-03
6.80480480480476e+04	-2.44615258571446e-01,-7.76409119934499e-04	-2.61064280495363e-01,4.44570897612361e-03	-2.53686721670581e-01,1.40038207076253e-03	-2.42669096382189e-01,-4.58688837501906e-03
6.82432432432428e+04	-2.44651972210888e-01,-7.77817249245465e-04	-2.61002626730853e-01,4.42789101688400e-03	-2.53672969423789e-01,1.39648516815113e-03	-2.42726826082890e-01,-4.56233276222562e-03
6.84384384384380e+04	-2.44688136719817e-01,-7.79051173218727e-04	-2.60942262351177e-01,4.41010237039823e-03	-2.53659560424098e-01,1.39256911329735e-03	-2.42783528681169e-01,-4.53796120639913e-03
6.86336336336332e+04	-2.44723765706981e-01,-7.80118892065397e-04	-2.60883153321636e-01,4.39234990476794e-03	-2.53646486732620e-01,1.38863656220908e-03	-2.42839232560734e-01,-4.51377522916500e-03
6.88288288288284e+04	-2.44758872378261e-01,-7.81028022795581e-04	-2.60825266749519e-01,4.37463998421529e-03	-2.53633740642357e-01,1.38469001639611e-03	-2.42893965134251e-01,-4.48977607699606e-03
6.90240240240236e+04	-2.44793469549446e-01,-7.81785819304638e-04	-2.60768570836553e-01,4.35697850246458e-03	-2.53621314672919e-01,1.38073183095950e-03	-2.42947752883410e-01,-4.46596474259867e-03
6.92192192192188e+04	-2.44827569659689e-01,-7.82399191582538e-04	-2.60713034837913e-01,4.33937091272358e-03	-2.53609201561170e-01,1.37676422332356e-03	-2.43000621395827e-01,-4.44234198441029e-03
6.94144144144140e+04	-2.44861184783860e-01,-7.82874723638305e-04	-2.60658629020499e-01,4.32182225630404e-03	-2.53597394255321e-01,1.37278928061846e-03	-2.43052595400310e-01,-4.41890834468350e-03
6.96096096096092e+04	-2.44894326644483e-01,-7.83218690390906e-04	-2.60605324623880e-01,4.30433718913534e-03	-2.53585885907760e-01,1.36880896703038e-03	-2.43103698801155e-01,-4.39566416645669e-03
6.98048048048044e+04	-2.44927006623576e-01,-7.83437073680116e-04	-2.60553093822754e-01,4.28692000656641e-03	-2.53574669868021e-01,1.36482513073968e-03	-2.43153954710884e-01,-4.37260960928233e-03
6.99999999999996e+04	-2.44959235773922e-01,-7.83535577308328e-04	-2.60501909691057e-01,4.26957466651889e-03	-2.53563739677277e-01,1.36083951012669e-03	-2.43203385480375e-01,-4.34974466354323e-03
7.01951951951948e+04	-2.44991024829933e-01,-7.83519641245421e-04	-2.60451746167846e-01,4.25230481108473e-03	-2.53553089060758e-01,1.35685374019769e-03	-2.43252012729690e-01,-4.32706916427385e-03
7.03903903903899e+04	-2.45022384217888e-01,-7.83394454952631e-04	-2.60402578023975e-01,4.23511378686230e-03	-2.53542711923176e-01,1.35286935794383e-03	-2.43299857375750e-01,-4.30458280352742e-03
7.05855855855851e+04	-2.45053324066635e-01,-7.83164970173049e-04	-2.60354380830952e-01,4.21800466379635e-03	-2.53532602342043e-01,1.34888780796091e-03	-2.43346939659456e-01,-4.28228514204645e-03
7.07807807807803e+04	-2.45083854217218e-01,-7.82835912836635e-04	-2.60307130930809e-01,4.20098025287329e-03	-2.53522754562234e-01,1.34491044749371e-03	-2.43393279171630e-01,-4.26017562009785e-03
7.09759759759755e+04	-2.45113984231756e-01,-7.82411794203630e-04	-2.60260805407238e-01,4.18404312267796e-03	-2.53513162990808e-01,1.34093855117681e-03	-2.43438894878183e-01,-4.23825356762371e-03
7.11711711711707e+04	-2.45143723403272e-01,-7.81896921700595e-04	-2.60215382057833e-01,4.16719561491596e-03	-2.53503822191743e-01,1.33697331556898e-03	-2.43483805143303e-01,-4.21651821346476e-03
7.13663663663659e+04	-2.45173080764462e-01,-7.81295408989843e-04	-2.60170839367702e-01,4.15043985889711e-03	-2.53494726880261e-01,1.33301586357957e-03	-2.43528027752767e-01,-4.19496869419920e-03
7.15615615615611e+04	-2.45202065095312e-01,-7.80611185290575e-04	-2.60127156484507e-01,4.13377778501789e-03	-2.53485871919177e-01,1.32906724819178e-03	-2.43571579934923e-01,-4.17360406202581e-03
7.17567567567563e+04	-2.45230684932594e-01,-7.79848004703730e-04	-2.60084313193498e-01,4.11721113763681e-03	-2.53477252312955e-01,1.32512845657600e-03	-2.43614478382117e-01,-4.15242329242952e-03
7.19519519519515e+04	-2.45258948576552e-01,-7.79009454451703e-04	-2.60042289894833e-01,4.10074148684333e-03	-2.53468863204000e-01,1.32120041347059e-03	-2.43656739270374e-01,-4.13142529108761e-03
7.21471471471467e+04	-2.45286864099487e-01,-7.78098963173546e-04	-2.60001067580888e-01,4.08437023970672e-03	-2.53460699867787e-01,1.31728398469088e-03	-2.43698378278411e-01,-4.11060890033694e-03
7.23423423423419e+04	-2.45314439352485e-01,-7.77119808418818e-04	-2.59960627815156e-01,4.06809865066672e-03	-2.53452757708876e-01,1.31337998026817e-03	-2.43739410605965e-01,-4.08997290520461e-03
7.25375375375371e+04	-2.45341681972680e-01,-7.76075123924538e-04	-2.59920952711612e-01,4.05192783136574e-03	-2.53445032256753e-01,1.30948915749347e-03	-2.43779850991345e-01,-4.06951603900924e-03
7.27327327327323e+04	-2.45368599390068e-01,-7.74967906460651e-04	-2.59882024915096e-01,4.03585875982731e-03	-2.53437519162034e-01,1.30561222373373e-03	-2.43819713728013e-01,-4.04923698850912e-03
7.29279279279274e+04	-2.45395198834554e-01,-7.73801022422436e-04	-2.59843827582463e-01,4.01989228907788e-03	-2.53430214192134e-01,1.30174983925736e-03	-2.43859012680751e-01,-4.02913439875500e-03
7.31231231231226e+04	-2.45421487341343e-01,-7.72577213768839e-04	-2.59806344364531e-01,4.00402915521193e-03	-2.53423113228414e-01,1.29790261958872e-03	-2.43897761301139e-01,-4.00920687757542e-03
7.33183183183178e+04	-2.45447471758033e-01,-7.71299104070915e-04	-2.59769559388440e-01,3.98826998504278e-03	-2.53416212261942e-01,1.29407113808496e-03	-2.43935972642365e-01,-3.98945299974975e-03
7.35135135135130e+04	-2.45473158750158e-01,-7.69969203954141e-04	-2.59733457241680e-01,3.97261530306348e-03	-2.53409507390285e-01,1.29025592815427e-03	-2.43973659372865e-01,-3.96987131075106e-03
7.37087087087082e+04	-2.45498554806787e-01,-7.68589916326654e-04	-2.59698022955218e-01,3.95706553831637e-03	-2.53402994814366e-01,1.28645748538524e-03	-2.44010833790730e-01,-3.95046033050981e-03
7.39039039039034e+04	-2.45523666246289e-01,-7.67163541415851e-04	-2.59663241989026e-01,3.94162103046971e-03	-2.53396670834812e-01,1.28267626967848e-03	-2.44047507836071e-01,-3.93121855659011e-03
7.40990990990986e+04	-2.45548499221434e-01,-7.65692281442125e-04	-2.59629100216725e-01,3.92628203582984e-03	-2.53390531849464e-01,1.27891270704576e-03	-2.44083693103767e-01,-3.91214446732453e-03
7.42942942942938e+04	-2.45573059724766e-01,-7.64178245162381e-04	-2.59595583911352e-01,3.91104873288191e-03	-2.53384574350054e-01,1.27516719151242e-03	-2.44119400855645e-01,-3.89323652471495e-03
7.44894894894890e+04	-2.45597353593370e-01,-7.62623452089488e-04	-2.59562679732621e-01,3.89592122728903e-03	-2.53378794919237e-01,1.27144008685857e-03	-2.44154642031428e-01,-3.87449317695106e-03
7.46846846846842e+04	-2.45621386513734e-01,-7.61029836559880e-04	-2.59530374712813e-01,3.88089955698821e-03	-2.53373190228059e-01,1.26773172820203e-03	-2.44189427260504e-01,-3.85591286102363e-03
7.48798798798794e+04	-2.45645164026297e-01,-7.59399251562848e-04	-2.59498656244900e-01,3.86598369661428e-03	-2.53367757033210e-01,1.26404242355807e-03	-2.44223766872010e-01,-3.83749400487671e-03
7.50750750750746e+04	-2.45668691530097e-01,-7.57733472440805e-04	-2.59467512070391e-01,3.85117356182414e-03	-2.53362492174002e-01,1.26037245539265e-03	-2.44257670905365e-01,-3.81923502958480e-03
7.52702702702698e+04	-2.45691974286748e-01,-7.56034200292979e-04	-2.59436930267220e-01,3.83646901342734e-03	-2.53357392570915e-01,1.25672208178653e-03	-2.44291149119848e-01,-3.80113435124530e-03
7.54654654654649e+04	-2.45715017425080e-01,-7.54303065383904e-04	-2.59406899239353e-01,3.82186986102802e-03	-2.53352455221872e-01,1.25309153802408e-03	-2.44324211004087e-01,-3.78319038279865e-03
7.56606606606601e+04	-2.45737825944783e-01,-7.52541630210338e-04	-2.59377407705577e-01,3.80737586668493e-03	-2.53347677200773e-01,1.24948103765183e-03	-2.44356865785086e-01,-3.76540153567969e-03
7.58558558558553e+04	-2.45760404720303e-01,-7.50751392495960e-04	-2.59348444689281e-01,3.79298674824004e-03	-2.53343055654935e-01,1.24589077371842e-03	-2.44389122437112e-01,-3.74776622139215e-03
7.60510510510505e+04	-2.45782758504608e-01,-7.48933788044089e-04	-2.59319999508558e-01,3.77870218245582e-03	-2.53338587803145e-01,1.24232091984110e-03	-2.44420989689778e-01,-3.73028285285996e-03
7.62462462462457e+04	-2.45804891933069e-01,-7.47090193499042e-04	-2.59292061766639e-01,3.76452180797577e-03	-2.53334270933327e-01,1.23877163130976e-03	-2.44452476036050e-01,-3.71294984572807e-03
7.64414414414409e+04	-2.45826809526550e-01,-7.45221928850660e-04	-2.59264621342850e-01,3.75044522807868e-03	-2.53330102400088e-01,1.23524304617283e-03	-2.44483589740667e-01,-3.69576561969951e-03
7.66366366366361e+04	-2.45848515695217e-01,-7.43330259967756e-04	-2.59237668383460e-01,3.73647201333902e-03	-2.53326079623745e-01,1.23173528598219e-03	-2.44514338846454e-01,-3.67872859940645e-03
7.68318318318313e+04	-2.45870014741192e-01,-7.41416400825291e-04	-2.59211193293304e-01,3.72260170406269e-03	-2.53322200087836e-01,1.22824845680911e-03	-2.44544731182533e-01,-3.66183721563464e-03
7.70270270270265e+04	-2.45891310862478e-01,-7.39481515886146e-04	-2.59185186727758e-01,3.70883381255333e-03	-2.53318461336999e-01,1.22478265015825e-03	-2.44574774370543e-01,-3.64508990612127e-03
7.72222222222217e+04	-2.45912408155493e-01,-7.37526722123738e-04	-2.59159639584654e-01,3.69516782531818e-03	-2.53314860975648e-01,1.22133794367862e-03	-2.44604475831517e-01,-3.62848511644985e-03
7.74174174174169e+04	-2.45933310618014e-01,-7.35553091048051e-04	-2.59134542996432e-01,3.68160320515255e-03	-2.53311396666253e-01,1.21791440193307e-03	-2.44633842792509e-01,-3.61202130087743e-03
7.76126126126121e+04	-2.45954022152196e-01,-7.33561650671066e-04	-2.59109888323561e-01,3.66813939290474e-03	-2.53308066127224e-01,1.21451207721286e-03	-2.44662882292267e-01,-3.59569692294812e-03
7.78078078078073e+04	-2.45974546567387e-01,-7.31553387360695e-04	-2.59085667146292e-01,3.65477580950675e-03	-2.53304867132013e-01,1.21113101008666e-03	-2.44691601187567e-01,-3.57951045621793e-03
7.80030030030024e+04	-2.45994887582556e-01,-7.29529247551618e-04	-2.59061871259396e-01,3.64151185736581e-03	-2.53301797506708e-01,1.20777123021816e-03	-2.44720006158448e-01,-3.56346038475563e-03
7.81981981981976e+04	-2.46015048829021e-01,-7.27490139452988e-04	-2.59038492664049e-01,3.62834692225269e-03	-2.53298855129277e-01,1.20443275684256e-03	-2.44748103714365e-01,-3.54754520379575e-03
7.83933933933928e+04	-2.46035033853038e-01,-7.25436934666417e-04	-2.59015523562273e-01,3.61528037464241e-03	-2.53296037927735e-01,1.20111559942611e-03	-2.44775900198979e-01,-3.53176342012507e-03
7.85885885885880e+04	-2.46054846117777e-01,-7.23370469629905e-04	-2.58992956351011e-01,3.60231157108746e-03	-2.53293343878718e-01,1.19781975822482e-03	-2.44803401795544e-01,-3.51611355256578e-03
7.87837837837832e+04	-2.46074489006361e-01,-7.21291547210935e-04	-2.58970783615851e-01,3.58943985560661e-03	-2.53290771006049e-01,1.19454522482924e-03	-2.44830614531571e-01,-3.50059413231992e-03
7.89789789789784e+04	-2.46093965823415e-01,-7.19200937963037e-04	-2.58948998125351e-01,3.57666456091936e-03	-2.53288317380028e-01,1.19129198254571e-03	-2.44857544283669e-01,-3.48520370332581e-03
7.91741741741736e+04	-2.46113279797710e-01,-7.17099381544760e-04	-2.58927592825672e-01,3.56398500959158e-03	-2.53285981115178e-01,1.18806000706569e-03	-2.44884196782525e-01,-3.46994082265269e-03
7.93693693693688e+04	-2.46132434083955e-01,-7.14987587931197e-04	-2.58906560835426e-01,3.55140051509608e-03	-2.53283760369772e-01,1.18484926676247e-03	-2.44910577616723e-01,-3.45480406065158e-03
7.95645645645640e+04	-2.46151431765181e-01,-7.12866238686230e-04	-2.58885895440349e-01,3.53891038288184e-03	-2.53281653344355e-01,1.18165972317898e-03	-2.44936692237186e-01,-3.43979200123464e-03
7.97597597597592e+04	-2.46170275854474e-01,-7.10735988080247e-04	-2.58865590088364e-01,3.52651391133482e-03	-2.53279658280465e-01,1.17849133145708e-03	-2.44962545961643e-01,-3.42490324214900e-03
7.99549549549544e+04	-2.46188969296984e-01,-7.08597464215296e-04	-2.58845638384897e-01,3.51421039266655e-03	-2.53277773459781e-01,1.17534404067155e-03	-2.44988143978162e-01,-3.41013639507359e-03
8.01501501501496e+04	-2.46207514971826e-01,-7.06451270091814e-04	-2.58826034088331e-01,3.50199911375191e-03	-2.53275997202819e-01,1.17221779423331e-03	-2.45013491349102e-01,-3.39549008579663e-03
8.03453453453448e+04	-2.46225915693556e-01,-7.04297984565373e-04	-2.58806771105541e-01,3.48987935692698e-03	-2.53274327868026e-01,1.16911253021504e-03	-2.45038593015006e-01,-3.38096295437627e-03
8.05405405405400e+04	-2.46244174214351e-01,-7.02138163398279e-04	-2.58787843487578e-01,3.47785040074043e-03	-2.53272763850529e-01,1.16602818172003e-03	-2.45063453797978e-01,-3.36655365521452e-03
8.07357357357351e+04	-2.46262293225584e-01,-6.99972340159498e-04	-2.58769245425362e-01,3.46591152067695e-03	-2.53271303581492e-01,1.16296467713387e-03	-2.45088078405088e-01,-3.35226085712841e-03
8.09309309309303e+04	-2.46280275359264e-01,-6.97801027085852e-04	-2.58750971245960e-01,3.45406198976218e-03	-2.53269945526795e-01,1.15992194048638e-03	-2.45112471431935e-01,-3.33808324345915e-03
8.11261261261255e+04	-2.46298123189693e-01,-6.95624715938016e-04	-2.58733015408607e-01,3.44230107919467e-03	-2.53268688186343e-01,1.15689989169006e-03	-2.45136637365693e-01,-3.32401951208239e-03
8.13213213213207e+04	-2.46315839235136e-01,-6.93443878840079e-04	-2.58715372500834e-01,3.43062805893999e-03	-2.53267530093195e-01,1.15389844680453e-03	-2.45160580588167e-01,-3.31006837543032e-03
8.15165165165159e+04	-2.46333425959141e-01,-6.91258969029829e-04	-2.58698037235088e-01,3.41904219822848e-03	-2.53266469812317e-01,1.15091751835619e-03	-2.45184305379113e-01,-3.29622856055715e-03
8.17117117117111e+04	-2.46350885772181e-01,-6.89070421634290e-04	-2.58681004444959e-01,3.40754276609929e-03	-2.53265505940288e-01,1.14795701548075e-03	-2.45207815918644e-01,-3.28249880904977e-03
8.19069069069063e+04	-2.46368221032743e-01,-6.86878654334297e-04	-2.58664269082032e-01,3.39612903183367e-03	-2.53264637104009e-01,1.14501684423658e-03	-2.45231116290596e-01,-3.26887787711073e-03
8.21021021021015e+04	-2.46385434048961e-01,-6.84684068093751e-04	-2.58647826212482e-01,3.38480026541303e-03	-2.53263861960199e-01,1.14209690776958e-03	-2.45254210484805e-01,-3.25536453545085e-03
8.22972972972967e+04	-2.46402527079791e-01,-6.82487047790906e-04	-2.58631671014019e-01,3.37355573790771e-03	-2.53263179194461e-01,1.13919710654847e-03	-2.45277102399910e-01,-3.24195756928358e-03
8.24924924924919e+04	-2.46419502336365e-01,-6.80287962858545e-04	-2.58615798772579e-01,3.36239472190190e-03	-2.53262587520610e-01,1.13631733854629e-03	-2.45299795845989e-01,-3.22865577828872e-03
8.26876876876871e+04	-2.46436361983139e-01,-6.78087167872973e-04	-2.58600204879648e-01,3.35131649179964e-03	-2.53262085679861e-01,1.13345749944282e-03	-2.45322294546898e-01,-3.21545797653340e-03
8.28828828828823e+04	-2.46453108139136e-01,-6.75885003132440e-04	-2.58584884829313e-01,3.34032032416776e-03	-2.53261672440301e-01,1.13061748276638e-03	-2.45344602142502e-01,-3.20236299237566e-03
8.30780780780775e+04	-2.46469742879120e-01,-6.73681795217478e-04	-2.58569834215213e-01,3.32940549809085e-03	-2.53261346596054e-01,1.12779718009133e-03	-2.45366722191383e-01,-3.18936966846169e-03
8.32732732732726e+04	-2.46486268234633e-01,-6.71477857501976e-04	-2.58555048728390e-01,3.31857129536749e-03	-2.53261106966593e-01,1.12499648119747e-03	-2.45388658172653e-01,-3.17647686156607e-03
8.34684684684678e+04	-2.46502686195261e-01,-6.69273490688668e-04	-2.58540524154130e-01,3.30781700086656e-03	-2.53260952396199e-01,1.12221527420557e-03	-2.45410413488373e-01,-3.16368344254810e-03
8.36636636636630e+04	-2.46518998709506e-01,-6.67068983266912e-04	-2.58526256369745e-01,3.29714190272513e-03	-2.53260881753319e-01,1.11945344572047e-03	-2.45431991465548e-01,-3.15098829623695e-03
8.38588588588582e+04	-2.46535207686009e-01,-6.64864612010464e-04	-2.58512241342048e-01,3.28654529259023e-03	-2.53260893929899e-01,1.11671088097839e-03	-2.45453395358099e-01,-3.13839032132143e-03
8.40540540540534e+04	-2.46551314994377e-01,-6.62660642396402e-04	-2.58498475124998e-01,3.27602646582623e-03	-2.53260987840850e-01,1.11398746396522e-03	-2.45474628348920e-01,-3.12588843025656e-03
8.42492492492486e+04	-2.46567322466181e-01,-6.60457329041568e-04	-2.58484953857440e-01,3.26558472170721e-03	-2.53261162423443e-01,1.11128307754321e-03	-2.45495693551742e-01,-3.11348154914822e-03
8.44444444444438e+04	-2.46583231896020e-01,-6.58254916131765e-04	-2.58471673760807e-01,3.25521936360838e-03	-2.53261416636758e-01,1.10859760356587e-03	-2.45516594012935e-01,-3.10116861762785e-03
8.46396396396390e+04	-2.46599045042318e-01,-6.56053637800816e-04	-2.58458631136964e-01,3.24492969917042e-03	-2.53261749461270e-01,1.10593092296753e-03	-2.45537332713258e-01,-3.08894858872547e-03
8.48348348348342e+04	-2.46614763628254e-01,-6.53853718518248e-04	-2.58445822366241e-01,3.23471504043518e-03	-2.53262159897991e-01,1.10328291592051e-03	-2.45557912569771e-01,-3.07682042878085e-03
8.50300300300294e+04	-2.46630389342605e-01,-6.51655373448093e-04	-2.58433243905261e-01,3.22457470400563e-03	-2.53262646968352e-01,1.10065346186984e-03	-2.45578336437276e-01,-3.06478311727386e-03
8.52252252252246e+04	-2.46645923840716e-01,-6.49458808821259e-04	-2.58420892285038e-01,3.21450801116560e-03	-2.53263209713482e-01,1.09804243966249e-03	-2.45598607109970e-01,-3.05283564670277e-03
8.54204204204198e+04	-2.46661368745014e-01,-6.47264222225177e-04	-2.58408764109054e-01,3.20451428799859e-03	-2.53263847193830e-01,1.09544972761985e-03	-2.45618727323236e-01,-3.04097702248567e-03
8.56156156156150e+04	-2.46676725646081e-01,-6.45071802971305e-04	-2.58396856051517e-01,3.19459286547672e-03	-2.53264558488589e-01,1.09287520363749e-03	-2.45638699754882e-01,-3.02920626278261e-03
8.58108108108101e+04	-2.46691996103314e-01,-6.42881732388592e-04	-2.58385164855431e-01,3.18474307957801e-03	-2.53265342695302e-01,1.09031874525528e-03	-2.45658527026805e-01,-3.01752239838859e-03
8.60060060060053e+04	-2.46707181645759e-01,-6.40694184133296e-04	-2.58373687330828e-01,3.17496427137788e-03	-2.53266198929443e-01,1.08778022972895e-03	-2.45678211706356e-01,-3.00592447258538e-03
8.62012012012005e+04	-2.46722283772603e-01,-6.38509324442010e-04	-2.58362420353314e-01,3.16525578708926e-03	-2.53267126324010e-01,1.08525953409627e-03	-2.45697756307695e-01,-2.99441154099690e-03
8.63963963963957e+04	-2.46737303954253e-01,-6.36327312462583e-04	-2.58351360862102e-01,3.15561697818434e-03	-2.53268124029035e-01,1.08275653525459e-03	-2.45717163293175e-01,-2.98298267145725e-03
8.65915915915909e+04	-2.46752243632606e-01,-6.34148300455731e-04	-2.58340505858720e-01,3.14604720140758e-03	-2.53269191211239e-01,1.08027111001703e-03	-2.45736435074708e-01,-2.97163694387744e-03
8.67867867867861e+04	-2.46767104222024e-01,-6.31972434096524e-04	-2.58329852405388e-01,3.13654581884557e-03	-2.53270327053524e-01,1.07780313518858e-03	-2.45755574014929e-01,-2.96037345008810e-03
8.69819819819813e+04	-2.46781887109907e-01,-6.29799852707585e-04	-2.58319397623340e-01,3.12711219799703e-03	-2.53271530754788e-01,1.07535248759058e-03	-2.45774582428467e-01,-2.94919129370621e-03
8.71771771771765e+04	-2.46796593657272e-01,-6.27630689485695e-04	-2.58309138691559e-01,3.11774571178854e-03	-2.53272801529374e-01,1.07291904414311e-03	-2.45793462583201e-01,-2.93808959000071e-03
8.73723723723717e+04	-2.46811225199286e-01,-6.25465071716118e-04	-2.58299072845450e-01,3.10844573859358e-03	-2.53274138606793e-01,1.07050268190222e-03	-2.45812216701331e-01,-2.92706746573612e-03
8.75675675675669e+04	-2.46825783046219e-01,-6.23303121043126e-04	-2.58289197375067e-01,3.09921166232174e-03	-2.53275541231440e-01,1.06810327809505e-03	-2.45830846960464e-01,-2.91612405902772e-03
8.77627627627621e+04	-2.46840268483479e-01,-6.21144953599537e-04	-2.58279509624409e-01,3.09004287234895e-03	-2.53277008661978e-01,1.06572071020782e-03	-2.45849355494914e-01,-2.90525851922888e-03
8.79579579579573e+04	-2.46854682772642e-01,-6.18990680274670e-04	-2.58270006989419e-01,3.08093876363939e-03	-2.53278540171471e-01,1.06335485595557e-03	-2.45867744396539e-01,-2.89447000675629e-03
8.81531531531525e+04	-2.46869027151842e-01,-6.16840406885366e-04	-2.58260686917311e-01,3.07189873667273e-03	-2.53280135046477e-01,1.06100559341186e-03	-2.45886015715927e-01,-2.88375769297319e-03
8.83483483483476e+04	-2.46883302836294e-01,-6.14694234361175e-04	-2.58251546904963e-01,3.06292219751045e-03	-2.53281792587233e-01,1.05867280096924e-03	-2.45904171463296e-01,-2.87312076003281e-03
8.85435435435428e+04	-2.46897511018704e-01,-6.12552258904643e-04	-2.58242584498037e-01,3.05400855775376e-03	-2.53283512107152e-01,1.05635635740259e-03	-2.45922213609475e-01,-2.86255840073797e-03
8.87387387387380e+04	-2.46911652870076e-01,-6.10414572212788e-04	-2.58233797289562e-01,3.04515723458441e-03	-2.53285292932389e-01,1.05405614192441e-03	-2.45940144086931e-01,-2.85206981841896e-03
8.89339339339332e+04	-2.46925729539813e-01,-6.08281261579476e-04	-2.58225182918891e-01,3.03636765074877e-03	-2.53287134401908e-01,1.05177203416162e-03	-2.45957964790658e-01,-2.84165422678563e-03
8.91291291291284e+04	-2.46939742156589e-01,-6.06152410118396e-04	-2.58216739070755e-01,3.02763923453096e-03	-2.53289035866783e-01,1.04950391424469e-03	-2.45975677578948e-01,-2.83131084977534e-03
8.93243243243236e+04	-2.46953691828518e-01,-6.04028096868887e-04	-2.58208463473955e-01,3.01897141978047e-03	-2.53290996690168e-01,1.04725166280243e-03	-2.45993284274560e-01,-2.82103892145906e-03
8.95195195195188e+04	-2.46967579643801e-01,-6.01908396974896e-04	-2.58200353900671e-01,3.01036364584761e-03	-2.53293016246999e-01,1.04501516098539e-03	-2.46010786665055e-01,-2.81083768583258e-03
8.97147147147140e+04	-2.46981406670995e-01,-5.99793381800239e-04	-2.58192408165019e-01,3.00181535763381e-03	-2.53295093923789e-01,1.04279429048814e-03	-2.46028186504186e-01,-2.80070639676334e-03
8.99099099099092e+04	-2.46995173959632e-01,-5.97683119095110e-04	-2.58184624122394e-01,2.99332600552737e-03	-2.53297229118110e-01,1.04058893360586e-03	-2.46045485512445e-01,-2.79064431782373e-03
9.01051051051044e+04	-2.47008882540537e-01,-5.95577673111178e-04	-2.58176999668567e-01,2.98489504537524e-03	-2.53299421238701e-01,1.03839897320317e-03	-2.46062685377543e-01,-2.78065072211220e-03
9.03003003002996e+04	-2.47022533426167e-01,-5.93477104721206e-04	-2.58169532738403e-01,2.97652193851335e-03	-2.53301669704997e-01,1.03622429276973e-03	-2.46079787755832e-01,-2.77072489222227e-03
9.04954954954948e+04	-2.47036127611262e-01,-5.91381471576377e-04	-2.58162221305443e-01,2.96820615167222e-03	-2.53303973946858e-01,1.03406477643937e-03	-2.46096794272328e-01,-2.76086612000764e-03
9.06906906906900e+04	-2.47049666072877e-01,-5.89290828173369e-04	-2.58155063380587e-01,2.95994715701288e-03	-2.53306333404658e-01,1.03192030896465e-03	-2.46113706521920e-01,-2.75107370652639e-03
9.08858858858851e+04	-2.47063149771009e-01,-5.87205226005347e-04	-2.58148057011582e-01,2.95174443205178e-03	-2.53308747528591e-01,1.02979077579614e-03	-2.46130526069941e-01,-2.74134696189657e-03
9.10810810810803e+04	-2.47076579649041e-01,-5.85124713680586e-04	-2.58141200281939e-01,2.94359745966500e-03	-2.53311215778857e-01,1.02767606304285e-03	-2.46147254452625e-01,-2.73168520513668e-03
9.12762762762755e+04	-2.47089956633817e-01,-5.83049336988266e-04	-2.58134491310287e-01,2.93550572803480e-03	-2.53313737625241e-01,1.02557605751197e-03	-2.46163893178101e-01,-2.72208776409242e-03
9.14714714714707e+04	-2.47103281636179e-01,-5.80979139026605e-04	-2.58127928249623e-01,2.92746873061154e-03	-2.53316312546942e-01,1.02349064671759e-03	-2.46180443726772e-01,-2.71255397527269e-03
9.16666666666659e+04	-2.47116555551309e-01,-5.78914160302479e-04	-2.58121509286285e-01,2.91948596611512e-03	-2.53318940032461e-01,1.02141971887926e-03	-2.46196907552117e-01,-2.70308318375730e-03
9.18618618618611e+04	-2.47129779259001e-01,-5.76854438816624e-04	-2.58115232639586e-01,2.91155693844729e-03	-2.53321619579238e-01,1.01936316295383e-03	-2.46213286081139e-01,-2.69367474305000e-03
9.20570570570563e+04	-2.47142953624004e-01,-5.74800010155647e-04	-2.58109096560770e-01,2.90368115669965e-03	-2.53324350693616e-01,1.01732086862585e-03	-2.46229580715121e-01,-2.68432801498577e-03
9.22522522522515e+04	-2.47156079496395e-01,-5.72750907590784e-04	-2.58103099332517e-01,2.89585813508496e-03	-2.53327132890564e-01,1.01529272632573e-03	-2.46245792829999e-01,-2.67504236958409e-03
9.24474474474467e+04	-2.47169157711829e-01,-5.70707162152587e-04	-2.58097239268164e-01,2.88808739291319e-03	-2.53329965693491e-01,1.01327862723924e-03	-2.46261923777100e-01,-2.66581718495803e-03
9.26426426426419e+04	-2.47182189091756e-01,-5.68668802702656e-04	-2.58091514711001e-01,2.88036845455434e-03	-2.53332848634188e-01,1.01127846329900e-03	-2.46277974883676e-01,-2.65665184719585e-03
9.28378378378371e+04	-2.47195174444007e-01,-5.66635856050955e-04	-2.58085924033695e-01,2.87270084938945e-03	-2.53335781252467e-01,1.00929212721443e-03	-2.46293947453254e-01,-2.64754575022677e-03
9.30330330330323e+04	-2.47208114562712e-01,-5.64608346981556e-04	-2.58080465637604e-01,2.86508411177436e-03	-2.53338763096167e-01,1.00731951245327e-03	-2.46309842766406e-01,-2.63849829573996e-03
9.32282282282275e+04	-2.47221010228855e-01,-5.62586298365829e-04	-2.58075137952210e-01,2.85751778099488e-03	-2.53341793720860e-01,1.00536051326618e-03	-2.46325662081050e-01,-2.62950889304812e-03
9.34234234234226e+04	-2.47233862210374e-01,-5.60569731207002e-04	-2.58069939434531e-01,2.85000140121636e-03	-2.53344872689799e-01,1.00341502467351e-03	-2.46341406632984e-01,-2.62057695898464e-03
9.36186186186178e+04	-2.47246671262559e-01,-5.58558664727329e-04	-2.58064868568387e-01,2.84253452146633e-03	-2.53347999573634e-01,1.00148294248786e-03	-2.46357077636517e-01,-2.61170191781668e-03
9.38138138138130e+04	-2.47259438128211e-01,-5.56553116420486e-04	-2.58059923863986e-01,2.83511669556687e-03	-2.53351173950398e-01,9.99564163297703e-04	-2.46372676284736e-01,-2.60288320111095e-03
9.40090090090082e+04	-2.47272163538040e-01,-5.54553102134175e-04	-2.58055103857279e-01,2.82774748210345e-03	-2.53354395405203e-01,9.97658584490767e-04	-2.46388203750050e-01,-2.59412024764286e-03
9.42042042042034e+04	-2.47284848210662e-01,-5.52558636098502e-04	-2.58050407109503e-01,2.82042644436842e-03	-2.53357663530274e-01,9.95766104231154e-04	-2.46403661184624e-01,-2.58541250329092e-03
9.43993993993986e+04	-2.47297492853091e-01,-5.50569731016838e-04	-2.58045832206543e-01,2.81315315033276e-03	-2.53360977924699e-01,9.93886621476328e-04	-2.46419049720768e-01,-2.57675942092842e-03
9.45945945945938e+04	-2.47310098160840e-01,-5.48586398107294e-04	-2.58041377758498e-01,2.80592717258883e-03	-2.53364338194234e-01,9.92020035985246e-04	-2.46434370471475e-01,-2.56816046034240e-03
9.47897897897890e+04	-2.47322664818150e-01,-5.46608647155909e-04	-2.58037042399136e-01,2.79874808831275e-03	-2.53367743951307e-01,9.90166248300117e-04	-2.46449624530717e-01,-2.55961508811357e-03
9.49849849849842e+04	-2.47335193498378e-01,-5.44636486591303e-04	-2.58032824785402e-01,2.79161547921802e-03	-2.53371194814737e-01,9.88325159766677e-04	-2.46464812973852e-01,-2.55112277752464e-03
9.51801801801794e+04	-2.47347684863918e-01,-5.42669923498537e-04	-2.58028723596913e-01,2.78452893151560e-03	-2.53374690409828e-01,9.86496672504389e-04	-2.46479936858093e-01,-2.54268300847171e-03
9.53753753753746e+04	-2.47360139566762e-01,-5.40708963711743e-04	-2.58024737535575e-01,2.77748803585552e-03	-2.53378230367930e-01,9.84680689446925e-04	-2.46494997222779e-01,-2.53429526735702e-03
9.55705705705698e+04	-2.47372558248319e-01,-5.38753611811521e-04	-2.58020865325070e-01,2.77049238729251e-03	-2.53381814326622e-01,9.82877114301950e-04	-2.46509995089892e-01,-2.52595904701153e-03
9.57657657657650e+04	-2.47384941540050e-01,-5.36803871228099e-04	-2.58017105710383e-01,2.76354158524143e-03	-2.53385441929365e-01,9.81085851577579e-04	-2.46524931464227e-01,-2.51767384658062e-03
9.59609609609601e+04	-2.47397290063339e-01,-5.34859744242527e-04	-2.58013457457410e-01,2.75663523342933e-03	-2.53389112825490e-01,9.79306806570317e-04	-2.46539807333941e-01,-2.50943917145669e-03
9.61561561561553e+04	-2.47409604429852e-01,-5.32921232050350e-04	-2.58009919352520e-01,2.74977293985033e-03	-2.53392826670094e-01,9.77539885358182e-04	-2.46554623670723e-01,-2.50125453316839e-03
9.63513513513505e+04	-2.47421885241619e-01,-5.30988334789796e-04	-2.58006490202121e-01,2.74295431672465e-03	-2.53396583123889e-01,9.75784994806390e-04	-2.46569381430303e-01,-2.49311944931389e-03
9.65465465465457e+04	-2.47434133091279e-01,-5.29061051589549e-04	-2.58003168832343e-01,2.73617898044294e-03	-2.53400381853084e-01,9.74042042564974e-04	-2.46584081552641e-01,-2.48503344345594e-03
9.67417417417409e+04	-2.47446348562329e-01,-5.27139380614570e-04	-2.57999954088518e-01,2.72944655153663e-03	-2.53404222529316e-01,9.72310937061724e-04	-2.46598724962274e-01,-2.47699604504015e-03
9.69369369369361e+04	-2.47458532229226e-01,-5.25223319095450e-04	-2.57996844834830e-01,2.72275665463043e-03	-2.53408104829530e-01,9.70591587500930e-04	-2.46613312568668e-01,-2.46900678931528e-03
9.71321321321313e+04	-2.47470684657494e-01,-5.23312863355024e-04	-2.57993839954053e-01,2.71610891838368e-03	-2.53412028435839e-01,9.68883903865861e-04	-2.46627845266533e-01,-2.46106521725107e-03
9.73273273273265e+04	-2.47482806404016e-01,-5.21408008858595e-04	-2.57990938347031e-01,2.70950297546436e-03	-2.53415993035525e-01,9.67187796901955e-04	-2.46642323936032e-01,-2.45317087544584e-03
9.75225225225217e+04	-2.47494898017175e-01,-5.19508750245722e-04	-2.57988138932366e-01,2.70293846249975e-03	-2.53419998320815e-01,9.65503178130003e-04	-2.46656749443184e-01,-2.44532331605964e-03
9.77177177177169e+04	-2.47506960036899e-01,-5.17615081345429e-04	-2.57985440646088e-01,2.69641502003255e-03	-2.53424043988880e-01,9.63829959831207e-04	-2.46671122640159e-01,-2.43752209673596e-03
9.79129129129121e+04	-2.47518992995114e-01,-5.15726995247677e-04	-2.57982842441373e-01,2.68993229246747e-03	-2.53428129741686e-01,9.62168055048514e-04	-2.46685444365239e-01,-2.42976678048350e-03
9.81081081081073e+04	-2.47530997415543e-01,-5.13844484284535e-04	-2.57980343288041e-01,2.68348992805079e-03	-2.53432255285892e-01,9.60517377586761e-04	-2.46699715443631e-01,-2.42205693566822e-03
9.83033033033025e+04	-2.47542973813972e-01,-5.11967540079518e-04	-2.57977942172431e-01,2.67708757880106e-03	-2.53436420332890e-01,9.58877841989308e-04	-2.46713936687289e-01,-2.41439213588059e-03
9.84984984984976e+04	-2.47554922698561e-01,-5.10096153590885e-04	-2.57975638096921e-01,2.67072490048940e-03	-2.53440624598513e-01,9.57249363563714e-04	-2.46728108895374e-01,-2.40677195988687e-03
9.86936936936928e+04	-2.47566844569843e-01,-5.08230315124064e-04	-2.57973430079686e-01,2.66440155258450e-03	-2.53444867803170e-01,9.55631858345185e-04	-2.46742232854356e-01,-2.39919599153637e-03
9.88888888888880e+04	-2.47578739920809e-01,-5.06370014349618e-04	-2.57971317154430e-01,2.65811719821150e-03	-2.53449149671528e-01,9.54025243125087e-04	-2.46756309338522e-01,-2.39166381972181e-03
9.90840840840832e+04	-2.47590609237266e-01,-5.04515240355045e-04	-2.57969298369964e-01,2.65187150412105e-03	-2.53453469932649e-01,9.52429435417936e-04	-2.46770339109902e-01,-2.38417503826882e-03
9.92792792792784e+04	-2.47602452997734e-01,-5.02665981642107e-04	-2.57967372790068e-01,2.64566414063233e-03	-2.53457828319742e-01,9.50844353476588e-04	-2.46784322918751e-01,-2.37672924589560e-03
9.94744744744736e+04	-2.47614271673683e-01,-5.00822226161539e-04	-2.57965539493121e-01,2.63949478160166e-03	-2.53462224570213e-01,9.49269916274698e-04	-2.46798261503647e-01,-2.36932604612779e-03
9.96696696696688e+04	-2.47626065729735e-01,-4.98983961345421e-04	-2.57963797571817e-01,2.63336310438311e-03	-2.53466658425503e-01,9.47706043508655e-04	-2.46812155591715e-01,-2.36196504723028e-03
9.98648648648640e+04	-2.47637835623675e-01,-4.97151174115279e-04	-2.57962146132879e-01,2.62726878978922e-03	-2.53471129631070e-01,9.46152655589484e-04	-2.46826005898941e-01,-2.35464586215178e-03
1.00060060060059e+05	-2.47649581806545e-01,-4.95323850899058e-04	-2.57960584296932e-01,2.62121152203557e-03	-2.53475637936255e-01,9.44609673642592e-04	-2.46839813130321e-01,-2.34736810844922e-03
1.00255255255254e+05	-2.47661304722955e-01,-4.93501977676690e-04	-2.57959111198053e-01,2.61519098872365e-03	-2.53480183094251e-01,9.43077019499250e-04	-2.46853577980046e-01,-2.34013140822248e-03
1.00450450450450e+05	-2.47673004810987e-01,-4.91685539971788e-04	-2.57957725983636e-01,2.60920688078710e-03	-2.53484764862078e-01,9.41554615685319e-04	-2.46867301131740e-01,-2.33293538805229e-03
1.00645645645645e+05	-2.47684682502539e-01,-4.89874522899149e-04	-2.57956427814101e-01,2.60325889245980e-03	-2.53489383000380e-01,9.40042385433770e-04	-2.46880983258637e-01,-2.32577967893336e-03
1.00840840840840e+05	-2.47696338223134e-01,-4.88068911147832e-04	-2.57955215862711e-01,2.59734672122743e-03	-2.53494037273480e-01,9.38540252663461e-04	-2.46894625023868e-01,-2.31866391622629e-03
1.01036036036035e+05	-2.47707972392364e-01,-4.86268689037291e-04	-2.57954089315181e-01,2.59147006781125e-03	-2.53498727449306e-01,9.37048141975518e-04	-2.46908227080512e-01,-2.31158773957598e-03
1.01231231231230e+05	-2.47719585423719e-01,-4.84473840502431e-04	-2.57953047369684e-01,2.58562863609893e-03	-2.53503453299261e-01,9.35565978655725e-04	-2.46921790071867e-01,-2.30455079286421e-03
1.01426426426426e+05	-2.47731177724900e-01,-4.82684349134482e-04	-2.57952089236387e-01,2.57982213313825e-03	-2.53508214598198e-01,9.34093688665628e-04	-2.46935314631645e-01,-2.29755272414998e-03
1.01621621621621e+05	-2.47742749697818e-01,-4.80900198185225e-04	-2.57951214137362e-01,2.57405026908127e-03	-2.53513011124396e-01,9.32631198630338e-04	-2.46948801384066e-01,-2.29059318560305e-03
1.01816816816816e+05	-2.47754301738681e-01,-4.79121370579254e-04	-2.57950421306345e-01,2.56831275715379e-03	-2.53517842659439e-01,9.31178435844886e-04	-2.46962250944157e-01,-2.28367183345767e-03
1.02012012012011e+05	-2.47765834238174e-01,-4.77347848940692e-04	-2.57949709988598e-01,2.56260931360908e-03	-2.53522708988100e-01,9.29735328271272e-04	-2.46975663917810e-01,-2.27678832794562e-03
1.02207207207206e+05	-2.47777347581477e-01,-4.75579615597681e-04	-2.57949079440492e-01,2.55693965771602e-03	-2.53527609898502e-01,9.28301804509576e-04	-2.46989040902018e-01,-2.26994233324780e-03
1.02402402402401e+05	-2.47788842148489e-01,-4.73816652610329e-04	-2.57948528929490e-01,2.55130351170162e-03	-2.53532545181828e-01,9.26877793818538e-04	-2.47002382484967e-01,-2.26313351742968e-03
1.02597597597597e+05	-2.47800318313675e-01,-4.72058941756316e-04	-2.57948057733922e-01,2.54570060072255e-03	-2.53537514632423e-01,9.25463226094290e-04	-2.47015689246314e-01,-2.25636155240282e-03
1.02792792792792e+05	-2.47811776446441e-01,-4.70306464577824e-04	-2.57947665142753e-01,2.54013065282921e-03	-2.53542518047606e-01,9.24058031877721e-04	-2.47028961757220e-01,-2.24962611385576e-03
1.02987987987987e+05	-2.47823216911072e-01,-4.68559202375436e-04	-2.57947350455376e-01,2.53459339893818e-03	-2.53547555227699e-01,9.22662142341595e-04	-2.47042200580601e-01,-2.24292688121367e-03
1.03183183183182e+05	-2.47834640066794e-01,-4.66817136217400e-04	-2.57947112981425e-01,2.52908857279616e-03	-2.53552625976079e-01,9.21275489271740e-04	-2.47055406271195e-01,-2.23626353757707e-03
1.03378378378377e+05	-2.47846046268026e-01,-4.65080246971367e-04	-2.57946952040658e-01,2.52361591093862e-03	-2.53557730098828e-01,9.19898005097834e-04	-2.47068579375777e-01,-2.22963576967893e-03
1.03573573573573e+05	-2.47857435864210e-01,-4.63348515285331e-04	-2.57946866962769e-01,2.51817515265883e-03	-2.53562867405026e-01,9.18529622846172e-04	-2.47081720433234e-01,-2.22304326782588e-03
1.03768768768768e+05	-2.47868809200108e-01,-4.61621921625105e-04	-2.57946857087138e-01,2.51276603998363e-03	-2.53568037706435e-01,9.17170276167875e-04	-2.47094829974820e-01,-2.21648572586324e-03
1.03963963963963e+05	-2.47880166615825e-01,-4.59900446276369e-04	-2.57946921762695e-01,2.50738831763572e-03	-2.53573240817648e-01,9.15819899307689e-04	-2.47107908524125e-01,-2.20996284110755e-03
1.04159159159158e+05	-2.47891508446861e-01,-4.58184069353142e-04	-2.57947060347752e-01,2.50204173300255e-03	-2.53578476555923e-01,9.14478427115541e-04	-2.47120956597362e-01,-2.20347431431431e-03
1.04354354354353e+05	-2.47902835024175e-01,-4.56472770805884e-04	-2.57947272209913e-01,2.49672603609659e-03	-2.53583744741131e-01,9.13145795038921e-04	-2.47133974703439e-01,-2.19701984962622e-03
1.04549549549549e+05	-2.47914146674306e-01,-4.54766530435399e-04	-2.57947556725802e-01,2.49144097953694e-03	-2.53589045195785e-01,9.11821939112087e-04	-2.47146963344089e-01,-2.19059915452540e-03
1.04744744744744e+05	-2.47925443719477e-01,-4.53065327905261e-04	-2.57947913280974e-01,2.48618631850872e-03	-2.53594377744926e-01,9.10506795956258e-04	-2.47159923013960e-01,-2.18421193978405e-03
1.04939939939939e+05	-2.47936726477565e-01,-4.51369142741784e-04	-2.57948341269668e-01,2.48096181074426e-03	-2.53599742216198e-01,9.09200302761502e-04	-2.47172854200814e-01,-2.17785791942996e-03
1.05135135135134e+05	-2.47947995262252e-01,-4.49677954348089e-04	-2.57948840094806e-01,2.47576721647726e-03	-2.53605138439623e-01,9.07902397303019e-04	-2.47185757385623e-01,-2.17153681069598e-03
1.05330330330329e+05	-2.47959250383029e-01,-4.47991742007013e-04	-2.57949409167787e-01,2.47060229841614e-03	-2.53610566247723e-01,9.06613017916245e-04	-2.47198633042622e-01,-2.16524833397207e-03
1.05525525525525e+05	-2.47970492145434e-01,-4.46310484907474e-04	-2.57950047908207e-01,2.46546682173345e-03	-2.53616025475411e-01,9.05332103500300e-04	-2.47211481639476e-01,-2.15899221276751e-03
1.05720720720720e+05	-2.47981720850839e-01,-4.44634162121212e-04	-2.57950755743913e-01,2.46036055401239e-03	-2.53621515959871e-01,9.04059593521654e-04	-2.47224303637564e-01,-2.15276817368668e-03
1.05915915915915e+05	-2.47992936796802e-01,-4.42962752641593e-04	-2.57951532110804e-01,2.45528326522419e-03	-2.53627037540758e-01,9.02795427980441e-04	-2.47237099491608e-01,-2.14657594633357e-03
1.06111111111110e+05	-2.48004140276991e-01,-4.41296235375047e-04	-2.57952376452575e-01,2.45023472771666e-03	-2.53632590059846e-01,9.01539547444097e-04	-2.47249869650375e-01,-2.14041526333941e-03
1.06306306306305e+05	-2.48015331581136e-01,-4.39634589137372e-04	-2.57953288220797e-01,2.44521471615718e-03	-2.53638173361267e-01,9.00291893006278e-04	-2.47262614556388e-01,-2.13428586027548e-03
1.06501501501501e+05	-2.48026510995360e-01,-4.37977792687512e-04	-2.57954266874611e-01,2.44022300752943e-03	-2.53643787291255e-01,8.99052406311218e-04	-2.47275334646181e-01,-2.12818747563196e-03
1.06696696696696e+05	-2.48037678802052e-01,-4.36325824715735e-04	-2.57955311880586e-01,2.43525938110282e-03	-2.53649431698347e-01,8.97821029518769e-04	-2.47288030350338e-01,-2.12211985077033e-03
1.06891891891891e+05	-2.48048835279938e-01,-4.34678663849081e-04	-2.57956422712868e-01,2.43032361837912e-03	-2.53655106433059e-01,8.96597705333124e-04	-2.47300702093627e-01,-2.11608272988951e-03
1.07087087087086e+05	-2.48059980704257e-01,-4.33036288671980e-04	-2.57957598852608e-01,2.42541550311234e-03	-2.53660811348101e-01,8.95382376968915e-04	-2.47313350295154e-01,-2.11007585999556e-03
1.07282282282281e+05	-2.48071115346657e-01,-4.31398677712733e-04	-2.57958839788244e-01,2.42053482123954e-03	-2.53666546298263e-01,8.94174988157706e-04	-2.47325975368325e-01,-2.10409899084494e-03
1.07477477477476e+05	-2.48082239475360e-01,-4.29765809462940e-04	-2.57960145015218e-01,2.41568136087174e-03	-2.53672311140284e-01,8.92975483148595e-04	-2.47338577721066e-01,-2.09815187492739e-03
1.07672672672672e+05	-2.48093353355184e-01,-4.28137662376968e-04	-2.57961514035824e-01,2.41085491227391e-03	-2.53678105732941e-01,8.91783806696647e-04	-2.47351157755891e-01,-2.09223426742293e-03
1.07867867867867e+05	-2.48104457247663e-01,-4.26514214886584e-04	-2.57962946359148e-01,2.40605526783058e-03	-2.53683929937006e-01,8.90599904053366e-04	-2.47363715869872e-01,-2.08634592615438e-03
1.08063063063062e+05	-2.48115551410939e-01,-4.24895445387014e-04	-2.57964441500956e-01,2.40128222202442e-03	-2.53689783615149e-01,8.89423720972268e-04	-2.47376252454954e-01,-2.08048661157659e-03
1.08258258258257e+05	-2.48126636099994e-01,-4.23281332261105e-04	-2.57965998983608e-01,2.39653557140516e-03	-2.53695666631950e-01,8.88255203698188e-04	-2.47388767897803e-01,-2.07465608671674e-03
1.08453453453452e+05	-2.48137711566612e-01,-4.21671853874317e-04	-2.57967618335855e-01,2.39181511457948e-03	-2.53701578853911e-01,8.87094298959237e-04	-2.47401262580036e-01,-2.06885411715453e-03
1.08648648648648e+05	-2.48148778059409e-01,-4.20066988579895e-04	-2.57969299092869e-01,2.38712065216852e-03	-2.53707520149259e-01,8.85940953977343e-04	-2.47413736878350e-01,-2.06308047099504e-03
1.08843843843843e+05	-2.48159835823964e-01,-4.18466714727311e-04	-2.57971040795973e-01,2.38245198680345e-03	-2.53713490388166e-01,8.84795116439949e-04	-2.47426191164450e-01,-2.05733491881764e-03
1.09039039039038e+05	-2.48170885102810e-01,-4.16871010663872e-04	-2.57972842992719e-01,2.37780892308313e-03	-2.53719489442529e-01,8.83656734513863e-04	-2.47438625805190e-01,-2.05161723365116e-03
1.09234234234233e+05	-2.48181926135438e-01,-4.15279854732192e-04	-2.57974705236699e-01,2.37319126756035e-03	-2.53725517185997e-01,8.82525756834909e-04	-2.47451041162747e-01,-2.04592719095122e-03
1.09429429429428e+05	-2.48192959158494e-01,-4.13693225290668e-04	-2.57976627087458e-01,2.36859882871703e-03	-2.53731573493939e-01,8.81402132504996e-04	-2.47463437594526e-01,-2.04026456854982e-03
1.09624624624624e+05	-2.48203984405644e-01,-4.12111100698262e-04	-2.57978608110308e-01,2.36403141695150e-03	-2.53737658243501e-01,8.80285811077311e-04	-2.47475815453435e-01,-2.03462914664743e-03
1.09819819819819e+05	-2.48215002107763e-01,-4.10533459333770e-04	-2.57980647876413e-01,2.35948884453649e-03	-2.53743771313442e-01,8.79176742566865e-04	-2.47488175087768e-01,-2.02902070776004e-03
1.10015015015014e+05	-2.48226012492868e-01,-4.08960279584883e-04	-2.57982745962622e-01,2.35497092560639e-03	-2.53749912584180e-01,8.78074877438101e-04	-2.47500516841401e-01,-2.02343903670194e-03
1.10210210210209e+05	-2.48237015786304e-01,-4.07391539870794e-04	-2.57984901951255e-01,2.35047747614728e-03	-2.53756081937725e-01,8.76980166605784e-04	-2.47512841053876e-01,-2.01788392055958e-03
1.10405405405404e+05	-2.48248012210594e-01,-4.05827218621646e-04	-2.57987115430205e-01,2.34600831395529e-03	-2.53762279257844e-01,8.75892561408784e-04	-2.47525148060300e-01,-2.01235514864181e-03
1.10600600600600e+05	-2.48259001985642e-01,-4.04267294299848e-04	-2.57989385992812e-01,2.34156325862060e-03	-2.53768504429647e-01,8.74812013648973e-04	-2.47537438191667e-01,-2.00685251247833e-03
1.10795795795795e+05	-2.48269985328697e-01,-4.02711745395468e-04	-2.57991713237617e-01,2.33714213152132e-03	-2.53774757339966e-01,8.73738475542479e-04	-2.47549711774762e-01,-2.00137580577514e-03
1.10990990990990e+05	-2.48280962454478e-01,-4.01160550436735e-04	-2.57994096768464e-01,2.33274475578556e-03	-2.53781037877097e-01,8.72671899740954e-04	-2.47561969132210e-01,-1.99592482438304e-03
1.11186186186185e+05	-2.48291933575052e-01,-3.99613687976072e-04	-2.57996536194344e-01,2.32837095627672e-03	-2.53787345930872e-01,8.71612239317004e-04	-2.47574210582659e-01,-1.99049936628330e-03
1.11381381381380e+05	-2.48302898900016e-01,-3.98071136610362e-04	-2.57999031129351e-01,2.32402055957041e-03	-2.53793681392563e-01,8.70559447768163e-04	-2.47586436440750e-01,-1.98509923155148e-03
1.11576576576576e+05	-2.48313858636524e-01,-3.96532874976679e-04	-2.58001581192483e-01,2.31969339394709e-03	-2.53800044154965e-01,8.69513479001285e-04	-2.47598647017201e-01,-1.97972422233135e-03
1.11771771771771e+05	-2.48324812989239e-01,-3.94998881751679e-04	-2.58004186007790e-01,2.31538928934888e-03	-2.53806434112227e-01,8.68474287343615e-04	-2.47610842618894e-01,-1.97437414281178e-03
1.11966966966966e+05	-2.48335762160424e-01,-3.93469135657201e-04	-2.58006845203996e-01,2.31110807738964e-03	-2.53812851160017e-01,8.67441827518731e-04	-2.47623023548959e-01,-1.96904879920401e-03
1.12162162162161e+05	-2.48346706350069e-01,-3.91943615469514e-04	-2.58009558414736e-01,2.30684959130682e-03	-2.53819295195276e-01,8.66416054667807e-04	-2.47635190106700e-01,-1.96374799970059e-03
1.12357357357356e+05	-2.48357645755670e-01,-3.90422299999874e-04	-2.58012325278299e-01,2.30261366595880e-03	-2.53825766116426e-01,8.65396924319195e-04	-2.47647342587830e-01,-1.95847155447039e-03
1.12552552552551e+05	-2.48368580572605e-01,-3.88905168126813e-04	-2.58015145437548e-01,2.29840013780767e-03	-2.53832263823190e-01,8.64384392402773e-04	-2.47659481284380e-01,-1.95321927561649e-03
1.12747747747747e+05	-2.48379510993847e-01,-3.87392198768974e-04	-2.58018018539927e-01,2.29420884489355e-03	-2.53838788216635e-01,8.63378415240118e-04	-2.47671606484921e-01,-1.94799097716992e-03
1.12942942942942e+05	-2.48390437210238e-01,-3.85883370909196e-04	-2.58020944237374e-01,2.29003962681618e-03	-2.53845339199190e-01,8.62378949533130e-04	-2.47683718474362e-01,-1.94278647503973e-03
1.13138138138137e+05	-2.48401359410398e-01,-3.84378663585108e-04	-2.58023922186224e-01,2.28589232472259e-03	-2.53851916674443e-01,8.61385952383512e-04	-2.47695817534344e-01,-1.93760558702318e-03
1.13333333333332e+05	-2.48412277780735e-01,-3.82878055887603e-04	-2.58026952047209e-01,2.28176678128027e-03	-2.53858520547428e-01,8.60399381253860e-04	-2.47707903942945e-01,-1.93244813274587e-03
1.13528528528527e+05	-2.48423192505653e-01,-3.81381526980029e-04	-2.58030033485220e-01,2.27766284067779e-03	-2.53865150724327e-01,8.59419193996208e-04	-2.47719977975001e-01,-1.92731393366805e-03
1.13723723723723e+05	-2.48434103767336e-01,-3.79889056075972e-04	-2.58033166169485e-01,2.27358034858420e-03	-2.53871807112575e-01,8.58445348831074e-04	-2.47732039902048e-01,-1.92220281304883e-03
1.13918918918918e+05	-2.48445011745948e-01,-3.78400622457989e-04	-2.58036349773335e-01,2.26951915214559e-03	-2.53878489620876e-01,8.57477804343545e-04	-2.47744089992325e-01,-1.91711459592100e-03
1.14114114114113e+05	-2.48455916619630e-01,-3.76916205474379e-04	-2.58039583974238e-01,2.26547909996339e-03	-2.53885198159059e-01,8.56516519492201e-04	-2.47756128510907e-01,-1.91204910907589e-03
1.14309309309308e+05	-2.48466818564517e-01,-3.75435784539260e-04	-2.58042868453580e-01,2.26146004208894e-03	-2.53891932638248e-01,8.55561453585063e-04	-2.47768155719720e-01,-1.90700618103816e-03
1.14504504504503e+05	-2.48477717754775e-01,-3.73959339136101e-04	-2.58046202896874e-01,2.25746182998406e-03	-2.53898692970572e-01,8.54612566304702e-04	-2.47780171877604e-01,-1.90198564204681e-03
1.14699699699699e+05	-2.48488614362565e-01,-3.72486848811526e-04	-2.58049586993403e-01,2.25348431653116e-03	-2.53905479069503e-01,8.53669817667616e-04	-2.47792177240338e-01,-1.89698732403186e-03
1.14894894894894e+05	-2.48499508558218e-01,-3.71018293191083e-04	-2.58053020436362e-01,2.24952735599895e-03	-2.53912290849519e-01,8.52733168055245e-04	-2.47804172060697e-01,-1.89201106059309e-03
1.15090090090089e+05	-2.48510400510120e-01,-3.69553651967044e-04	-2.58056502922785e-01,2.24559080402893e-03	-2.53919128226231e-01,8.51802578192770e-04	-2.47816156588481e-01,-1.88705668698026e-03
1.15285285285284e+05	-2.48521290384806e-01,-3.68092904903930e-04	-2.58060034153393e-01,2.24167451762758e-03	-2.53925991116399e-01,8.50878009145767e-04	-2.47828131070583e-01,-1.88212404007296e-03
1.15480480480479e+05	-2.48532178346966e-01,-3.66636031841450e-04	-2.58063613832575e-01,2.23777835514763e-03	-2.53932879437854e-01,8.49959422320218e-04	-2.47840095751050e-01,-1.87721295836364e-03
1.15675675675675e+05	-2.48543064559470e-01,-3.65183012691284e-04	-2.58067241668421e-01,2.23390217626609e-03	-2.53939793109483e-01,8.49046779461196e-04	-2.47852050871074e-01,-1.87232328193303e-03
1.15870870870870e+05	-2.48553949183478e-01,-3.63733827447935e-04	-2.58070917372524e-01,2.23004584198121e-03	-2.53946732051203e-01,8.48140042649714e-04	-2.47863996669084e-01,-1.86745485243490e-03
1.16066066066065e+05	-2.48564832378286e-01,-3.62288456172352e-04	-2.58074640660095e-01,2.22620921458283e-03	-2.53953696184049e-01,8.47239174288153e-04	-2.47875933380704e-01,-1.86260751306826e-03
1.16261261261260e+05	-2.48575714301567e-01,-3.60846879014123e-04	-2.58078411249731e-01,2.22239215765374e-03	-2.53960685430012e-01,8.46344137113625e-04	-2.47887861238901e-01,-1.85778110857128e-03
1.16456456456455e+05	-2.48586595109154e-01,-3.59409076187187e-04	-2.58082228863505e-01,2.21859453604285e-03	-2.53967699712163e-01,8.45454894179240e-04	-2.47899780473993e-01,-1.85297548519740e-03
1.16651651651651e+05	-2.48597474955349e-01,-3.57975027999294e-04	-2.58086093226850e-01,2.21481621585773e-03	-2.53974738954460e-01,8.44571408869108e-04	-2.47911691313655e-01,-1.84819049069504e-03
1.16846846846846e+05	-2.48608353992672e-01,-3.56544714826282e-04	-2.58090004068537e-01,2.21105706444594e-03	-2.53981803081988e-01,8.43693644871038e-04	-2.47923593982934e-01,-1.84342597428543e-03
1.17042042042041e+05	-2.48619232372080e-01,-3.55118117131348e-04	-2.58093961120627e-01,2.20731695038377e-03	-2.53988892020693e-01,8.42821566196472e-04	-2.47935488704368e-01,-1.83868178665586e-03
1.17237237237236e+05	-2.48630110242884e-01,-3.53695215454600e-04	-2.58097964118336e-01,2.20359574346839e-03	-2.53996005697559e-01,8.41955137160441e-04	-2.47947375698004e-01,-1.83395777993713e-03
1.17432432432431e+05	-2.48640987752797e-01,-3.52275990418122e-04	-2.58102012800241e-01,2.19989331468155e-03	-2.54003144040409e-01,8.41094322394584e-04	-2.47959255181358e-01,-1.82925380768126e-03
1.17627627627626e+05	-2.48651865047978e-01,-3.50860422726890e-04	-2.58106106907870e-01,2.19620953621118e-03	-2.54010306978109e-01,8.40239086824957e-04	-2.47971127369569e-01,-1.82456972485361e-03
1.17822822822822e+05	-2.48662742273102e-01,-3.49448493174059e-04	-2.58110246185965e-01,2.19254428140818e-03	-2.54017494440367e-01,8.39389395685869e-04	-2.47982992475277e-01,-1.81990538780309e-03
1.18018018018017e+05	-2.48673619571199e-01,-3.48040182624049e-04	-2.58114430382258e-01,2.18889742479027e-03	-2.54024706357860e-01,8.38545214504355e-04	-2.47994850708867e-01,-1.81526065426416e-03
1.18213213213212e+05	-2.48684497083879e-01,-3.46635472033258e-04	-2.58118659247553e-01,2.18526884201822e-03	-2.54031942662085e-01,8.37706509109457e-04	-2.48006702278327e-01,-1.81063538332421e-03
1.18408408408407e+05	-2.48695374951271e-01,-3.45234342441811e-04	-2.58122932535559e-01,2.18165840989444e-03	-2.54039203285479e-01,8.36873245618125e-04	-2.48018547389341e-01,-1.80602943541254e-03
1.18603603603602e+05	-2.48706253311992e-01,-3.43836774970047e-04	-2.58127250003008e-01,2.17806600633388e-03	-2.54046488161320e-01,8.36045390437107e-04	-2.48030386245307e-01,-1.80144267228502e-03
1.18798798798798e+05	-2.48717132303250e-01,-3.42442750824928e-04	-2.58131611409391e-01,2.17449151037594e-03	-2.54053797223765e-01,8.35222910260419e-04	-2.48042219047468e-01,-1.79687495701482e-03
1.18993993993993e+05	-2.48728012060859e-01,-3.41052251301058e-04	-2.58136016517142e-01,2.17093480214772e-03	-2.54061130407792e-01,8.34405772067295e-04	-2.48054045994762e-01,-1.79232615396106e-03
1.19189189189188e+05	-2.48738892719194e-01,-3.39665257774832e-04	-2.58140465091444e-01,2.16739576286779e-03	-2.54068487649246e-01,8.33593943113761e-04	-2.48065867284010e-01,-1.78779612877007e-03
1.19384384384383e+05	-2.48749774411275e-01,-3.38281751712050e-04	-2.58144956900308e-01,2.16387427482476e-03	-2.54075868884705e-01,8.32787390944126e-04	-2.48077683109901e-01,-1.78328474835282e-03
1.19579579579578e+05	-2.48760657268695e-01,-3.36901714655641e-04	-2.58149491714437e-01,2.16037022137075e-03	-2.54083274051713e-01,8.31986083363309e-04	-2.48089493664964e-01,-1.77879188086720e-03
1.19774774774774e+05	-2.48771541421790e-01,-3.35525128246014e-04	-2.58154069307176e-01,2.15688348691515e-03	-2.54090703088511e-01,8.31189988457853e-04	-2.48101299139701e-01,-1.77431739571211e-03
1.19969969969969e+05	-2.48782426999552e-01,-3.34151974205901e-04	-2.58158689454595e-01,2.15341395689925e-03	-2.54098155934124e-01,8.30399074586152e-04	-2.48113099722529e-01,-1.76986116350410e-03
1.20165165165164e+05	-2.48793314129617e-01,-3.32782234339399e-04	-2.58163351935434e-01,2.14996151778701e-03	-2.54105632528372e-01,8.29613310371971e-04	-2.48124895599818e-01,-1.76542305606582e-03
1.20360360360359e+05	-2.48804202938386e-01,-3.31415890543904e-04	-2.58168056530852e-01,2.14652605707427e-03	-2.54113132811911e-01,8.28832664696924e-04	-2.48136686955978e-01,-1.76100294641621e-03
1.20555555555554e+05	-2.48815093550911e-01,-3.30052924795779e-04	-2.58172803024697e-01,2.14310746324960e-03	-2.54120656726074e-01,8.28057106713936e-04	-2.48148473973489e-01,-1.75660070875622e-03
1.20750750750750e+05	-2.48825986091127e-01,-3.28693319171361e-04	-2.58177591203272e-01,2.13970562580122e-03	-2.54128204212932e-01,8.27286605834560e-04	-2.48160256832800e-01,-1.75221621844654e-03
1.20945945945945e+05	-2.48836880681574e-01,-3.27337055817278e-04	-2.58182420855376e-01,2.13632043519933e-03	-2.54135775215398e-01,8.26521131720145e-04	-2.48172035712504e-01,-1.74784935200217e-03
1.21141141141140e+05	-2.48847777443646e-01,-3.25984116977415e-04	-2.58187291772237e-01,2.13295178288932e-03	-2.54143369677065e-01,8.25760654288660e-04	-2.48183810789288e-01,-1.74349998707707e-03
1.21336336336335e+05	-2.48858676497576e-01,-3.24634484983516e-04	-2.58192203747492e-01,2.12959956127809e-03	-2.54150987542213e-01,8.25005143714835e-04	-2.48195582237976e-01,-1.73916800245164e-03
1.21531531531530e+05	-2.48869577962324e-01,-3.23288142247621e-04	-2.58197156577206e-01,2.12626366372184e-03	-2.54158628755805e-01,8.24254570425079e-04	-2.48207350231620e-01,-1.73485327802327e-03
1.21726726726726e+05	-2.48880481955763e-01,-3.21945071277890e-04	-2.58202150059706e-01,2.12294398452512e-03	-2.54166293263615e-01,8.23508905081927e-04	-2.48219114941355e-01,-1.73055569478162e-03
1.21921921921921e+05	-2.48891388594490e-01,-3.20605254656728e-04	-2.58207183995716e-01,2.11964041891718e-03	-2.54173981012048e-01,8.22768118598952e-04	-2.48230876536633e-01,-1.72627513481170e-03
1.22117117117116e+05	-2.48902297994087e-01,-3.19268675065418e-04	-2.58212258188211e-01,2.11635286305213e-03	-2.54181691948192e-01,8.22032182131671e-04	-2.48242635185056e-01,-1.72201148126680e-03
1.22312312312311e+05	-2.48913210268912e-01,-3.17935315264625e-04	-2.58217372442441e-01,2.11308121399445e-03	-2.54189426019808e-01,8.21301067075175e-04	-2.48254391052564e-01,-1.71776461836919e-03
1.22507507507506e+05	-2.48924125532323e-01,-3.16605158110342e-04	-2.58222526565815e-01,2.10982536971589e-03	-2.54197183175357e-01,8.20574745060088e-04	-2.48266144303318e-01,-1.71353443138680e-03
1.22702702702701e+05	-2.48935043896456e-01,-3.15278186534373e-04	-2.58227720368027e-01,2.10658522907253e-03	-2.54204963363919e-01,8.19853187954869e-04	-2.48277895099859e-01,-1.70932080663223e-03
1.22897897897897e+05	-2.48945965472411e-01,-3.13954383559967e-04	-2.58232953660919e-01,2.10336069180554e-03	-2.54212766535227e-01,8.19136367859435e-04	-2.48289643603027e-01,-1.70512363144330e-03
1.23093093093092e+05	-2.48956890370328e-01,-3.12633732305542e-04	-2.58238226258380e-01,2.10015165853691e-03	-2.54220592639677e-01,8.18424257104891e-04	-2.48301389971988e-01,-1.70094279416934e-03
1.23288288288287e+05	-2.48967818699079e-01,-3.11316215958327e-04	-2.58243537976558e-01,2.09695803073991e-03	-2.54228441628311e-01,8.17716828246814e-04	-2.48313134364341e-01,-1.69677818417018e-03
1.23483483483482e+05	-2.48978750566689e-01,-3.10001817807673e-04	-2.58248888633539e-01,2.09377971075486e-03	-2.54236313452745e-01,8.17014054073043e-04	-2.48324876936078e-01,-1.69262969179809e-03
1.23678678678677e+05	-2.48989686080044e-01,-3.08690521219873e-04	-2.58254278049587e-01,2.09061660175784e-03	-2.54244208065238e-01,8.16315907592624e-04	-2.48336617841593e-01,-1.68849720838374e-03
1.23873873873873e+05	-2.49000625345077e-01,-3.07382309651827e-04	-2.58259706046902e-01,2.08746860776884e-03	-2.54252125418711e-01,8.15622362030907e-04	-2.48348357233687e-01,-1.68438062622747e-03
1.24069069069068e+05	-2.49011568466671e-01,-3.06077166642882e-04	-2.58265172449745e-01,2.08433563363226e-03	-2.54260065466590e-01,8.14933390843153e-04	-2.48360095263735e-01,-1.68027983859761e-03
1.24264264264263e+05	-2.49022515548815e-01,-3.04775075825034e-04	-2.58270677084298e-01,2.08121758501519e-03	-2.54268028162988e-01,8.14248967691916e-04	-2.48371832081451e-01,-1.67619473970076e-03
1.24459459459458e+05	-2.49033466694423e-01,-3.03476020907689e-04	-2.58276219778787e-01,2.07811436838785e-03	-2.54276013462494e-01,8.13569066465555e-04	-2.48383567835176e-01,-1.67212522469215e-03
1.24654654654653e+05	-2.49044422005472e-01,-3.02179985687517e-04	-2.58281800363255e-01,2.07502589103162e-03	-2.54284021320415e-01,8.12893661253922e-04	-2.48395302671728e-01,-1.66807118965080e-03
1.24849849849849e+05	-2.49055381583023e-01,-3.00886954048687e-04	-2.58287418669698e-01,2.07195206101651e-03	-2.54292051692544e-01,8.12222726364567e-04	-2.48407036736463e-01,-1.66403253157478e-03
1.25045045045044e+05	-2.49066345527175e-01,-2.99596909959510e-04	-2.58293074532001e-01,2.06889278719800e-03	-2.54300104535245e-01,8.11556236314959e-04	-2.48418770173318e-01,-1.66000914836989e-03
1.25240240240239e+05	-2.49077313937130e-01,-2.98309837472699e-04	-2.58298767785883e-01,2.06584797920970e-03	-2.54308179805448e-01,8.10894165828302e-04	-2.48430503124787e-01,-1.65600093883922e-03
1.25435435435434e+05	-2.49088286911140e-01,-2.97025720723945e-04	-2.58304498268903e-01,2.06281754745327e-03	-2.54316277460675e-01,8.10236489829710e-04	-2.48442235731969e-01,-1.65200780267168e-03
1.25630630630629e+05	-2.49099264546562e-01,-2.95744543933302e-04	-2.58310265820371e-01,2.05980140309545e-03	-2.54324397458925e-01,8.09583183452714e-04	-2.48453968134675e-01,-1.64802964044555e-03
1.25825825825825e+05	-2.49110246939911e-01,-2.94466291409265e-04	-2.58316070281507e-01,2.05679945804581e-03	-2.54332539758775e-01,8.08934222028962e-04	-2.48465700471159e-01,-1.64406635358968e-03
1.26021021021020e+05	-2.49121234186787e-01,-2.93190947539532e-04	-2.58321911495136e-01,2.05381162497169e-03	-2.54340704319319e-01,8.08289581090957e-04	-2.48477432878530e-01,-1.64011784440925e-03
1.26216216216215e+05	-2.49132226381867e-01,-2.91918496791416e-04	-2.58327789305939e-01,2.05083781726893e-03	-2.54348891100229e-01,8.07649236363492e-04	-2.48489165492458e-01,-1.63618401604892e-03
1.26411411411410e+05	-2.49143223619079e-01,-2.90648923723852e-04	-2.58333703560268e-01,2.04787794906601e-03	-2.54357100061619e-01,8.07013163773823e-04	-2.48500898447319e-01,-1.63226477249613e-03
1.26606606606605e+05	-2.49154225991491e-01,-2.89382212977293e-04	-2.58339654106140e-01,2.04493193521652e-03	-2.54365331164146e-01,8.06381339440346e-04	-2.48512631876215e-01,-1.62836001857100e-03
1.26801801801801e+05	-2.49165233591261e-01,-2.88118349268202e-04	-2.58345640793303e-01,2.04199969128456e-03	-2.54373584368997e-01,8.05753739670984e-04	-2.48524365910962e-01,-1.62446965991435e-03
1.26996996996996e+05	-2.49176246509752e-01,-2.86857317399664e-04	-2.58351663473128e-01,2.03908113354234e-03	-2.54381859637849e-01,8.05130340962926e-04	-2.48536100682122e-01,-1.62059360298329e-03
1.27192192192191e+05	-2.49187264837592e-01,-2.85599102260309e-04	-2.58357721998600e-01,2.03617617896557e-03	-2.54390156932823e-01,8.04511120008622e-04	-2.48547836319025e-01,-1.61673175503758e-03
1.27387387387386e+05	-2.49198288664495e-01,-2.84343688812749e-04	-2.58363816224386e-01,2.03328474521637e-03	-2.54398476216588e-01,8.03896053679795e-04	-2.48559572949732e-01,-1.61288402413116e-03
1.27582582582581e+05	-2.49209318079412e-01,-2.83091062102447e-04	-2.58369946006655e-01,2.03040675065064e-03	-2.54406817452331e-01,8.03285119030189e-04	-2.48571310701139e-01,-1.60905031910882e-03
1.27777777777777e+05	-2.49220353170598e-01,-2.81841207264738e-04	-2.58376111203180e-01,2.02754211429949e-03	-2.54415180603599e-01,8.02678293306783e-04	-2.48583049698927e-01,-1.60523054959280e-03
1.27972972972972e+05	-2.49231394025407e-01,-2.80594109503082e-04	-2.58382311673319e-01,2.02469075586460e-03	-2.54423565634485e-01,8.02075553930776e-04	-2.48594790067629e-01,-1.60142462597783e-03
1.28168168168167e+05	-2.49242440730530e-01,-2.79349754111632e-04	-2.58388547277954e-01,2.02185259571175e-03	-2.54431972509562e-01,8.01476878501017e-04	-2.48606531930505e-01,-1.59763245941379e-03
1.28363363363362e+05	-2.49253493371852e-01,-2.78108126458260e-04	-2.58394817879411e-01,2.01902755487236e-03	-2.54440401193847e-01,8.00882244796769e-04	-2.48618275409803e-01,-1.59385396181443e-03
1.28558558558557e+05	-2.49264552034544e-01,-2.76869211994005e-04	-2.58401123341610e-01,2.01621555502114e-03	-2.54448851652796e-01,8.00291630773511e-04	-2.48630020626523e-01,-1.59008904583090e-03
1.28753753753752e+05	-2.49275616802994e-01,-2.75632996245542e-04	-2.58407463529904e-01,2.01341651848042e-03	-2.54457323852311e-01,7.99705014561738e-04	-2.48641767700642e-01,-1.58633762486117e-03
1.28948948948948e+05	-2.49286687760913e-01,-2.74399464822911e-04	-2.58413838311068e-01,2.01063036821536e-03	-2.54465817758769e-01,7.99122374461572e-04	-2.48653516750983e-01,-1.58259961303024e-03
1.29144144144143e+05	-2.49297764991252e-01,-2.73168603410159e-04	-2.58420247553423e-01,2.00785702781434e-03	-2.54474333338973e-01,7.98543688946329e-04	-2.48665267895238e-01,-1.57887492518106e-03
1.29339339339338e+05	-2.49308848576327e-01,-2.71940397776727e-04	-2.58426691126624e-01,2.00509642149783e-03	-2.54482870560144e-01,7.97968936659094e-04	-2.48677021250043e-01,-1.57516347687491e-03
1.29534534534533e+05	-2.49319938597663e-01,-2.70714833762120e-04	-2.58433168901734e-01,2.00234847410662e-03	-2.54491429389944e-01,7.97398096410648e-04	-2.48688776931055e-01,-1.57146518438650e-03
1.29729729729728e+05	-2.49331035136186e-01,-2.69491897290516e-04	-2.58439680751264e-01,1.99961311108982e-03	-2.54500009796481e-01,7.96831147175797e-04	-2.48700535052712e-01,-1.56777996467772e-03
1.29924924924924e+05	-2.49342138272033e-01,-2.68271574356049e-04	-2.58446226549076e-01,1.99689025850475e-03	-2.54508611748253e-01,7.96268068096254e-04	-2.48712295728554e-01,-1.56410773541506e-03
1.30120120120119e+05	-2.49353248084773e-01,-2.67053851036633e-04	-2.58452806170327e-01,1.99417984301525e-03	-2.54517235214191e-01,7.95708838476239e-04	-2.48724059071048e-01,-1.56044841494568e-03
1.30315315315314e+05	-2.49364364653214e-01,-2.65838713480696e-04	-2.58459419491631e-01,1.99148179187021e-03	-2.54525880163625e-01,7.95153437782234e-04	-2.48735825191636e-01,-1.55680192229402e-03
1.30510510510509e+05	-2.49375488055636e-01,-2.64626147922248e-04	-2.58466066390804e-01,1.98879603291807e-03	-2.54534546566266e-01,7.94601845641993e-04	-2.48747594200774e-01,-1.55316817715827e-03
1.30705705705704e+05	-2.49386618369509e-01,-2.63416140658723e-04	-2.58472746747080e-01,1.98612249457987e-03	-2.54543234392300e-01,7.94054041837230e-04	-2.48759366207908e-01,-1.54954709989681e-03
1.30900900900900e+05	-2.49397755671770e-01,-2.62208678070974e-04	-2.58479460440905e-01,1.98346110586231e-03	-2.54551943612244e-01,7.93510006310935e-04	-2.48771141321542e-01,-1.54593861152955e-03
1.31096096096095e+05	-2.49408900038695e-01,-2.61003746613739e-04	-2.58486207354081e-01,1.98081179633725e-03	-2.54560674197013e-01,7.92969719162651e-04	-2.48782919649170e-01,-1.54234263372272e-03
1.31291291291290e+05	-2.49420051545926e-01,-2.59801332816431e-04	-2.58492987369591e-01,1.97817449614678e-03	-2.54569426117923e-01,7.92433160643605e-04	-2.48794701297396e-01,-1.53875908879192e-03
1.31486486486485e+05	-2.49431210268504e-01,-2.58601423281268e-04	-2.58499800371715e-01,1.97554913599311e-03	-2.54578199346697e-01,7.91900311158208e-04	-2.48806486371817e-01,-1.53518789968177e-03
1.31681681681680e+05	-2.49442376280844e-01,-2.57404004687087e-04	-2.58506646245927e-01,1.97293564713219e-03	-2.54586993855377e-01,7.91371151264000e-04	-2.48818274977177e-01,-1.53162898997811e-03
1.31876876876876e+05	-2.49453549656741e-01,-2.56209063782084e-04	-2.58513524879007e-01,1.97033396136538e-03	-2.54595809616455e-01,7.90845661665249e-04	-2.48830067217196e-01,-1.52808228387656e-03
1.32072072072071e+05	-2.49464730469464e-01,-2.55016587395726e-04	-2.58520436158819e-01,1.96774401104600e-03	-2.54604646602711e-01,7.90323823220140e-04	-2.48841863194797e-01,-1.52454770620401e-03
1.32267267267266e+05	-2.49475918791587e-01,-2.53826562419124e-04	-2.58527379974534e-01,1.96516572905756e-03	-2.54613504787368e-01,7.89805616928652e-04	-2.48853663011936e-01,-1.52102518238909e-03
1.32462462462461e+05	-2.49487114695177e-01,-2.52638975824476e-04	-2.58534356216417e-01,1.96259904882259e-03	-2.54622384143949e-01,7.89291023941291e-04	-2.48865466769737e-01,-1.51751463847156e-03
1.32657657657656e+05	-2.49498318251738e-01,-2.51453814654634e-04	-2.58541364775927e-01,1.96004390428944e-03	-2.54631284646379e-01,7.88780025549926e-04	-2.48877274568381e-01,-1.51401600108381e-03
1.32852852852852e+05	-2.49509529532132e-01,-2.50271066021379e-04	-2.58548405545679e-01,1.95750022992884e-03	-2.54640206268916e-01,7.88272603191337e-04	-2.48889086507266e-01,-1.51052919745766e-03
1.33048048048047e+05	-2.49520748606714e-01,-2.49090717109851e-04	-2.58555478419409e-01,1.95496796072973e-03	-2.54649148986154e-01,7.87768738445466e-04	-2.48900902684911e-01,-1.50705415540885e-03
1.33243243243242e+05	-2.49531975545288e-01,-2.47912755175633e-04	-2.58562583291993e-01,1.95244703219466e-03	-2.54658112773100e-01,7.87268413027370e-04	-2.48912723198919e-01,-1.50359080332700e-03
1.33438438438437e+05	-2.49543210417067e-01,-2.46737167544753e-04	-2.58569720059405e-01,1.94993738033233e-03	-2.54667097605011e-01,7.86771608799947e-04	-2.48924548146198e-01,-1.50013907018906e-03
1.33633633633632e+05	-2.49554453290775e-01,-2.45563941614679e-04	-2.58576888618711e-01,1.94743894165604e-03	-2.54676103457540e-01,7.86278307758764e-04	-2.48936377622729e-01,-1.49669888553217e-03
1.33828828828828e+05	-2.49565704234571e-01,-2.44393064851425e-04	-2.58584088868094e-01,1.94495165317439e-03	-2.54685130306679e-01,7.85788492036046e-04	-2.48948211723684e-01,-1.49327017945586e-03
1.34024024024023e+05	-2.49576963316082e-01,-2.43224524790434e-04	-2.58591320706777e-01,1.94247545239103e-03	-2.54694178128709e-01,7.85302143902905e-04	-2.48960050543507e-01,-1.48985288262371e-03
1.34219219219218e+05	-2.49588230602407e-01,-2.42058309033982e-04	-2.58598584035033e-01,1.94001027729974e-03	-2.54703246900311e-01,7.84819245761043e-04	-2.48971894175798e-01,-1.48644692624686e-03
1.34414414414413e+05	-2.49599506160162e-01,-2.40894405260303e-04	-2.58605878754225e-01,1.93755606637348e-03	-2.54712336598401e-01,7.84339780149301e-04	-2.48983742713378e-01,-1.48305224208423e-03
1.34609609609609e+05	-2.49610790055439e-01,-2.39732801208439e-04	-2.58613204766743e-01,1.93511275856693e-03	-2.54721447200278e-01,7.83863729736739e-04	-2.48995596248271e-01,-1.47966876243173e-03
1.34804804804804e+05	-2.49622082353774e-01,-2.38573484686311e-04	-2.58620561975982e-01,1.93268029330752e-03	-2.54730578683571e-01,7.83391077319673e-04	-2.49007454871782e-01,-1.47629642012626e-03
1.34999999999999e+05	-2.49633383120303e-01,-2.37416443574862e-04	-2.58627950286350e-01,1.93025861049582e-03	-2.54739731026145e-01,7.82921805832809e-04	-2.49019318674456e-01,-1.47293514853307e-03
1.35195195195194e+05	-2.49644692419597e-01,-2.36261665817680e-04	-2.58635369603275e-01,1.92784765049413e-03	-2.54748904206251e-01,7.82455898330481e-04	-2.49031187746048e-01,-1.46958488153974e-03
1.35390390390389e+05	-2.49656010315721e-01,-2.35109139420958e-04	-2.58642819833177e-01,1.92544735412754e-03	-2.54758098202427e-01,7.81993337999581e-04	-2.49043062175649e-01,-1.46624555355745e-03
1.35585585585585e+05	-2.49667336872360e-01,-2.33958852469240e-04	-2.58650300883425e-01,1.92305766267760e-03	-2.54767312993506e-01,7.81534108150017e-04	-2.49054942051524e-01,-1.46291709950770e-03
1.35780780780780e+05	-2.49678672152631e-01,-2.32810793102070e-04	-2.58657812662377e-01,1.92067851787781e-03	-2.54776548558630e-01,7.81078192219564e-04	-2.49066827461307e-01,-1.45959945482491e-03
1.35975975975975e+05	-2.49690016219207e-01,-2.31664949528421e-04	-2.58665355079390e-01,1.91830986190737e-03	-2.54785804877232e-01,7.80625573768734e-04	-2.49078718491853e-01,-1.45629255544344e-03
1.36171171171170e+05	-2.49701369134288e-01,-2.30521310022935e-04	-2.58672928044676e-01,1.91595163739379e-03	-2.54795081929049e-01,7.80176236480010e-04	-2.49090615229400e-01,-1.45299633780484e-03
1.36366366366365e+05	-2.49712730959652e-01,-2.29379862925622e-04	-2.58680531469486e-01,1.91360378739797e-03	-2.54804379694102e-01,7.79730164159095e-04	-2.49102517759369e-01,-1.44971073883472e-03
1.36561561561561e+05	-2.49724101756590e-01,-2.28240596640006e-04	-2.58688165265908e-01,1.91126625542257e-03	-2.54813698152724e-01,7.79287340730045e-04	-2.49114426166596e-01,-1.44643569595504e-03
1.36756756756756e+05	-2.49735481585946e-01,-2.27103499632383e-04	-2.58695829346987e-01,1.90893898539787e-03	-2.54823037285500e-01,7.78847750239606e-04	-2.49126340535214e-01,-1.44317114707268e-03
1.36951951951951e+05	-2.49746870508114e-01,-2.25968560434497e-04	-2.58703523626712e-01,1.90662192167801e-03	-2.54832397073291e-01,7.78411376853444e-04	-2.49138260948673e-01,-1.43991703057277e-03
1.37147147147146e+05	-2.49758268583103e-01,-2.24835767642928e-04	-2.58711248019885e-01,1.90431500904818e-03	-2.54841777497296e-01,7.77978204849789e-04	-2.49150187489738e-01,-1.43667328531316e-03
1.37342342342341e+05	-2.49769675870421e-01,-2.23705109914943e-04	-2.58719002442259e-01,1.90201819270541e-03	-2.54851178538938e-01,7.77548218626731e-04	-2.49162120240560e-01,-1.43343985062751e-03
1.37537537537537e+05	-2.49781092429155e-01,-2.22576575968095e-04	-2.58726786810447e-01,1.89973141826558e-03	-2.54860600179947e-01,7.77121402697950e-04	-2.49174059282630e-01,-1.43021666631163e-03
1.37732732732732e+05	-2.49792518318032e-01,-2.21450154588729e-04	-2.58734601041904e-01,1.89745463175625e-03	-2.54870042402287e-01,7.76697741692034e-04	-2.49186004696794e-01,-1.42700367262567e-03
1.37927927927927e+05	-2.49803953595282e-01,-2.20325834618368e-04	-2.58742445054998e-01,1.89518777960872e-03	-2.54879505188218e-01,7.76277220349342e-04	-2.49197956563268e-01,-1.42380081028434e-03
1.38123123123122e+05	-2.49815398318787e-01,-2.19203604964788e-04	-2.58750318768877e-01,1.89293080866300e-03	-2.54888988520281e-01,7.75859823522546e-04	-2.49209914961626e-01,-1.42060802045585e-03
1.38318318318317e+05	-2.49826852545977e-01,-2.18083454595688e-04	-2.58758222103586e-01,1.89068366615448e-03	-2.54898492381234e-01,7.75445536176977e-04	-2.49221879970845e-01,-1.41742524475780e-03
1.38513513513513e+05	-2.49838316333880e-01,-2.16965372536154e-04	-2.58766154979968e-01,1.88844629971775e-03	-2.54908016754139e-01,7.75034343388034e-04	-2.49233851669302e-01,-1.41425242525069e-03
1.38708708708708e+05	-2.49849789739167e-01,-2.15849347878147e-04	-2.58774117319676e-01,1.88621865738002e-03	-2.54917561622303e-01,7.74626230339165e-04	-2.49245830134729e-01,-1.41108950443426e-03
1.38903903903903e+05	-2.49861272818032e-01,-2.14735369764851e-04	-2.58782109045258e-01,1.88400068755197e-03	-2.54927126969281e-01,7.74221182324342e-04	-2.49257815444285e-01,-1.40793642524334e-03
1.39099099099098e+05	-2.49872765626385e-01,-2.13623427409493e-04	-2.58790130079921e-01,1.88179233904011e-03	-2.54936712778876e-01,7.73819184745103e-04	-2.49269807674569e-01,-1.40479313104794e-03
1.39294294294293e+05	-2.49884268219655e-01,-2.12513510075021e-04	-2.58798180347819e-01,1.87959356102084e-03	-2.54946319035177e-01,7.73420223106502e-04	-2.49281806901517e-01,-1.40165956563795e-03
1.39489489489489e+05	-2.49895780652954e-01,-2.11405607090584e-04	-2.58806259773768e-01,1.87740430305897e-03	-2.54955945722448e-01,7.73024283025670e-04	-2.49293813200610e-01,-1.39853567323578e-03
1.39684684684684e+05	-2.49907302980972e-01,-2.10299707840075e-04	-2.58814368283462e-01,1.87522451508543e-03	-2.54965592825283e-01,7.72631350216574e-04	-2.49305826646619e-01,-1.39542139847348e-03
1.39879879879879e+05	-2.49918835258052e-01,-2.09195801763734e-04	-2.58822505803304e-01,1.87305414740921e-03	-2.54975260328482e-01,7.72241410502916e-04	-2.49317847313837e-01,-1.39231668640179e-03
1.40075075075074e+05	-2.49930377538148e-01,-2.08093878364568e-04	-2.58830672260468e-01,1.87089315070356e-03	-2.54984948217075e-01,7.71854449808082e-04	-2.49329875276014e-01,-1.38922148248702e-03
1.40270270270270e+05	-2.49941929874902e-01,-2.06993927202012e-04	-2.58838867582883e-01,1.86874147600910e-03	-2.54994656476356e-01,7.71470454159096e-04	-2.49341910606268e-01,-1.38613573259340e-03
1.40465465465465e+05	-2.49953492321506e-01,-2.05895937888445e-04	-2.58847091699248e-01,1.86659907472302e-03	-2.55004385091801e-01,7.71089409686745e-04	-2.49353953377283e-01,-1.38305938299910e-03
1.40660660660660e+05	-2.49965064930868e-01,-2.04799900096891e-04	-2.58855344538974e-01,1.86446589860555e-03	-2.55014134049211e-01,7.70711302615065e-04	-2.49366003661087e-01,-1.37999238037237e-03
1.40855855855855e+05	-2.49976647755525e-01,-2.03705803557053e-04	-2.58863626032205e-01,1.86234189976855e-03	-2.55023903334520e-01,7.70336119275669e-04	-2.49378061529281e-01,-1.37693467178454e-03
1.41051051051050e+05	-2.49988240847664e-01,-2.02613638053087e-04	-2.58871936109822e-01,1.86022703067575e-03	-2.55033692933967e-01,7.69963846093097e-04	-2.49390127052843e-01,-1.37388620469100e-03
1.41246246246246e+05	-2.49999844259098e-01,-2.01523393423428e-04	-2.58880274703412e-01,1.85812124413989e-03	-2.55043502833984e-01,7.69594469591670e-04	-2.49402200302319e-01,-1.37084692694397e-03
1.41441441441441e+05	-2.50011458041362e-01,-2.00435059566018e-04	-2.58888641745254e-01,1.85602449332016e-03	-2.55053333021236e-01,7.69227976392770e-04	-2.49414281347677e-01,-1.36781678677368e-03
1.41636636636636e+05	-2.50023082245592e-01,-1.99348626431103e-04	-2.58897037168383e-01,1.85393673171212e-03	-2.55063183482586e-01,7.68864353214577e-04	-2.49426370258399e-01,-1.36479573279538e-03
1.41831831831831e+05	-2.50034716922623e-01,-1.98264084023833e-04	-2.58905460906437e-01,1.85185791315833e-03	-2.55073054205149e-01,7.68503586869002e-04	-2.49438467103502e-01,-1.36178371400275e-03
1.42027027027026e+05	-2.50046362122964e-01,-1.97181422404102e-04	-2.58913912893815e-01,1.84978799183179e-03	-2.55082945176258e-01,7.68145664263531e-04	-2.49450571951428e-01,-1.35878067975799e-03
1.42222222222222e+05	-2.50058017896775e-01,-1.96100631685098e-04	-2.58922393065577e-01,1.84772692223907e-03	-2.55092856383449e-01,7.67790572398813e-04	-2.49462684870178e-01,-1.35578657979778e-03
1.42417417417417e+05	-2.50069684293907e-01,-1.95021702034490e-04	-2.58930901357425e-01,1.84567465921885e-03	-2.55102787814492e-01,7.67438298366341e-04	-2.49474805927264e-01,-1.35280136422587e-03
1.42612612612612e+05	-2.50081361363908e-01,-1.93944623674100e-04	-2.58939437705764e-01,1.84363115793364e-03	-2.55112739457321e-01,7.67088829355639e-04	-2.49486935189710e-01,-1.34982498350948e-03
1.42807807807807e+05	-2.50093049155979e-01,-1.92869386876279e-04	-2.58948002047648e-01,1.84159637387230e-03	-2.55122711300130e-01,7.66742152642580e-04	-2.49499072724065e-01,-1.34685738847466e-03
1.43003003003002e+05	-2.50104747719030e-01,-1.91795981967877e-04	-2.58956594320756e-01,1.83957026284469e-03	-2.55132703331320e-01,7.66398255592354e-04	-2.49511218596402e-01,-1.34389853030571e-03
1.43198198198198e+05	-2.50116457101660e-01,-1.90724399327075e-04	-2.58965214463473e-01,1.83755278097582e-03	-2.55142715539451e-01,7.66057125666589e-04	-2.49523372872331e-01,-1.34094836053865e-03
1.43393393393393e+05	-2.50128177352180e-01,-1.89654629386540e-04	-2.58973862414721e-01,1.83554388471224e-03	-2.55152747913343e-01,7.65718750408664e-04	-2.49535535617026e-01,-1.33800683106443e-03
1.43588588588588e+05	-2.50139908518537e-01,-1.88586662625778e-04	-2.58982538114161e-01,1.83354353080645e-03	-2.55162800441992e-01,7.65383117454346e-04	-2.49547706895180e-01,-1.33507389411761e-03
1.43783783783783e+05	-2.50151650648484e-01,-1.87520489581372e-04	-2.58991241502011e-01,1.83155167632586e-03	-2.55172873114603e-01,7.65050214525678e-04	-2.49559886771011e-01,-1.33214950227335e-03
1.43978978978978e+05	-2.50163403789357e-01,-1.86456100834884e-04	-2.58999972519156e-01,1.82956827864046e-03	-2.55182965920543e-01,7.64720029432994e-04	-2.49572075308383e-01,-1.32923360845850e-03
1.44174174174174e+05	-2.50175167988321e-01,-1.85393487024718e-04	-2.59008731107034e-01,1.82759329543054e-03	-2.55193078849451e-01,7.64392550069840e-04	-2.49584272570605e-01,-1.32632616592405e-03
1.44369369369369e+05	-2.50186943292153e-01,-1.84332638834425e-04	-2.59017517207750e-01,1.82562668467130e-03	-2.55203211891098e-01,7.64067764416496e-04	-2.49596478620641e-01,-1.32342712826675e-03
1.44564564564564e+05	-2.50198729747422e-01,-1.83273547001331e-04	-2.59026330763960e-01,1.82366840464344e-03	-2.55213365035468e-01,7.63745660540008e-04	-2.49608693520980e-01,-1.32053644940830e-03
1.44759759759759e+05	-2.50210527400335e-01,-1.82216202308350e-04	-2.59035171718968e-01,1.82171841391861e-03	-2.55223538272760e-01,7.63426226587247e-04	-2.49620917333694e-01,-1.31765408360121e-03
1.44954954954954e+05	-2.50222336296920e-01,-1.81160595593449e-04	-2.59044040016594e-01,1.81977667136871e-03	-2.55233731593296e-01,7.63109450794441e-04	-2.49633150120474e-01,-1.31477998542615e-03
1.45150150150150e+05	-2.50234156482841e-01,-1.80106717739104e-04	-2.59052935601326e-01,1.81784313614855e-03	-2.55243944987669e-01,7.62795321472665e-04	-2.49645391942500e-01,-1.31191410978010e-03
1.45345345345345e+05	-2.50245988003534e-01,-1.79054559678121e-04	-2.59061858418159e-01,1.81591776770862e-03	-2.55254178446624e-01,7.62483827019017e-04	-2.49657642860625e-01,-1.30905641188465e-03
1.45540540540540e+05	-2.50257830904148e-01,-1.78004112391814e-04	-2.59070808412708e-01,1.81400052578159e-03	-2.55264431961056e-01,7.62174955913589e-04	-2.49669902935277e-01,-1.30620684727875e-03
1.45735735735735e+05	-2.50269685229577e-01,-1.76955366908219e-04	-2.59079785531103e-01,1.81209137038854e-03	-2.55274705522097e-01,7.61868696714560e-04	-2.49682172226490e-01,-1.30336537181221e-03
1.45930930930931e+05	-2.50281551024450e-01,-1.75908314306167e-04	-2.59088789720091e-01,1.81019026182548e-03	-2.55284999121035e-01,7.61565038059381e-04	-2.49694450793843e-01,-1.30053194164693e-03
1.46126126126126e+05	-2.50293428333121e-01,-1.74862945710536e-04	-2.59097820926942e-01,1.80829716067089e-03	-2.55295312749328e-01,7.61263968666256e-04	-2.49706738696589e-01,-1.29770651325530e-03
1.46321321321321e+05	-2.50305317199695e-01,-1.73819252289972e-04	-2.59106879099477e-01,1.80641202778065e-03	-2.55305646398649e-01,7.60965477331066e-04	-2.49719035993558e-01,-1.29488904341087e-03
1.46516516516516e+05	-2.50317217668032e-01,-1.72777225266818e-04	-2.59115964186069e-01,1.80453482428097e-03	-2.55316000060819e-01,7.60669552927432e-04	-2.49731342743181e-01,-1.29207948919359e-03
1.46711711711711e+05	-2.50329129781720e-01,-1.71736855904547e-04	-2.59125076135595e-01,1.80266551157594e-03	-2.55326373727854e-01,7.60376184406220e-04	-2.49743659003560e-01,-1.28927780798445e-03
1.46906906906907e+05	-2.50341053584123e-01,-1.70698135515818e-04	-2.59134214897526e-01,1.80080405133115e-03	-2.55336767391889e-01,7.60085360798093e-04	-2.49755984832373e-01,-1.28648395745813e-03
1.47102102102102e+05	-2.50352989118327e-01,-1.69661055457571e-04	-2.59143380421815e-01,1.79895040548472e-03	-2.55347181045311e-01,7.59797071204313e-04	-2.49768320286939e-01,-1.28369789558740e-03
1.47297297297297e+05	-2.50364936427200e-01,-1.68625607133141e-04	-2.59152572658974e-01,1.79710453623683e-03	-2.55357614680611e-01,7.59511304806615e-04	-2.49780665424209e-01,-1.28091958063399e-03
1.47492492492492e+05	-2.50376895553346e-01,-1.67591781992535e-04	-2.59161791559982e-01,1.79526640605165e-03	-2.55368068290511e-01,7.59228050855820e-04	-2.49793020300765e-01,-1.27814897115319e-03
1.47687687687687e+05	-2.50388866539136e-01,-1.66559571527433e-04	-2.59171037076376e-01,1.79343597765251e-03	-2.55378541867857e-01,7.58947298681784e-04	-2.49805384972834e-01,-1.27538602598398e-03
1.47882882882883e+05	-2.50400849426738e-01,-1.65528967278894e-04	-2.59180309160178e-01,1.79161321402188e-03	-2.55389035405630e-01,7.58669037689688e-04	-2.49817759496312e-01,-1.27263070425257e-03
1.48078078078078e+05	-2.50412844258034e-01,-1.64499960829526e-04	-2.59189607763945e-01,1.78979807839534e-03	-2.55399548897083e-01,7.58393257348930e-04	-2.49830143926647e-01,-1.26988296536225e-03
1.48273273273273e+05	-2.50424851074681e-01,-1.63472543804222e-04	-2.59198932840676e-01,1.78799053426579e-03	-2.55410082335545e-01,7.58119947209035e-04	-2.49842538319073e-01,-1.26714276900299e-03
1.48468468468468e+05	-2.50436869918182e-01,-1.62446707880126e-04	-2.59208284343916e-01,1.78619054537417e-03	-2.55420635714492e-01,7.57849096890958e-04	-2.49854942728373e-01,-1.26441007513661e-03
1.48663663663663e+05	-2.50448900829706e-01,-1.61422444767231e-04	-2.59217662227675e-01,1.78439807571278e-03	-2.55431209027639e-01,7.57580696082907e-04	-2.49867357209035e-01,-1.26168484400049e-03
1.48858858858859e+05	-2.50460943850249e-01,-1.60399746224824e-04	-2.59227066446453e-01,1.78261308952070e-03	-2.55441802268814e-01,7.57314734545933e-04	-2.49879781815203e-01,-1.25896703610481e-03
1.49054054054054e+05	-2.50472999020607e-01,-1.59378604057167e-04	-2.59236496955219e-01,1.78083555128088e-03	-2.55452415431998e-01,7.57051202110906e-04	-2.49892216600672e-01,-1.25625661223054e-03
1.49249249249249e+05	-2.50485066381323e-01,-1.58359010106995e-04	-2.59245953709437e-01,1.77906542572119e-03	-2.55463048511354e-01,7.56790088678655e-04	-2.49904661618917e-01,-1.25355353342356e-03
1.49444444444444e+05	-2.50497145972724e-01,-1.57340956260493e-04	-2.59255436665029e-01,1.77730267780862e-03	-2.55473701501166e-01,7.56531384218731e-04	-2.49917116923102e-01,-1.25085776099781e-03
1.49639639639639e+05	-2.50509237834956e-01,-1.56324434449365e-04	-2.59264945778375e-01,1.77554727275156e-03	-2.55484374395913e-01,7.56275078768950e-04	-2.49929582566027e-01,-1.24816925652699e-03
1.49834834834835e+05	-2.50521342007900e-01,-1.55309436642811e-04	-2.59274481006339e-01,1.77379917599191e-03	-2.55495067190213e-01,7.56021162432868e-04	-2.49942058600193e-01,-1.24548798184705e-03
1.50030030030030e+05	-2.50533458531291e-01,-1.54295954854403e-04	-2.59284042306209e-01,1.77205835321111e-03	-2.55505779878809e-01,7.55769625387218e-04	-2.49954545077802e-01,-1.24281389905168e-03
1.50225225225225e+05	-2.50545587444594e-01,-1.53283981139368e-04	-2.59293629635794e-01,1.77032477031631e-03	-2.55516512456608e-01,7.55520457869682e-04	-2.49967042050706e-01,-1.24014697049182e-03
1.50420420420420e+05	-2.50557728787122e-01,-1.52273507593823e-04	-2.59303242953254e-01,1.76859839345439e-03	-2.55527264918696e-01,7.55273650186225e-04	-2.49979549570470e-01,-1.23748715877106e-03
1.50615615615615e+05	-2.50569882597931e-01,-1.51264526352210e-04	-2.59312882217280e-01,1.76687918899548e-03	-2.55538037260268e-01,7.55029192709297e-04	-2.49992067688361e-01,-1.23483442674507e-03
1.50810810810811e+05	-2.50582048915901e-01,-1.50257029592621e-04	-2.59322547386973e-01,1.76516712353730e-03	-2.55548829476690e-01,7.54787075874799e-04	-2.50004596455311e-01,-1.23218873751850e-03
1.51006006006006e+05	-2.50594227779754e-01,-1.49251009533585e-04	-2.59332238421826e-01,1.76346216390709e-03	-2.55559641563461e-01,7.54547290185065e-04	-2.50017135921980e-01,-1.22955005444381e-03
1.51201201201201e+05	-2.50606419227947e-01,-1.48246458432338e-04	-2.59341955281859e-01,1.76176427714989e-03	-2.55570473516212e-01,7.54309826207084e-04	-2.50029686138716e-01,-1.22691834111842e-03
1.51396396396396e+05	-2.50618623298786e-01,-1.47243368586639e-04	-2.59351697927418e-01,1.76007343053781e-03	-2.55581325330788e-01,7.54074674566466e-04	-2.50042247155557e-01,-1.22429356138151e-03
1.51591591591592e+05	-2.50630840030386e-01,-1.46241732334379e-04	-2.59361466319360e-01,1.75838959155734e-03	-2.55592197003047e-01,7.53841825961304e-04	-2.50054819022291e-01,-1.22167567931605e-03
1.51786786786787e+05	-2.50643069460611e-01,-1.45241542049757e-04	-2.59371260418914e-01,1.75671272791610e-03	-2.55603088529115e-01,7.53611271142290e-04	-2.50067401788397e-01,-1.21906465924328e-03
1.51981981981982e+05	-2.50655311627229e-01,-1.44242790151350e-04	-2.59381080187749e-01,1.75504280753712e-03	-2.55613999905168e-01,7.53383000930294e-04	-2.50079995503049e-01,-1.21646046571916e-03
1.52177177177177e+05	-2.50667566567747e-01,-1.43245469090572e-04	-2.59390925587925e-01,1.75337979855850e-03	-2.55624931127594e-01,7.53157006202307e-04	-2.50092600215166e-01,-1.21386306353539e-03
1.52372372372372e+05	-2.50679834319518e-01,-1.42249571361705e-04	-2.59400796581942e-01,1.75172366932887e-03	-2.55635882192860e-01,7.52933277899936e-04	-2.50105215973380e-01,-1.21127241771807e-03
1.52567567567568e+05	-2.50692114919754e-01,-1.41255089499248e-04	-2.59410693132649e-01,1.75007438841164e-03	-2.55646853097600e-01,7.52711807022757e-04	-2.50117842826021e-01,-1.20868849352268e-03
1.52762762762763e+05	-2.50704408405376e-01,-1.40262016067108e-04	-2.59420615203373e-01,1.74843192457427e-03	-2.55657843838570e-01,7.52492584634293e-04	-2.50130480821218e-01,-1.20611125643598e-03
1.52957957957958e+05	-2.50716714813254e-01,-1.39270343677375e-04	-2.59430562757775e-01,1.74679624679640e-03	-2.55668854412675e-01,7.52275601854119e-04	-2.50143130006732e-01,-1.20354067216709e-03
1.53153153153153e+05	-2.50729034179978e-01,-1.38280064971935e-04	-2.59440535759973e-01,1.74516732425867e-03	-2.55679884816914e-01,7.52060849864566e-04	-2.50155790430142e-01,-1.20097670665648e-03
1.53348348348348e+05	-2.50741366542026e-01,-1.37291172633947e-04	-2.59450534174402e-01,1.74354512635021e-03	-2.55690935048494e-01,7.51848319902271e-04	-2.50168462138706e-01,-1.19841932606188e-03
1.53543543543544e+05	-2.50753711935674e-01,-1.36303659382372e-04	-2.59460557965953e-01,1.74192962265989e-03	-2.55702005104683e-01,7.51638003266650e-04	-2.50181145179440e-01,-1.19586849676558e-03
1.53738738738739e+05	-2.50766070397036e-01,-1.35317517973702e-04	-2.59470607099858e-01,1.74032078297792e-03	-2.55713094982888e-01,7.51429891314354e-04	-2.50193839599131e-01,-1.19332418537105e-03
1.53933933933934e+05	-2.50778441962083e-01,-1.34332741201060e-04	-2.59480681541749e-01,1.73871857729416e-03	-2.55724204680690e-01,7.51223975457307e-04	-2.50206545444222e-01,-1.19078635869205e-03
1.54129129129129e+05	-2.50790826666551e-01,-1.33349321892073e-04	-2.59490781257631e-01,1.73712297579441e-03	-2.55735334195762e-01,7.51020247165057e-04	-2.50219262761006e-01,-1.18825498376832e-03
1.54324324324324e+05	-2.50803224546084e-01,-1.32367252913421e-04	-2.59500906213896e-01,1.73553394886193e-03	-2.55746483525891e-01,7.50818697967254e-04	-2.50231991595455e-01,-1.18573002784463e-03
1.54519519519520e+05	-2.50815635636105e-01,-1.31386527164518e-04	-2.59511056377266e-01,1.73395146707508e-03	-2.55757652669054e-01,7.50619319443563e-04	-2.50244731993327e-01,-1.18321145838401e-03
1.54714714714715e+05	-2.50828059971932e-01,-1.30407137584276e-04	-2.59521231714896e-01,1.73237550120116e-03	-2.55768841623262e-01,7.50422103235879e-04	-2.50257484000108e-01,-1.18069924305639e-03
1.54909909909910e+05	-2.50840497588667e-01,-1.29429077144624e-04	-2.59531432194233e-01,1.73080602220350e-03	-2.55780050386713e-01,7.50227041037138e-04	-2.50270247661082e-01,-1.17819334974410e-03
1.55105105105105e+05	-2.50852948521277e-01,-1.28452338850019e-04	-2.59541657783145e-01,1.72924300123212e-03	-2.55791278957736e-01,7.50034124596996e-04	-2.50283023021235e-01,-1.17569374653112e-03
1.55300300300300e+05	-2.50865412804597e-01,-1.27476915746869e-04	-2.59551908449825e-01,1.72768640962569e-03	-2.55802527334732e-01,7.49843345718981e-04	-2.50295810125355e-01,-1.17320040171093e-03
1.55495495495496e+05	-2.50877890473256e-01,-1.26502800910741e-04	-2.59562184162839e-01,1.72613621890816e-03	-2.55813795516263e-01,7.49654696259913e-04	-2.50308609017979e-01,-1.17071328377916e-03
1.55690690690691e+05	-2.50890381561756e-01,-1.25529987451703e-04	-2.59572484891079e-01,1.72459240079352e-03	-2.55825083501021e-01,7.49468168131567e-04	-2.50321419743427e-01,-1.16823236143283e-03
1.55885885885886e+05	-2.50902886104457e-01,-1.24558468516972e-04	-2.59582810603833e-01,1.72305492717272e-03	-2.55836391287759e-01,7.49283753300342e-04	-2.50334242345760e-01,-1.16575760357014e-03
1.56081081081081e+05	-2.50915404135544e-01,-1.23588237285879e-04	-2.59593161270674e-01,1.72152377012413e-03	-2.55847718875423e-01,7.49101443781069e-04	-2.50347076868847e-01,-1.16328897928876e-03
1.56276276276276e+05	-2.50927935689101e-01,-1.22619286974393e-04	-2.59603536861560e-01,1.71999890190418e-03	-2.55859066263017e-01,7.48921231645439e-04	-2.50359923356277e-01,-1.16082645787922e-03
1.56471471471472e+05	-2.50940480798987e-01,-1.21651610827125e-04	-2.59613937346779e-01,1.71848029495014e-03	-2.55870433449711e-01,7.48743109014335e-04	-2.50372781851482e-01,-1.15837000883234e-03
1.56666666666667e+05	-2.50953039498975e-01,-1.20685202125673e-04	-2.59624362696968e-01,1.71696792187509e-03	-2.55881820434746e-01,7.48567068062422e-04	-2.50385652397618e-01,-1.15591960182906e-03
1.56861861861862e+05	-2.50965611822689e-01,-1.19720054184591e-04	-2.59634812883063e-01,1.71546175547149e-03	-2.55893227217515e-01,7.48393101013753e-04	-2.50398535037647e-01,-1.15347520674430e-03
1.57057057057057e+05	-2.50978197803592e-01,-1.18756160350605e-04	-2.59645287876363e-01,1.71396176870441e-03	-2.55904653797495e-01,7.48221200145407e-04	-2.50411429814312e-01,-1.15103679364295e-03
1.57252252252253e+05	-2.50990797475016e-01,-1.17793514003484e-04	-2.59655787648488e-01,1.71246793471384e-03	-2.55916100174312e-01,7.48051357782553e-04	-2.50424336770125e-01,-1.14860433277780e-03
1.57447447447448e+05	-2.51003410870154e-01,-1.16832108555731e-04	-2.59666312171374e-01,1.71098022681253e-03	-2.55927566347674e-01,7.47883566302357e-04	-2.50437255947413e-01,-1.14617779459206e-03
1.57642642642643e+05	-2.51016038022047e-01,-1.15871937451203e-04	-2.59676861417296e-01,1.70949861848321e-03	-2.55939052317417e-01,7.47717818131322e-04	-2.50450187388271e-01,-1.14375714971138e-03
1.57837837837838e+05	-2.51028678963612e-01,-1.14912994166438e-04	-2.59687435358836e-01,1.70802308337763e-03	-2.55950558083484e-01,7.47554105743758e-04	-2.50463131134599e-01,-1.14134236894911e-03
1.58033033033033e+05	-2.51041333727664e-01,-1.13955272211766e-04	-2.59698033968886e-01,1.70655359531841e-03	-2.55962083645932e-01,7.47392421665841e-04	-2.50476087228062e-01,-1.13893342329746e-03
1.58228228228229e+05	-2.51054002346786e-01,-1.12998765124772e-04	-2.59708657220686e-01,1.70509012829174e-03	-2.55973629004929e-01,7.47232758468289e-04	-2.50489055710173e-01,-1.13653028393536e-03
1.58423423423424e+05	-2.51066684853551e-01,-1.12043466480860e-04	-2.59719305087760e-01,1.70363265645290e-03	-2.55985194160733e-01,7.47075108775586e-04	-2.50502036622192e-01,-1.13413292221690e-03
1.58618618618619e+05	-2.51079381280312e-01,-1.11089369879622e-04	-2.59729977543935e-01,1.70218115411971e-03	-2.55996779113745e-01,7.46919465255624e-04	-2.50515030005216e-01,-1.13174130967764e-03
1.58813813813814e+05	-2.51092091659330e-01,-1.10136468956856e-04	-2.59740674563379e-01,1.70073559577338e-03	-2.56008383864436e-01,7.46765820626605e-04	-2.50528035900123e-01,-1.12935541802882e-03
1.59009009009009e+05	-2.51104816022734e-01,-1.09184757377062e-04	-2.59751396120518e-01,1.69929595605658e-03	-2.56020008413432e-01,7.46614167650816e-04	-2.50541054347597e-01,-1.12697521915739e-03
1.59204204204205e+05	-2.51117554402529e-01,-1.08234228835949e-04	-2.59762142190129e-01,1.69786220977443e-03	-2.56031652761410e-01,7.46464499141231e-04	-2.50554085388133e-01,-1.12460068512456e-03
1.59399399399400e+05	-2.51130306830572e-01,-1.07284877059632e-04	-2.59772912747248e-01,1.69643433188839e-03	-2.56043316909195e-01,7.46316807954645e-04	-2.50567129062042e-01,-1.12223178816649e-03
1.59594594594595e+05	-2.51143073338629e-01,-1.06336695806092e-04	-2.59783707767236e-01,1.69501229752031e-03	-2.56055000857687e-01,7.46171086994429e-04	-2.50580185409429e-01,-1.11986850068810e-03
1.59789789789790e+05	-2.51155853958329e-01,-1.05389678859924e-04	-2.59794527225742e-01,1.69359608194794e-03	-2.56066704607899e-01,7.46027329212154e-04	-2.50593254470226e-01,-1.11751079526531e-03
1.59984984984985e+05	-2.51168648721171e-01,-1.04443820038200e-04	-2.59805371098670e-01,1.69218566060686e-03	-2.56078428160978e-01,7.45885527601006e-04	-2.50606336284175e-01,-1.11515864464320e-03
1.60180180180181e+05	-2.51181457658547e-01,-1.03499113186745e-04	-2.59816239362284e-01,1.69078100908326e-03	-2.56090171518125e-01,7.45745675202678e-04	-2.50619430890818e-01,-1.11281202173255e-03
1.60375375375376e+05	-2.51194280801721e-01,-1.02555552182887e-04	-2.59827131993078e-01,1.68938210311961e-03	-2.56101934680673e-01,7.45607765100548e-04	-2.50632538329539e-01,-1.11047089961434e-03
1.60570570570571e+05	-2.51207118181841e-01,-1.01613130928796e-04	-2.59838048967859e-01,1.68798891860962e-03	-2.56113717650037e-01,7.45471790427416e-04	-2.50645658639544e-01,-1.10813525153039e-03
1.60765765765766e+05	-2.51219969829965e-01,-1.00671843360864e-04	-2.59848990263690e-01,1.68660143159891e-03	-2.56125520427772e-01,7.45337744354868e-04	-2.50658791859812e-01,-1.10580505088423e-03
1.60960960960961e+05	-2.51232835776976e-01,-9.97316834410317e-05	-2.59859955857949e-01,1.68521961828022e-03	-2.56137343015469e-01,7.45205620101400e-04	-2.50671938029233e-01,-1.10348027125061e-03
1.61156156156157e+05	-2.51245716053705e-01,-9.87926451619797e-05	-2.59870945728269e-01,1.68384345499779e-03	-2.56149185414887e-01,7.45075410927290e-04	-2.50685097186425e-01,-1.10116088635372e-03
1.61351351351352e+05	-2.51258610690833e-01,-9.78547225419374e-05	-2.59881959852573e-01,1.68247291824281e-03	-2.56161047627842e-01,7.44947110138755e-04	-2.50698269369895e-01,-1.09884687008378e-03
1.61546546546547e+05	-2.51271519718951e-01,-9.69179096311085e-05	-2.59892998209029e-01,1.68110798465219e-03	-2.56172929656241e-01,7.44820711082492e-04	-2.50711454617984e-01,-1.09653819648993e-03
1.61741741741742e+05	-2.51284443168529e-01,-9.59822005075495e-05	-2.59904060776109e-01,1.67974863100706e-03	-2.56184831502132e-01,7.44696207147205e-04	-2.50724652968809e-01,-1.09423483977578e-03
1.61936936936937e+05	-2.51297381069925e-01,-9.50475892728536e-05	-2.59915147532536e-01,1.67839483423651e-03	-2.56196753167620e-01,7.44573591767245e-04	-2.50737864460383e-01,-1.09193677430144e-03
1.62132132132133e+05	-2.51310333453401e-01,-9.41140700627674e-05	-2.59926258457323e-01,1.67704657140830e-03	-2.56208694654904e-01,7.44452858417635e-04	-2.50751089130506e-01,-1.08964397458210e-03
1.62327327327328e+05	-2.51323300349105e-01,-9.31816370361715e-05	-2.59937393529708e-01,1.67570381973532e-03	-2.56220655966314e-01,7.44334000612634e-04	-2.50764327016843e-01,-1.08735641528684e-03
1.62522522522523e+05	-2.51336281787071e-01,-9.22502843802991e-05	-2.59948552729227e-01,1.67436655656965e-03	-2.56232637104259e-01,7.44217011909312e-04	-2.50777578156871e-01,-1.08507407123531e-03
1.62717717717718e+05	-2.51349277797249e-01,-9.13200063118319e-05	-2.59959736035670e-01,1.67303475940409e-03	-2.56244638071212e-01,7.44101885908441e-04	-2.50790842587937e-01,-1.08279691740044e-03
1.62912912912914e+05	-2.51362288409481e-01,-9.03907970721401e-05	-2.59970943429074e-01,1.67170840586968e-03	-2.56256658869774e-01,7.43988616247929e-04	-2.50804120347198e-01,-1.08052492890361e-03
1.63108108108109e+05	-2.51375313653487e-01,-8.94626509301555e-05	-2.59982174889728e-01,1.67038747373674e-03	-2.56268699502640e-01,7.43877196607803e-04	-2.50817411471683e-01,-1.07825808101546e-03
1.63303303303304e+05	-2.51388353558903e-01,-8.85355621814826e-05	-2.59993430398200e-01,1.66907194091111e-03	-2.56280759972591e-01,7.43767620708616e-04	-2.50830715998240e-01,-1.07599634915263e-03
1.63498498498499e+05	-2.51401408155268e-01,-8.76095251494402e-05	-2.60004709935295e-01,1.66776178543331e-03	-2.56292840282491e-01,7.43659882309414e-04	-2.50844033963565e-01,-1.07373970888076e-03
1.63693693693694e+05	-2.51414477472021e-01,-8.66845341825073e-05	-2.60016013482066e-01,1.66645698548089e-03	-2.56304940435292e-01,7.43553975210920e-04	-2.50857365404225e-01,-1.07148813590915e-03
1.63888888888890e+05	-2.51427561538487e-01,-8.57605836561831e-05	-2.60027341019820e-01,1.66515751936369e-03	-2.56317060434066e-01,7.43449893251244e-04	-2.50870710356608e-01,-1.06924160609168e-03
1.64084084084085e+05	-2.51440660383918e-01,-8.48376679703500e-05	-2.60038692530120e-01,1.66386336552496e-03	-2.56329200281938e-01,7.43347630310129e-04	-2.50884068856970e-01,-1.06700009542410e-03
1.64279279279280e+05	-2.51453774037450e-01,-8.39157815532288e-05	-2.60050067994758e-01,1.66257450253901e-03	-2.56341359982144e-01,7.43247180303636e-04	-2.50897440941416e-01,-1.06476358004620e-03
1.64474474474475e+05	-2.51466902528146e-01,-8.29949188588391e-05	-2.60061467395765e-01,1.66129090911113e-03	-2.56353539538013e-01,7.43148537186711e-04	-2.50910826645899e-01,-1.06253203623889e-03
1.64669669669670e+05	-2.51480045884944e-01,-8.20750743625309e-05	-2.60072890715450e-01,1.66001256407625e-03	-2.56365738952954e-01,7.43051694954047e-04	-2.50924226006224e-01,-1.06030544041785e-03
1.64864864864866e+05	-2.51493204136730e-01,-8.11562425704210e-05	-2.60084337936305e-01,1.65873944639934e-03	-2.56377958230463e-01,7.42956647636656e-04	-2.50937639058065e-01,-1.05808376914457e-03
1.65060060060061e+05	-2.51506377312271e-01,-8.02384180118021e-05	-2.60095809041105e-01,1.65747153517121e-03	-2.56390197374119e-01,7.42863389305085e-04	-2.50951065836947e-01,-1.05586699911303e-03
1.65255255255256e+05	-2.51519565440237e-01,-7.93215952396287e-05	-2.60107304012847e-01,1.65620880961086e-03	-2.56402456387615e-01,7.42771914064702e-04	-2.50964506378250e-01,-1.05365510715645e-03
1.65450450450451e+05	-2.51532768549246e-01,-7.84057688337780e-05	-2.60118822834743e-01,1.65495124906354e-03	-2.56414735274698e-01,7.42682216060789e-04	-2.50977960717224e-01,-1.05144807024117e-03
1.65645645645646e+05	-2.51545986667778e-01,-7.74909333966511e-05	-2.60130365490286e-01,1.65369883299778e-03	-2.56427034039206e-01,7.42594289475151e-04	-2.50991428888975e-01,-1.04924586547030e-03
1.65840840840842e+05	-2.51559219824273e-01,-7.65770835595148e-05	-2.60141931963131e-01,1.65245154100870e-03	-2.56439352685087e-01,7.42508128524097e-04	-2.51004910928475e-01,-1.04704847008008e-03
1.66036036036037e+05	-2.51572468047046e-01,-7.56642139718988e-05	-2.60153522237224e-01,1.65120935281327e-03	-2.56451691216352e-01,7.42423727462416e-04	-2.51018406870558e-01,-1.04485586143735e-03
1.66231231231232e+05	-2.51585731364349e-01,-7.47523193140448e-05	-2.60165136296701e-01,1.64997224825057e-03	-2.56464049637099e-01,7.42341080581049e-04	-2.51031916749932e-01,-1.04266801704322e-03
1.66426426426427e+05	-2.51599009804346e-01,-7.38413942855398e-05	-2.60176774125930e-01,1.64874020728184e-03	-2.56476427951516e-01,7.42260182205523e-04	-2.51045440601171e-01,-1.04048491452755e-03
1.66621621621622e+05	-2.51612303395115e-01,-7.29314336108955e-05	-2.60188435709512e-01,1.64751320998874e-03	-2.56488826163877e-01,7.42181026698624e-04	-2.51058978458704e-01,-1.03830653164820e-03
1.66816816816818e+05	-2.51625612164644e-01,-7.20224320410884e-05	-2.60200121032270e-01,1.64629123657201e-03	-2.56501244278528e-01,7.42103608457084e-04	-2.51072530356852e-01,-1.03613284629496e-03
1.67012012012013e+05	-2.51638936140856e-01,-7.11143843489664e-05	-2.60211830079232e-01,1.64507426735130e-03	-2.56513682299900e-01,7.42027921913885e-04	-2.51086096329792e-01,-1.03396383648337e-03
1.67207207207208e+05	-2.51652275351575e-01,-7.02072853287078e-05	-2.60223562835655e-01,1.64386228276552e-03	-2.56526140232531e-01,7.41953961536326e-04	-2.51099676411581e-01,-1.03179948035392e-03
1.67402402402403e+05	-2.51665629824565e-01,-6.93011298028012e-05	-2.60235319287011e-01,1.64265526336832e-03	-2.56538618080996e-01,7.41881721826890e-04	-2.51113270636154e-01,-1.02963975617705e-03
1.67597597597598e+05	-2.51678999587476e-01,-6.83959126107359e-05	-2.60247099419006e-01,1.64145318983105e-03	-2.56551115849983e-01,7.41811197322639e-04	-2.51126879037321e-01,-1.02748464234292e-03
1.67792792792794e+05	-2.51692384667933e-01,-6.74916286210053e-05	-2.60258903217518e-01,1.64025604294138e-03	-2.56563633544261e-01,7.41742382593891e-04	-2.51140501648749e-01,-1.02533411736740e-03
1.67987987987989e+05	-2.51705785093435e-01,-6.65882727230033e-05	-2.60270730668676e-01,1.63906380359834e-03	-2.56576171168660e-01,7.41675272245321e-04	-2.51154138504015e-01,-1.02318815989219e-03
1.68183183183184e+05	-2.51719200891436e-01,-6.56858398260657e-05	-2.60282581758793e-01,1.63787645281915e-03	-2.56588728728118e-01,7.41609860916398e-04	-2.51167789636553e-01,-1.02104674867438e-03
1.68378378378379e+05	-2.51732632089288e-01,-6.47843248651886e-05	-2.60294456474415e-01,1.63669397173027e-03	-2.56601306227619e-01,7.41546143279731e-04	-2.51181455079702e-01,-1.01890986259831e-03
1.68573573573575e+05	-2.51746078714287e-01,-6.38837227975170e-05	-2.60306354802273e-01,1.63551634157186e-03	-2.56613903672260e-01,7.41484114038890e-04	-2.51195134866645e-01,-1.01677748066431e-03
1.68768768768770e+05	-2.51759540793658e-01,-6.29840286031913e-05	-2.60318276729331e-01,1.63434354369388e-03	-2.56626521067179e-01,7.41423767934762e-04	-2.51208829030482e-01,-1.01464958199488e-03
1.68963963963965e+05	-2.51773018354533e-01,-6.20852372813230e-05	-2.60330222242720e-01,1.63317555955976e-03	-2.56639158417635e-01,7.41365099737143e-04	-2.51222537604197e-01,-1.01252614582827e-03
1.69159159159160e+05	-2.51786511424004e-01,-6.11873438572941e-05	-2.60342191329808e-01,1.63201237073911e-03	-2.56651815728932e-01,7.41308104250146e-04	-2.51236260620619e-01,-1.01040715152087e-03
1.69354354354355e+05	-2.51800020029046e-01,-6.02903433744306e-05	-2.60354183978154e-01,1.63085395891384e-03	-2.56664493006467e-01,7.41252776311388e-04	-2.51249998112520e-01,-1.00829257854655e-03
1.69549549549551e+05	-2.51813544196610e-01,-5.93942309010526e-05	-2.60366200175507e-01,1.62970030587029e-03	-2.56677190255703e-01,7.41199110788571e-04	-2.51263750112527e-01,-1.00618240649383e-03
1.69744744744746e+05	-2.51827083953542e-01,-5.84990015253251e-05	-2.60378239909831e-01,1.62855139350544e-03	-2.56689907482195e-01,7.41147102582135e-04	-2.51277516653166e-01,-1.00407661506732e-03
1.69939939939941e+05	-2.51840639326636e-01,-5.76046503577843e-05	-2.60390303169275e-01,1.62740720382153e-03	-2.56702644691567e-01,7.41096746623898e-04	-2.51291297766844e-01,-1.00197518408364e-03
1.70135135135136e+05	-2.51854210342626e-01,-5.67111725299912e-05	-2.60402389942188e-01,1.62626771892684e-03	-2.56715401889506e-01,7.41048037879277e-04	-2.51305093485869e-01,-9.99878093473738e-04
1.70330330330331e+05	-2.51867797028160e-01,-5.58185631942681e-05	-2.60414500217119e-01,1.62513292103397e-03	-2.56728179081796e-01,7.41000971342790e-04	-2.51318903842445e-01,-9.97785323281139e-04
1.70525525525527e+05	-2.51881399409826e-01,-5.49268175235040e-05	-2.60426633982807e-01,1.62400279246142e-03	-2.56740976274278e-01,7.40955542040872e-04	-2.51332728868658e-01,-9.95696853659425e-04
1.70720720720722e+05	-2.51895017514143e-01,-5.40359307147215e-05	-2.60438791228171e-01,1.62287731562930e-03	-2.56753793472887e-01,7.40911745028744e-04	-2.51346568596503e-01,-9.93612664875909e-04
1.70915915915917e+05	-2.51908651367594e-01,-5.31458979821792e-05	-2.60450971942332e-01,1.62175647306406e-03	-2.56766630683611e-01,7.40869575397582e-04	-2.51360423057853e-01,-9.91532737303444e-04
1.71111111111112e+05	-2.51922300996541e-01,-5.22567145617436e-05	-2.60463176114608e-01,1.62064024738924e-03	-2.56779487912525e-01,7.40829028263987e-04	-2.51374292284500e-01,-9.89457051427070e-04
1.71306306306307e+05	-2.51935966427336e-01,-5.13683757118327e-05	-2.60475403734485e-01,1.61952862133420e-03	-2.56792365165777e-01,7.40790098775909e-04	-2.51388176308115e-01,-9.87385587839215e-04
1.71501501501503e+05	-2.51949647686236e-01,-5.04808767082532e-05	-2.60487654791661e-01,1.61842157772674e-03	-2.56805262449585e-01,7.40752782113066e-04	-2.51402075160274e-01,-9.85318327239679e-04
1.71696696696698e+05	-2.51963344799448e-01,-4.95942128487109e-05	-2.60499929275997e-01,1.61731909949601e-03	-2.56818179770239e-01,7.40717073484401e-04	-2.51415988872467e-01,-9.83255250434245e-04
1.71891891891893e+05	-2.51977057793112e-01,-4.87083794518395e-05	-2.60512227177542e-01,1.61622116966890e-03	-2.56831117134102e-01,7.40682968127279e-04	-2.51429917476072e-01,-9.81196338337278e-04
1.72087087087088e+05	-2.51990786693325e-01,-4.78233718544940e-05	-2.60524548486533e-01,1.61512777137310e-03	-2.56844074547618e-01,7.40650461309916e-04	-2.51443861002364e-01,-9.79141571963396e-04
1.72282282282283e+05	-2.52004531526110e-01,-4.69391854148460e-05	-2.60536893193397e-01,1.61403888783156e-03	-2.56857052017281e-01,7.40619548329755e-04	-2.51457819482529e-01,-9.77090932435809e-04
1.72477477477479e+05	-2.52018292317424e-01,-4.60558155107593e-05	-2.60549261288710e-01,1.61295450236776e-03	-2.56870049549682e-01,7.40590224512547e-04	-2.51471792947667e-01,-9.75044400979799e-04
1.72672672672674e+05	-2.52032069093173e-01,-4.51732575377645e-05	-2.60561652763267e-01,1.61187459839897e-03	-2.56883067151465e-01,7.40562485214175e-04	-2.51485781428773e-01,-9.73001958924288e-04
1.72867867867869e+05	-2.52045861879191e-01,-4.42915069140959e-05	-2.60574067608020e-01,1.61079915943868e-03	-2.56896104829366e-01,7.40536325817137e-04	-2.51499784956745e-01,-9.70963587698645e-04
1.73063063063064e+05	-2.52059670701296e-01,-4.34105590751827e-05	-2.60586505814102e-01,1.60972816909716e-03	-2.56909162590152e-01,7.40511741735200e-04	-2.51513803562399e-01,-9.68929268835239e-04
1.73258258258259e+05	-2.52073495585208e-01,-4.25304094773260e-05	-2.60598967372810e-01,1.60866161107764e-03	-2.56922240440703e-01,7.40488728407374e-04	-2.51527837276446e-01,-9.66898983966236e-04
1.73453453453455e+05	-2.52087336556616e-01,-4.16510535933279e-05	-2.60611452275626e-01,1.60759946917968e-03	-2.56935338387946e-01,7.40467281304127e-04	-2.51541886129524e-01,-9.64872714824108e-04
1.73648648648650e+05	-2.52101193641125e-01,-4.07724869180837e-05	-2.60623960514208e-01,1.60654172729296e-03	-2.56948456438877e-01,7.40447395921509e-04	-2.51555950152178e-01,-9.62850443240543e-04
1.73843843843845e+05	-2.52115066864324e-01,-3.98947049638915e-05	-2.60636492080380e-01,1.60548836940236e-03	-2.56961594600581e-01,7.40429067784612e-04	-2.51570029374840e-01,-9.60832151144522e-04
1.74039039039040e+05	-2.52128956251719e-01,-3.90177032621175e-05	-2.60649046966137e-01,1.60443937958248e-03	-2.56974752880174e-01,7.40412292445411e-04	-2.51584123827891e-01,-9.58817820565422e-04
1.74234234234236e+05	-2.52142861828769e-01,-3.81414773613642e-05	-2.60661625163655e-01,1.60339474200127e-03	-2.56987931284887e-01,7.40397065483595e-04	-2.51598233541589e-01,-9.56807433626347e-04
1.74429429429431e+05	-2.52156783620899e-01,-3.72660228323274e-05	-2.60674226665248e-01,1.60235444091719e-03	-2.57001129821976e-01,7.40383382505955e-04	-2.51612358546146e-01,-9.54800972550074e-04
1.74624624624626e+05	-2.52170721653459e-01,-3.63913352614126e-05	-2.60686851463440e-01,1.60131846067722e-03	-2.57014348498790e-01,7.40371239146415e-04	-2.51626498871652e-01,-9.52798419652373e-04
1.74819819819821e+05	-2.52184675951746e-01,-3.55174102519840e-05	-2.60699499550885e-01,1.60028678572034e-03	-2.57027587322755e-01,7.40360631067097e-04	-2.51640654548138e-01,-9.50799757345216e-04
1.75015015015016e+05	-2.52198646541027e-01,-3.46442434304012e-05	-2.60712170920425e-01,1.59925940057161e-03	-2.57040846301325e-01,7.40351553953494e-04	-2.51654825605544e-01,-9.48804968136541e-04
1.75210210210212e+05	-2.52212633446513e-01,-3.37718304368323e-05	-2.60724865565046e-01,1.59823628984770e-03	-2.57054125442070e-01,7.40344003521839e-04	-2.51669012073721e-01,-9.46814034623808e-04
1.75405405405407e+05	-2.52226636693357e-01,-3.29001669316098e-05	-2.60737583477925e-01,1.59721743824952e-03	-2.57067424752574e-01,7.40337975511318e-04	-2.51683213982447e-01,-9.44826939500890e-04
1.75600600600602e+05	-2.52240656306663e-01,-3.20292485925661e-05	-2.60750324652374e-01,1.59620283056579e-03	-2.57080744240536e-01,7.40333465689511e-04	-2.51697431361427e-01,-9.42843665554902e-04
1.75795795795797e+05	-2.52254692311497e-01,-3.11590711121884e-05	-2.60763089081882e-01,1.59519245167565e-03	-2.57094083913695e-01,7.40330469849670e-04	-2.51711664240262e-01,-9.40864195659377e-04
1.75990990990992e+05	-2.52268744732862e-01,-3.02896302070144e-05	-2.60775876760094e-01,1.59418628653792e-03	-2.57107443779865e-01,7.40328983808755e-04	-2.51725912648500e-01,-9.38888512785827e-04
1.76186186186188e+05	-2.52282813595742e-01,-2.94209216055163e-05	-2.60788687680812e-01,1.59318432020139e-03	-2.57120823846913e-01,7.40329003412643e-04	-2.51740176615595e-01,-9.36916599990165e-04
1.76381381381383e+05	-2.52296898925045e-01,-2.85529410574137e-05	-2.60801521837995e-01,1.59218653779718e-03	-2.57134224122782e-01,7.40330524530791e-04	-2.51754456170935e-01,-9.34948440422190e-04
1.76576576576578e+05	-2.52311000745661e-01,-2.76856843254986e-05	-2.60814379225758e-01,1.59119292454431e-03	-2.57147644615477e-01,7.40333543060287e-04	-2.51768751343832e-01,-9.32984017317756e-04
1.76771771771773e+05	-2.52325119082402e-01,-2.68191471941293e-05	-2.60827259838367e-01,1.59020346573960e-03	-2.57161085333078e-01,7.40338054918868e-04	-2.51783062163509e-01,-9.31023314003451e-04
1.76966966966968e+05	-2.52339253960059e-01,-2.59533254617500e-05	-2.60840163670271e-01,1.58921814676762e-03	-2.57174546283710e-01,7.40344056053804e-04	-2.51797388659131e-01,-9.29066313893182e-04
1.77162162162164e+05	-2.52353405403372e-01,-2.50882149455955e-05	-2.60853090716042e-01,1.58823695309239e-03	-2.57188027475578e-01,7.40351542435028e-04	-2.51811730859775e-01,-9.27113000487173e-04
1.77357357357359e+05	-2.52367573437050e-01,-2.42238114786519e-05	-2.60866040970415e-01,1.58725987026255e-03	-2.57201528916937e-01,7.40360510060503e-04	-2.51826088794457e-01,-9.25163357373623e-04
1.77552552552554e+05	-2.52381758085728e-01,-2.33601109099757e-05	-2.60879014428279e-01,1.58628688390736e-03	-2.57215050616127e-01,7.40370954946834e-04	-2.51840462492122e-01,-9.23217368225204e-04
1.77747747747749e+05	-2.52395959374039e-01,-2.24971091096482e-05	-2.60892011084674e-01,1.58531797973402e-03	-2.57228592581525e-01,7.40382873139253e-04	-2.51854851981619e-01,-9.21275016802461e-04
1.77942942942944e+05	-2.52410177326542e-01,-2.16348019589918e-05	-2.60905030934791e-01,1.58435314353390e-03	-2.57242154821588e-01,7.40396260707071e-04	-2.51869257291766e-01,-9.19336286948860e-04
1.78138138138140e+05	-2.52424411967772e-01,-2.07731853577309e-05	-2.60918073973953e-01,1.58339236117783e-03	-2.57255737344838e-01,7.40411113743067e-04	-2.51883678451296e-01,-9.17401162591994e-04
1.78333333333335e+05	-2.52438663322212e-01,-1.99122552225345e-05	-2.60931140197663e-01,1.58243561861347e-03	-2.57269340159850e-01,7.40427428364124e-04	-2.51898115488852e-01,-9.15469627744039e-04
1.78528528528530e+05	-2.52452931414328e-01,-1.90520074872386e-05	-2.60944229601547e-01,1.58148290186896e-03	-2.57282963275263e-01,7.40445200710316e-04	-2.51912568433033e-01,-9.13541666499734e-04
1.78723723723725e+05	-2.52467216268515e-01,-1.81924380990017e-05	-2.60957342181395e-01,1.58053419704841e-03	-2.57296606699779e-01,7.40464426945586e-04	-2.51927037312359e-01,-9.11617263036360e-04
1.78918918918920e+05	-2.52481517909152e-01,-1.73335430218996e-05	-2.60970477933129e-01,1.57958949033787e-03	-2.57310270442160e-01,7.40485103259428e-04	-2.51941522155302e-01,-9.09696401614174e-04
1.79114114114116e+05	-2.52495836360569e-01,-1.64753182396588e-05	-2.60983636852804e-01,1.57864876799654e-03	-2.57323954511248e-01,7.40507225861053e-04	-2.51956022990243e-01,-9.07779066573758e-04
1.79309309309311e+05	-2.52510171647058e-01,-1.56177597461366e-05	-2.60996818936655e-01,1.57771201636220e-03	-2.57337658915916e-01,7.40530790986474e-04	-2.51970539845516e-01,-9.05865242336892e-04
1.79504504504506e+05	-2.52524523792880e-01,-1.47608635552576e-05	-2.61010024181033e-01,1.57677922184772e-03	-2.57351383665118e-01,7.40555794891684e-04	-2.51985072749378e-01,-9.03954913404725e-04
1.79699699699701e+05	-2.52538892822253e-01,-1.39046256932701e-05	-2.61023252582435e-01,1.57585037094393e-03	-2.57365128767873e-01,7.40582233858852e-04	-2.51999621730032e-01,-9.02048064358119e-04
1.79894894894897e+05	-2.52553278759369e-01,-1.30490422055735e-05	-2.61036504137500e-01,1.57492545021309e-03	-2.57378894233239e-01,7.40610104190811e-04	-2.52014186815626e-01,-9.00144679859063e-04
1.80090090090092e+05	-2.52567681628377e-01,-1.21941091513894e-05	-2.61049778843014e-01,1.57400444629512e-03	-2.57392680070344e-01,7.40639402213847e-04	-2.52028768034220e-01,-8.98244744647378e-04
1.80285285285287e+05	-2.52582101453383e-01,-1.13398226040395e-05	-2.61063076695896e-01,1.57308734590353e-03	-2.57406486288400e-01,7.40670124275145e-04	-2.52043365413838e-01,-8.96348243538903e-04
1.80480480480482e+05	-2.52596538258471e-01,-1.04861786529853e-05	-2.61076397693205e-01,1.57217413582426e-03	-2.57420312896635e-01,7.40702266747800e-04	-2.52057978982433e-01,-8.94455161429164e-04
1.80675675675677e+05	-2.52610992067685e-01,-9.63317340435532e-06	-2.61089741832131e-01,1.57126480291833e-03	-2.57434159904387e-01,7.40735826023062e-04	-2.52072608767892e-01,-8.92565483289948e-04
1.80870870870873e+05	-2.52625462905024e-01,-8.78080297654626e-06	-2.61103109110022e-01,1.57035933411759e-03	-2.57448027321008e-01,7.40770798517518e-04	-2.52087254798059e-01,-8.90679194169811e-04
1.81066066066068e+05	-2.52639950794486e-01,-7.92906350595424e-06	-2.61116499524342e-01,1.56945771642683e-03	-2.57461915155932e-01,7.40807180667602e-04	-2.52101917100702e-01,-8.88796279192527e-04
1.81261261261263e+05	-2.52654455759996e-01,-7.07795114165966e-06	-2.61129913072706e-01,1.56855993692333e-03	-2.57475823418653e-01,7.40844968933105e-04	-2.52116595703543e-01,-8.86916723559047e-04
1.81456456456458e+05	-2.52668977825481e-01,-6.22746204811953e-06	-2.61143349752840e-01,1.56766598275530e-03	-2.57489752118715e-01,7.40884159795660e-04	-2.52131290634248e-01,-8.85040512543109e-04
1.81651651651653e+05	-2.52683517014820e-01,-5.37759240640256e-06	-2.61156809562636e-01,1.56677584114105e-03	-2.57503701265724e-01,7.40924749756414e-04	-2.52146001920405e-01,-8.83167631493556e-04
1.81846846846849e+05	-2.52698073351850e-01,-4.52833840787481e-06	-2.61170292500086e-01,1.56588949937068e-03	-2.57517670869356e-01,7.40966735339785e-04	-2.52160729589586e-01,-8.81298065833577e-04
1.82042042042044e+05	-2.52712646860396e-01,-3.67969626403897e-06	-2.61183798563335e-01,1.56500694480220e-03	-2.57531660939332e-01,7.41010113090176e-04	-2.52175473669273e-01,-8.79431801061467e-04
1.82237237237239e+05	-2.52727237564251e-01,-2.83166219504360e-06	-2.61197327750671e-01,1.56412816486512e-03	-2.57545671485424e-01,7.41054879576292e-04	-2.52190234186898e-01,-8.77568822743771e-04
1.82432432432434e+05	-2.52741845487172e-01,-1.98423243980006e-06	-2.61210880060471e-01,1.56325314705764e-03	-2.57559702517491e-01,7.41101031383154e-04	-2.52205011169857e-01,-8.75709116523390e-04
1.82627627627629e+05	-2.52756470652873e-01,-1.13740324914069e-06	-2.61224455491296e-01,1.56238187894528e-03	-2.57573754045411e-01,7.41148565120961e-04	-2.52219804645482e-01,-8.73852668113684e-04
1.82822822822825e+05	-2.52771113085066e-01,-2.91170888511161e-07	-2.61238054041789e-01,1.56151434816328e-03	-2.57587826079163e-01,7.41197477419089e-04	-2.52234614641046e-01,-8.71999463299147e-04
1.83018018018020e+05	-2.52785772807415e-01,5.54468361141369e-07	-2.61251675710753e-01,1.56065054241335e-03	-2.57601918628743e-01,7.41247764926137e-04	-2.52249441183785e-01,-8.70149487937372e-04
1.83213213213215e+05	-2.52800449843566e-01,1.39951820656015e-06	-2.61265320497092e-01,1.55979044946555e-03	-2.57616031704234e-01,7.41299424313668e-04	-2.52264284300875e-01,-8.68302727953643e-04
1.83408408408410e+05	-2.52815144217132e-01,2.24398234019429e-06	-2.61278988399864e-01,1.55893405715436e-03	-2.57630165315760e-01,7.41352452271138e-04	-2.52279144019434e-01,-8.66459169344830e-04
1.83603603603605e+05	-2.52829855951703e-01,3.08786443976861e-06	-2.61292679418249e-01,1.55808135338462e-03	-2.57644319473498e-01,7.41406845512674e-04	-2.52294020366541e-01,-8.64618798177008e-04
1.83798798798801e+05	-2.52844585070832e-01,3.93116817075378e-06	-2.61306393551535e-01,1.55723232612517e-03	-2.57658494187688e-01,7.41462600766948e-04	-2.52308913369234e-01,-8.62781600585755e-04
1.83993993993996e+05	-2.52859331598055e-01,4.77389718581134e-06	-2.61320130799157e-01,1.55638696340901e-03	-2.57672689468647e-01,7.41519714789224e-04	-2.52323823054473e-01,-8.60947562772191e-04
1.84189189189191e+05	-2.52874095556891e-01,5.61605511904817e-06	-2.61333891160649e-01,1.55554525333663e-03	-2.57686905326707e-01,7.41578184346420e-04	-2.52338749449198e-01,-8.59116671011531e-04
1.84384384384386e+05	-2.52888876970799e-01,6.45764559757678e-06	-2.61347674635703e-01,1.55470718407151e-03	-2.57701141772294e-01,7.41638006233544e-04	-2.52353692580288e-01,-8.57288911641232e-04
1.84579579579581e+05	-2.52903675863257e-01,7.29867222888647e-06	-2.61361481224095e-01,1.55387274384219e-03	-2.57715398815865e-01,7.41699177260052e-04	-2.52368652474583e-01,-8.55464271069264e-04
1.84774774774777e+05	-2.52918492257690e-01,8.13913861252846e-06	-2.61375310925754e-01,1.55304192094147e-03	-2.57729676467946e-01,7.41761694256132e-04	-2.52383629158863e-01,-8.53642735768462e-04
1.84969969969972e+05	-2.52933326177505e-01,8.97904833228880e-06	-2.61389163740725e-01,1.55221470372637e-03	-2.57743974739108e-01,7.41825554073372e-04	-2.52398622659875e-01,-8.51824292278355e-04
1.85165165165167e+05	-2.52948177646092e-01,9.81840495969943e-06	-2.61403039669148e-01,1.55139108061540e-03	-2.57758293639999e-01,7.41890753581997e-04	-2.52413633004324e-01,-8.50008927204493e-04
1.85360360360362e+05	-2.52963046686799e-01,1.06572120530807e-05	-2.61416938711334e-01,1.55057104008993e-03	-2.57772633181293e-01,7.41957289670345e-04	-2.52428660218853e-01,-8.48196627217968e-04
1.85555555555558e+05	-2.52977933322975e-01,1.14954731555983e-05	-2.61430860867664e-01,1.54975457069530e-03	-2.57786993373738e-01,7.42025159245735e-04	-2.52443704330073e-01,-8.46387379056207e-04
1.85750750750753e+05	-2.52992837577930e-01,1.23331917975950e-05	-2.61444806138658e-01,1.54894166103586e-03	-2.57801374228135e-01,7.42094359234322e-04	-2.52458765364551e-01,-8.44581169520769e-04
1.85945945945948e+05	-2.53007759474957e-01,1.31703715033210e-05	-2.61458774524968e-01,1.54813229978212e-03	-2.57815775755332e-01,7.42164886585017e-04	-2.52473843348813e-01,-8.42777985473525e-04
1.86141141141143e+05	-2.53022699037325e-01,1.40070157750721e-05	-2.61472766027347e-01,1.54732647565936e-03	-2.57830197966243e-01,7.42236738259364e-04	-2.52488938309327e-01,-8.40977813846261e-04
1.86336336336338e+05	-2.53037656288290e-01,1.48431281078998e-05	-2.61486780646660e-01,1.54652417746046e-03	-2.57844640871824e-01,7.42309911242467e-04	-2.52504050272544e-01,-8.39180641630466e-04
1.86531531531534e+05	-2.53052631251068e-01,1.56787119843516e-05	-2.61500818383916e-01,1.54572539403396e-03	-2.57859104483096e-01,7.42384402537211e-04	-2.52519179264854e-01,-8.37386455878567e-04
1.86726726726729e+05	-2.53067623948884e-01,1.65137708709184e-05	-2.61514879240198e-01,1.54493011429067e-03	-2.57873588811127e-01,7.42460209163853e-04	-2.52534325312614e-01,-8.35595243710352e-04
1.86921921921924e+05	-2.53082634404910e-01,1.73483082249321e-05	-2.61528963216750e-01,1.54413832720082e-03	-2.57888093867044e-01,7.42537328160861e-04	-2.52549488442143e-01,-8.33806992304773e-04
1.87117117117119e+05	-2.53097662642318e-01,1.81823274894438e-05	-2.61543070314897e-01,1.54335002179191e-03	-2.57902619662031e-01,7.42615756584519e-04	-2.52564668679715e-01,-8.32021688904214e-04
1.87312312312314e+05	-2.53112708684263e-01,1.90158320963335e-05	-2.61557200536095e-01,1.54256518715133e-03	-2.57917166207304e-01,7.42695491512679e-04	-2.52579866051566e-01,-8.30239320809903e-04
1.87507507507510e+05	-2.53127772553860e-01,1.98488254660595e-05	-2.61571353881917e-01,1.54178381242853e-03	-2.57931733514160e-01,7.42776530037084e-04	-2.52595080583895e-01,-8.28459875384532e-04
1.87702702702705e+05	-2.53142854274226e-01,2.06813110051468e-05	-2.61585530354029e-01,1.54100588682660e-03	-2.57946321593945e-01,7.42858869269974e-04	-2.52610312302858e-01,-8.26683340052356e-04
1.87897897897900e+05	-2.53157953868459e-01,2.15132921098787e-05	-2.61599729954236e-01,1.54023139960946e-03	-2.57960930458033e-01,7.42942506341812e-04	-2.52625561234592e-01,-8.24909702297219e-04
1.88093093093095e+05	-2.53173071359621e-01,2.23447721605374e-05	-2.61613952684418e-01,1.53946034009400e-03	-2.57975560117891e-01,7.43027438396646e-04	-2.52640827405169e-01,-8.23138949664529e-04
1.88288288288290e+05	-2.53188206770767e-01,2.31757545317846e-05	-2.61628198546618e-01,1.53869269765947e-03	-2.57990210585003e-01,7.43113662601824e-04	-2.52656110840648e-01,-8.21371069754287e-04
1.88483483483486e+05	-2.53203360124950e-01,2.40062425808096e-05	-2.61642467542943e-01,1.53792846173960e-03	-2.58004881870923e-01,7.43201176138367e-04	-2.52671411567030e-01,-8.19606050229515e-04
1.88678678678681e+05	-2.53218531445176e-01,2.48362396574331e-05	-2.61656759675639e-01,1.53716762182529e-03	-2.58019573987267e-01,7.43289976207651e-04	-2.52686729610299e-01,-8.17843878809690e-04
1.88873873873876e+05	-2.53233720754464e-01,2.56657490941836e-05	-2.61671074947049e-01,1.53641016746124e-03	-2.58034286945671e-01,7.43380060024598e-04	-2.52702064996396e-01,-8.16084543274767e-04
1.89069069069071e+05	-2.53248928075788e-01,2.64947742197041e-05	-2.61685413359620e-01,1.53565608825075e-03	-2.58049020757866e-01,7.43471424824796e-04	-2.52717417751235e-01,-8.14328031458672e-04
1.89264264264266e+05	-2.53264153432135e-01,2.73233183457067e-05	-2.61699774915929e-01,1.53490537385180e-03	-2.58063775435595e-01,7.43564067860913e-04	-2.52732787900681e-01,-8.12574331256394e-04
1.89459459459462e+05	-2.53279396846454e-01,2.81513847715104e-05	-2.61714159618638e-01,1.53415801397659e-03	-2.58078550990683e-01,7.43657986400192e-04	-2.52748175470588e-01,-8.10823430618487e-04
1.89654654654657e+05	-2.53294658341689e-01,2.89789767880105e-05	-2.61728567470526e-01,1.53341399839230e-03	-2.58093347435002e-01,7.43753177728457e-04	-2.52763580486750e-01,-8.09075317551852e-04
1.89849849849852e+05	-2.53309937940764e-01,2.98060976756942e-05	-2.61742998474485e-01,1.53267331691943e-03	-2.58108164780454e-01,7.43849639147837e-04	-2.52779002974951e-01,-8.07329980119009e-04
1.90045045045047e+05	-2.53325235666601e-01,3.06327507002269e-05	-2.61757452633506e-01,1.53193595943565e-03	-2.58123003039018e-01,7.43947367978226e-04	-2.52794442960925e-01,-8.05587406440295e-04
1.90240240240242e+05	-2.53340551542088e-01,3.14589391197662e-05	-2.61771929950688e-01,1.53120191586963e-03	-2.58137862222716e-01,7.44046361555756e-04	-2.52809900470392e-01,-8.03847584689363e-04
1.90435435435438e+05	-2.53355885590126e-01,3.22846661760939e-05	-2.61786430429237e-01,1.53047117620360e-03	-2.58152742343613e-01,7.44146617231572e-04	-2.52825375529023e-01,-8.02110503098488e-04
1.90630630630633e+05	-2.53371237833567e-01,3.31099351073699e-05	-2.61800954072455e-01,1.52974373047454e-03	-2.58167643413849e-01,7.44248132376821e-04	-2.52840868162477e-01,-8.00376149949197e-04
1.90825825825828e+05	-2.53386608295280e-01,3.39347491346981e-05	-2.61815500883771e-01,1.52901956877025e-03	-2.58182565445585e-01,7.44350904376023e-04	-2.52856378396367e-01,-7.98644513583746e-04
1.91021021021023e+05	-2.53401996998111e-01,3.47591114696344e-05	-2.61830070866688e-01,1.52829868123250e-03	-2.58197508451064e-01,7.44454930628621e-04	-2.52871906256282e-01,-7.96915582394919e-04
1.91216216216219e+05	-2.53417403964894e-01,3.55830253142009e-05	-2.61844664024838e-01,1.52758105805352e-03	-2.58212472442550e-01,7.44560208557510e-04	-2.52887451767783e-01,-7.95189344829486e-04
1.91411411411414e+05	-2.53432829218445e-01,3.64064938592062e-05	-2.61859280361945e-01,1.52686668947941e-03	-2.58227457432369e-01,7.44666735592564e-04	-2.52903014956408e-01,-7.93465789388714e-04
1.91606606606609e+05	-2.53448272781581e-01,3.72295202838158e-05	-2.61873919881834e-01,1.52615556580650e-03	-2.58242463432915e-01,7.44774509184684e-04	-2.52918595847645e-01,-7.91744904625996e-04
1.91801801801804e+05	-2.53463734677094e-01,3.80521077597007e-05	-2.61888582588433e-01,1.52544767738207e-03	-2.58257490456620e-01,7.44883526801757e-04	-2.52934194466979e-01,-7.90026679147418e-04
1.91996996996999e+05	-2.53479214927777e-01,3.88742594424063e-05	-2.61903268485773e-01,1.52474301460570e-03	-2.58272538515955e-01,7.44993785924047e-04	-2.52949810839858e-01,-7.88311101612788e-04
1.92192192192195e+05	-2.53494713556400e-01,3.96959784806639e-05	-2.61917977577995e-01,1.52404156792536e-03	-2.58287607623453e-01,7.45105284050501e-04	-2.52965444991699e-01,-7.86598160734286e-04
1.92387387387390e+05	-2.53510230585729e-01,4.05172680131294e-05	-2.61932709869329e-01,1.52334332784070e-03	-2.58302697791699e-01,7.45218018693122e-04	-2.52981096947896e-01,-7.84887845272211e-04
1.92582582582585e+05	-2.53525766038525e-01,4.13381311671623e-05	-2.61947465364101e-01,1.52264828490201e-03	-2.58317809033334e-01,7.45331987382802e-04	-2.52996766733814e-01,-7.83180144041731e-04
1.92777777777780e+05	-2.53541319937531e-01,4.21585710593808e-05	-2.61962244066762e-01,1.52195642970704e-03	-2.58332941361024e-01,7.45447187663201e-04	-2.53012454374798e-01,-7.81475045909141e-04
1.92972972972975e+05	-2.53556892305483e-01,4.29785907969799e-05	-2.61977045981826e-01,1.52126775290623e-03	-2.58348094787517e-01,7.45563617094477e-04	-2.53028159896164e-01,-7.79772539788975e-04
1.93168168168171e+05	-2.53572483165107e-01,4.37981934744563e-05	-2.61991871113932e-01,1.52058224519493e-03	-2.58363269325594e-01,7.45681273250642e-04	-2.53043883323203e-01,-7.78072614650197e-04
1.93363363363366e+05	-2.53588092539120e-01,4.46173821812695e-05	-2.62006719467819e-01,1.51989989732210e-03	-2.58378464988084e-01,7.45800153725829e-04	-2.53059624681180e-01,-7.76375259505843e-04
1.93558558558561e+05	-2.53603720450226e-01,4.54361599910857e-05	-2.62021591048296e-01,1.51922070008041e-03	-2.58393681787871e-01,7.45920256121482e-04	-2.53075383995347e-01,-7.74680463427602e-04
1.93753753753756e+05	-2.53619366921146e-01,4.62545299704381e-05	-2.62036485860305e-01,1.51854464431378e-03	-2.58408919737892e-01,7.46041578062490e-04	-2.53091161290906e-01,-7.72988215526682e-04
1.93948948948951e+05	-2.53635031974544e-01,4.70724951776857e-05	-2.62051403908868e-01,1.51787172091260e-03	-2.58424178851127e-01,7.46164117181411e-04	-2.53106956593068e-01,-7.71298504971207e-04
1.94144144144147e+05	-2.53650715633134e-01,4.78900586573794e-05	-2.62066345199097e-01,1.51720192081722e-03	-2.58439459140606e-01,7.46287871132137e-04	-2.53122769926996e-01,-7.69611320973931e-04
1.94339339339342e+05	-2.53666417919569e-01,4.87072234485880e-05	-2.62081309736219e-01,1.51653523501309e-03	-2.58454760619417e-01,7.46412837578744e-04	-2.53138601317852e-01,-7.67926652796777e-04
1.94534534534537e+05	-2.53682138856538e-01,4.95239925755731e-05	-2.62096297525544e-01,1.51587165453254e-03	-2.58470083300684e-01,7.46539014202560e-04	-2.53154450790747e-01,-7.66244489751655e-04
1.94729729729732e+05	-2.53697878466697e-01,5.03403690563509e-05	-2.62111308572472e-01,1.51521117045551e-03	-2.58485427197581e-01,7.46666398697929e-04	-2.53170318370812e-01,-7.64564821198896e-04
1.94924924924927e+05	-2.53713636772709e-01,5.11563558997785e-05	-2.62126342882506e-01,1.51455377391133e-03	-2.58500792323360e-01,7.46794988776153e-04	-2.53186204083108e-01,-7.62887636541809e-04
1.95120120120123e+05	-2.53729413797219e-01,5.19719561027782e-05	-2.62141400461258e-01,1.51389945606982e-03	-2.58516178691281e-01,7.46924782161887e-04	-2.53202107952713e-01,-7.61212925235871e-04
1.95315315315318e+05	-2.53745209562867e-01,5.27871726525020e-05	-2.62156481314411e-01,1.51324820815102e-03	-2.58531586314668e-01,7.47055776591454e-04	-2.53218030004675e-01,-7.59540676783702e-04
1.95510510510513e+05	-2.53761024092306e-01,5.36020085305372e-05	-2.62171585447746e-01,1.51260002141859e-03	-2.58547015206917e-01,7.47187969820109e-04	-2.53233970264006e-01,-7.57870880730219e-04
1.95705705705708e+05	-2.53776857408159e-01,5.44164667035385e-05	-2.62186712867153e-01,1.51195488718485e-03	-2.58562465381439e-01,7.47321359616304e-04	-2.53249928755720e-01,-7.56203526670690e-04
1.95900900900903e+05	-2.53792709533061e-01,5.52305501359679e-05	-2.62201863578593e-01,1.51131279680290e-03	-2.58577936851711e-01,7.47455943760231e-04	-2.53265905504806e-01,-7.54538604245333e-04
1.96096096096099e+05	-2.53808580489626e-01,5.60442617748430e-05	-2.62217037588144e-01,1.51067374167362e-03	-2.58593429631251e-01,7.47591720048166e-04	-2.53281900536228e-01,-7.52876103141606e-04
1.96291291291294e+05	-2.53824470300501e-01,5.68576045623798e-05	-2.62232234901953e-01,1.51003771324171e-03	-2.58608943733638e-01,7.47728686290708e-04	-2.53297913874914e-01,-7.51216013089792e-04
1.96486486486489e+05	-2.53840378988270e-01,5.76705814328421e-05	-2.62247455526271e-01,1.50940470299800e-03	-2.58624479172488e-01,7.47866840312500e-04	-2.53313945545827e-01,-7.49558323867111e-04
1.96681681681684e+05	-2.53856306575559e-01,5.84831953089615e-05	-2.62262699467446e-01,1.50877470247381e-03	-2.58640035961470e-01,7.48006179951452e-04	-2.53329995573854e-01,-7.47903025296495e-04
1.96876876876880e+05	-2.53872253084967e-01,5.92954491036857e-05	-2.62277966731912e-01,1.50814770324748e-03	-2.58655614114300e-01,7.48146703056535e-04	-2.53346063983900e-01,-7.46250107245605e-04
1.97072072072075e+05	-2.53888218539113e-01,6.01073457267981e-05	-2.62293257326183e-01,1.50752369694222e-03	-2.58671213644743e-01,7.48288407499367e-04	-2.53362150800846e-01,-7.44599559622180e-04
1.97267267267270e+05	-2.53904202960590e-01,6.09188880698330e-05	-2.62308571256877e-01,1.50690267521986e-03	-2.58686834566611e-01,7.48431291155038e-04	-2.53378256049546e-01,-7.42951372386599e-04
1.97462462462465e+05	-2.53920206371990e-01,6.17300790230063e-05	-2.62323908530706e-01,1.50628462978934e-03	-2.58702476893772e-01,7.48575351918787e-04	-2.53394379754849e-01,-7.41305535535072e-04
1.97657657657660e+05	-2.53936228795912e-01,6.25409214638079e-05	-2.62339269154454e-01,1.50566955239928e-03	-2.58718140640123e-01,7.48720587694415e-04	-2.53410521941584e-01,-7.39662039113645e-04
1.97852852852856e+05	-2.53952270254953e-01,6.33514182611233e-05	-2.62354653135010e-01,1.50505743484611e-03	-2.58733825819633e-01,7.48866996406278e-04	-2.53426682634559e-01,-7.38020873206194e-04
1.98048048048051e+05	-2.53968330771708e-01,6.41615722797029e-05	-2.62370060479338e-01,1.50444826896468e-03	-2.58749532446292e-01,7.49014575985141e-04	-2.53442861858582e-01,-7.36382027943822e-04
1.98243243243246e+05	-2.53984410368755e-01,6.49713863701967e-05	-2.62385491194513e-01,1.50384204663194e-03	-2.58765260534175e-01,7.49163324379784e-04	-2.53459059638425e-01,-7.34745493498307e-04
1.98438438438441e+05	-2.54000509068686e-01,6.57808633740820e-05	-2.62400945287675e-01,1.50323875976871e-03	-2.58781010097363e-01,7.49313239549174e-04	-2.53475275998864e-01,-7.33111260086294e-04
1.98633633633636e+05	-2.54016626894095e-01,6.65900061306152e-05	-2.62416422766059e-01,1.50263840033499e-03	-2.58796781150010e-01,7.49464319468429e-04	-2.53491510964655e-01,-7.31479317964162e-04
1.98828828828832e+05	-2.54032763867551e-01,6.73988174621776e-05	-2.62431923637001e-01,1.50204096033513e-03	-2.58812573706320e-01,7.49616562121247e-04	-2.53507764560532e-01,-7.29849657432863e-04
1.99024024024027e+05	-2.54048920011655e-01,6.82073001935651e-05	-2.62447447907908e-01,1.50144643181475e-03	-2.58828387780525e-01,7.49769965513292e-04	-2.53524036811230e-01,-7.28222268830084e-04
1.99219219219222e+05	-2.54065095348975e-01,6.90154571288404e-05	-2.62462995586284e-01,1.50085480685741e-03	-2.58844223386927e-01,7.49924527652171e-04	-2.53540327741454e-01,-7.26597142542279e-04
1.99414414414417e+05	-2.54081289902110e-01,6.98232910728847e-05	-2.62478566679707e-01,1.50026607758870e-03	-2.58860080539857e-01,7.50080246566254e-04	-2.53556637375915e-01,-7.24974268992540e-04
1.99609609609612e+05	-2.54097503693641e-01,7.06308048161325e-05	-2.62494161195857e-01,1.49968023617640e-03	-2.58875959253703e-01,7.50237120292152e-04	-2.53572965739293e-01,-7.23353638647353e-04
1.99804804804808e+05	-2.54113736746129e-01,7.14380011448135e-05	-2.62509779142494e-01,1.49909727482567e-03	-2.58891859542893e-01,7.50395146883243e-04	-2.53589312856278e-01,-7.21735242012064e-04
2.00000000000000e+05	-2.54129989082189e-01,7.22448828384542e-05	-2.62525420527455e-01,1.49851718578702e-03	-2.58907781421924e-01,7.50554324405323e-04	-2.53605678751520e-01,-7.20119069630917e-04
