#VRML V2.0 utf8
Shape { appearance Appearance { material Material { diffuseColor .1 .55 .95 transparency .35 } } geometry IndexedFaceSet { solid FALSE coord Coordinate { point [ 26.981258050138436 -13.385826771653543 6.508817105256547, 26.93906132692094 -13.543307086614172 6.508817105256547, 26.823777735177806 -13.658590678357305 6.508817105256547, 26.666297420217173 -13.700787401574802 6.508817105256547, 26.508817105256547 -13.658590678357305 6.508817105256547, 26.393533513513415 -13.543307086614172 6.508817105256547, 26.351336790295914 -13.385826771653543 6.508817105256547, 26.393533513513415 -13.228346456692913 6.508817105256547, 26.508817105256547 -13.113062864949782 6.508817105256547, 26.666297420217173 -13.070866141732285 6.508817105256547, 26.823777735177806 -13.113062864949782 6.508817105256547, 26.93906132692094 -13.228346456692913 6.508817105256547, 26.96985100391074 -13.385826771653543 6.857266321097703, 26.927744627116727 -13.543307086614172 6.8545065233560205, 26.81270786639285 -13.658590678357305 6.84696661570713, 26.655564728874953 -13.700787401574802 6.836666910316556, 26.49842159135707 -13.658590678357305 6.826367204925982, 26.383384830633187 -13.543307086614172 6.818827297277092, 26.341278453839177 -13.385826771653543 6.816067499535409, 26.383384830633187 -13.228346456692913 6.818827297277092, 26.49842159135707 -13.113062864949782 6.826367204925982, 26.655564728874953 -13.070866141732285 6.836666910316556, 26.81270786639285 -13.113062864949782 6.84696661570713, 26.927744627116727 -13.228346456692913 6.8545065233560205, 26.935678711950835 -13.385826771653543 7.204223423901731, 26.893842987550027 -13.543307086614172 7.198715646295987, 26.779545662915584 -13.658590678357305 7.183668118040306, 26.62341261388034 -13.700787401574802 7.1631128121788805, 26.467279564845096 -13.658590678357305 7.142557506317455, 26.352982240210654 -13.543307086614172 7.127509978061774, 26.311146515809853 -13.385826771653543 7.122002200456029, 26.352982240210654 -13.228346456692913 7.127509978061774, 26.467279564845096 -13.113062864949782 7.142557506317455, 26.62341261388034 -13.070866141732285 7.1631128121788805, 26.779545662915584 -13.113062864949782 7.183668118040306, 26.893842987550027 -13.228346456692913 7.198715646295987, 26.87888750525912 -13.385826771653543 7.548202690088601, 26.837501580246148 -13.543307086614172 7.539970517768073, 26.72443313039247 -13.658590678357305 7.51747980473173, 26.56997875552582 -13.700787401574802 7.486756919374859, 26.415524380659168 -13.658590678357305 7.456034034017989, 26.302455930805493 -13.543307086614172 7.433543320981647, 26.26107000579252 -13.385826771653543 7.425311148661118, 26.302455930805493 -13.228346456692913 7.433543320981647, 26.415524380659168 -13.113062864949782 7.456034034017989, 26.56997875552582 -13.070866141732285 7.486756919374859, 26.72443313039247 -13.113062864949782 7.51747980473173, 26.837501580246148 -13.228346456692913 7.539970517768073, 26.7997205725014 -13.385826771653543 7.887731147631841, 26.758961667760843 -13.543307086614172 7.876809832022232, 26.64760626914879 -13.658590678357305 7.846972242891287, 26.495491965796177 -13.700787401574802 7.806213338150733, 26.343377662443572 -13.658590678357305 7.765454433410178, 26.232022263831517 -13.543307086614172 7.735616844279232, 26.19126335909096 -13.385826771653543 7.724695528669622, 26.232022263831517 -13.228346456692913 7.735616844279232, 26.343377662443572 -13.113062864949782 7.765454433410178, 26.495491965796177 -13.070866141732285 7.806213338150733, 26.64760626914879 -13.113062864949782 7.846972242891287, 26.758961667760843 -13.228346456692913 7.876809832022232, 26.698516918637658 -13.385826771653543 8.221354883550896, 26.658559570057044 -13.543307086614172 8.207791191402316, 26.549394063599063 -13.658590678357305 8.170734495314179, 26.400271208560458 -13.700787401574802 8.120114107077459, 26.251148353521863 -13.658590678357305 8.069493718840741, 26.14198284706388 -13.543307086614172 8.0324370227526, 26.102025498483265 -13.385826771653543 8.018873330604022, 26.14198284706388 -13.228346456692913 8.0324370227526, 26.251148353521863 -13.113062864949782 8.069493718840741, 26.400271208560458 -13.070866141732285 8.120114107077459, 26.549394063599063 -13.113062864949782 8.170734495314179, 26.658559570057044 -13.228346456692913 8.207791191402316, 26.575709913250822 -13.385826771653543 8.547645269789712, 26.53672522433113 -13.543307086614172 8.531497282914277, 26.430217073485263 -13.658590678357305 8.487380162330641, 26.28472423371971 -13.700787401574802 8.427115054871573, 26.13923139395415 -13.658590678357305 8.366849947412502, 26.032723243108286 -13.543307086614172 8.322732826828867, 25.993738554188592 -13.385826771653543 8.306584839953432, 26.032723243108286 -13.228346456692913 8.322732826828867, 26.13923139395415 -13.113062864949782 8.366849947412502, 26.28472423371971 -13.070866141732285 8.427115054871573, 26.430217073485263 -13.113062864949782 8.487380162330641, 26.53672522433113 -13.228346456692913 8.531497282914277, 26.431825434791627 -13.385826771653543 8.8652050808214, 26.39398034395585 -13.543307086614172 8.846541947377998, 26.29058563297545 -13.658590678357305 8.795553318582188, 26.149345831159284 -13.700787401574802 8.725901556342974, 26.00810602934311 -13.658590678357305 8.656249794103761, 25.90471131836271 -13.543307086614172 8.60526116530795, 25.86686622752694 -13.385826771653543 8.586598031864549, 25.90471131836271 -13.228346456692913 8.60526116530795, 26.00810602934311 -13.113062864949782 8.656249794103761, 26.149345831159284 -13.070866141732285 8.725901556342974, 26.29058563297545 -13.113062864949782 8.795553318582188, 26.39398034395585 -13.228346456692913 8.846541947377998, 26.267479618686377 -13.385826771653543 9.172674476782458, 26.230936184423562 -13.543307086614172 9.151576115173707, 26.131097665334494 -13.658590678357305 9.093934319302143, 25.994715711982614 -13.700787401574802 9.015194161821828, 25.858333758630735 -13.658590678357305 8.936454004341511, 25.75849523954167 -13.543307086614172 8.878812208469947, 25.721951805278856 -13.385826771653543 8.857713846861197, 25.75849523954167 -13.228346456692913 8.878812208469947, 25.858333758630735 -13.113062864949782 8.936454004341511, 25.994715711982614 -13.070866141732285 9.015194161821828, 26.131097665334494 -13.113062864949782 9.093934319302143, 26.230936184423562 -13.228346456692913 9.151576115173707, 26.08337621895047 -13.385826771653543 9.468736826515817, 26.048290925856378 -13.543307086614172 9.445293583165208, 25.95243612252487 -13.658590678357305 9.38124545123714, 25.821496026099272 -13.700787401574802 9.293754075958462, 25.69055592967367 -13.658590678357305 9.206262700679785, 25.594701126342166 -13.543307086614172 9.142214568751717, 25.559615833248074 -13.385826771653543 9.118771325401108, 25.594701126342166 -13.228346456692913 9.142214568751717, 25.69055592967367 -13.113062864949782 9.206262700679785, 25.821496026099272 -13.070866141732285 9.293754075958462, 25.95243612252487 -13.113062864949782 9.38124545123714, 26.048290925856378 -13.228346456692913 9.445293583165208, 25.88030359460564 -13.385826771653543 9.752124345587603, 25.846826683291688 -13.543307086614172 9.726436608062233, 25.755366060701505 -13.658590678357305 9.656256404011428, 25.630428526797374 -13.700787401574802 9.560388462435249, 25.505490992893243 -13.658590678357305 9.464520520859073, 25.414030370303056 -13.543307086614172 9.394340316808268, 25.380553458989112 -13.385826771653543 9.368652579282896, 25.414030370303056 -13.228346456692913 9.394340316808268, 25.505490992893243 -13.113062864949782 9.464520520859073, 25.630428526797374 -13.070866141732285 9.560388462435249, 25.755366060701505 -13.113062864949782 9.656256404011428, 25.846826683291688 -13.228346456692913 9.726436608062233, 25.659131333805608 -13.385826771653543 10.021623525134704, 25.62740615754552 -13.543307086614172 9.99380129227031, 25.54073136412388 -13.658590678357305 9.917789538504772, 25.42233139444215 -13.700787401574802 9.81395555187484, 25.303931424760417 -13.658590678357305 9.710121565244908, 25.217256631338778 -13.543307086614172 9.63410981147937, 25.18553145507869 -13.385826771653543 9.606287578614975, 25.217256631338778 -13.228346456692913 9.63410981147937, 25.303931424760417 -13.113062864949782 9.710121565244908, 25.42233139444215 -13.070866141732285 9.81395555187484, 25.54073136412388 -13.113062864949782 9.917789538504772, 25.62740615754552 -13.228346456692913 9.99380129227031, 25.420806530126104 -13.385826771653543 10.276080328296034, 25.390968940995155 -13.543307086614172 10.246242739165089, 25.30945113151405 -13.658590678357305 10.164724929683981, 25.198095732901994 -13.700787401574802 10.053369531071926, 25.08674033428994 -13.658590678357305 9.942014132459871, 25.00522252480883 -13.543307086614172 9.860496322978761, 24.975384935677884 -13.385826771653543 9.830658733847816, 25.00522252480883 -13.228346456692913 9.860496322978761, 25.08674033428994 -13.113062864949782 9.942014132459871, 25.198095732901994 -13.070866141732285 10.053369531071926, 25.30945113151405 -13.113062864949782 10.164724929683981, 25.390968940995155 -13.228346456692913 10.246242739165089, 25.16634972696477 -13.385826771653543 10.514405131975538, 25.138527494100376 -13.543307086614172 10.482679955715449, 25.062515740334838 -13.658590678357305 10.39600516229381, 24.95868175370491 -13.700787401574802 10.27760519261208, 24.854847767074975 -13.658590678357305 10.159205222930352, 24.778836013309437 -13.543307086614172 10.072530429508712, 24.751013780445042 -13.385826771653543 10.040805253248623, 24.778836013309437 -13.228346456692913 10.072530429508712, 24.854847767074975 -13.113062864949782 10.159205222930352, 24.95868175370491 -13.070866141732285 10.27760519261208, 25.062515740334838 -13.113062864949782 10.39600516229381, 25.138527494100376 -13.228346456692913 10.482679955715449, 24.89685054741767 -13.385826771653543 10.735577392775571, 24.871162809892297 -13.543307086614172 10.70210048146162, 24.800982605841494 -13.658590678357305 10.610639858871437, 24.705114664265317 -13.700787401574802 10.485702324967306, 24.60924672268914 -13.658590678357305 10.360764791063174, 24.539066518638336 -13.543307086614172 10.269304168472992, 24.513378781112966 -13.385826771653543 10.235827257159043, 24.539066518638336 -13.228346456692913 10.269304168472992, 24.60924672268914 -13.113062864949782 10.360764791063174, 24.705114664265317 -13.070866141732285 10.485702324967306, 24.800982605841494 -13.113062864949782 10.610639858871437, 24.871162809892297 -13.228346456692913 10.70210048146162, 24.613463028345883 -13.385826771653543 10.938650017120398, 24.590019784995278 -13.543307086614172 10.903564724026307, 24.525971653067206 -13.658590678357305 10.807709920694801, 24.438480277788532 -13.700787401574802 10.676769824269202, 24.350988902509854 -13.658590678357305 10.545829727843607, 24.286940770581786 -13.543307086614172 10.4499749245121, 24.263497527231173 -13.385826771653543 10.414889631418008, 24.286940770581786 -13.228346456692913 10.4499749245121, 24.350988902509854 -13.113062864949782 10.545829727843607, 24.438480277788532 -13.070866141732285 10.676769824269202, 24.525971653067206 -13.113062864949782 10.807709920694801, 24.590019784995278 -13.228346456692913 10.903564724026307, 24.317400678612525 -13.385826771653543 11.122753416856307, 24.296302317003775 -13.543307086614172 11.086209982593491, 24.23866052113221 -13.658590678357305 10.986371463504428, 24.159920363651896 -13.700787401574802 10.849989510152549, 24.08118020617158 -13.658590678357305 10.713607556800667, 24.023538410300013 -13.543307086614172 10.613769037711602, 24.002440048691263 -13.385826771653543 10.577225603448786, 24.023538410300013 -13.228346456692913 10.613769037711602, 24.08118020617158 -13.113062864949782 10.713607556800667, 24.159920363651896 -13.070866141732285 10.849989510152549, 24.23866052113221 -13.113062864949782 10.986371463504428, 24.296302317003775 -13.228346456692913 11.086209982593491, 24.009931282651465 -13.385826771653543 11.287099232961557, 23.991268149208064 -13.543307086614172 11.24925414212578, 23.940279520412254 -13.658590678357305 11.145859431145386, 23.87062775817304 -13.700787401574802 11.004619629329214, 23.80097599593383 -13.658590678357305 10.863379827513043, 23.74998736713802 -13.543307086614172 10.759985116532645, 23.731324233694615 -13.385826771653543 10.72214002569687, 23.74998736713802 -13.228346456692913 10.759985116532645, 23.80097599593383 -13.113062864949782 10.863379827513043, 23.87062775817304 -13.070866141732285 11.004619629329214, 23.940279520412254 -13.113062864949782 11.145859431145386, 23.991268149208064 -13.228346456692913 11.24925414212578, 23.692371471619776 -13.385826771653543 11.430983711420755, 23.676223484744344 -13.543307086614172 11.391999022501063, 23.63210636416071 -13.658590678357305 11.285490871655197, 23.57184125670164 -13.700787401574802 11.13999803188964, 23.511576149242572 -13.658590678357305 10.994505192124082, 23.467459028658933 -13.543307086614172 10.887997041278219, 23.4513110417835 -13.385826771653543 10.849012352358526, 23.467459028658933 -13.228346456692913 10.887997041278219, 23.511576149242572 -13.113062864949782 10.994505192124082, 23.57184125670164 -13.070866141732285 11.13999803188964, 23.63210636416071 -13.113062864949782 11.285490871655197, 23.676223484744344 -13.228346456692913 11.391999022501063, 23.366081085380962 -13.385826771653543 11.55379071680759, 23.352517393232386 -13.543307086614172 11.513833368226976, 23.315460697144243 -13.658590678357305 11.404667861768992, 23.264840308907527 -13.700787401574802 11.255545006730394, 23.214219920670807 -13.658590678357305 11.106422151691794, 23.177163224582667 -13.543307086614172 10.99725664523381, 23.163599532434088 -13.385826771653543 10.957299296653193, 23.177163224582667 -13.228346456692913 10.99725664523381, 23.214219920670807 -13.113062864949782 11.106422151691794, 23.264840308907527 -13.070866141732285 11.255545006730394, 23.315460697144243 -13.113062864949782 11.404667861768992, 23.352517393232386 -13.228346456692913 11.513833368226976, 23.032457349461907 -13.385826771653543 11.65499437067133, 23.0215360338523 -13.543307086614172 11.614235465930774, 22.99169844472135 -13.658590678357305 11.50288006731872, 22.950939539980798 -13.700787401574802 11.35076576396611, 22.910180635240245 -13.658590678357305 11.198651460613503, 22.8803430461093 -13.543307086614172 11.087296062001448, 22.869421730499692 -13.385826771653543 11.046537157260891, 22.8803430461093 -13.228346456692913 11.087296062001448, 22.910180635240245 -13.113062864949782 11.198651460613503, 22.950939539980798 -13.070866141732285 11.35076576396611, 22.99169844472135 -13.113062864949782 11.50288006731872, 23.0215360338523 -13.228346456692913 11.614235465930774, 22.692928891918665 -13.385826771653543 11.734161303429053, 22.68469671959814 -13.543307086614172 11.69277537841608, 22.6622060065618 -13.658590678357305 11.579706928562404, 22.631483121204926 -13.700787401574802 11.425252553695753, 22.600760235848057 -13.658590678357305 11.2707981788291, 22.578269522811713 -13.543307086614172 11.157729728975424, 22.570037350491184 -13.385826771653543 11.116343803962451, 22.578269522811713 -13.228346456692913 11.157729728975424, 22.600760235848057 -13.113062864949782 11.2707981788291, 22.631483121204926 -13.070866141732285 11.425252553695753, 22.6622060065618 -13.113062864949782 11.579706928562404, 22.68469671959814 -13.228346456692913 11.69277537841608, 22.3489496257318 -13.385826771653543 11.790952510120766, 22.343441848126055 -13.543307086614172 11.749116785719963, 22.328394319870373 -13.658590678357305 11.63481946108552, 22.307839014008948 -13.700787401574802 11.478686412050276, 22.287283708147523 -13.658590678357305 11.322553363015029, 22.27223617989184 -13.543307086614172 11.208256038380586, 22.2667284022861 -13.385826771653543 11.166420313979783, 22.27223617989184 -13.228346456692913 11.208256038380586, 22.287283708147523 -13.113062864949782 11.322553363015029, 22.307839014008948 -13.070866141732285 11.478686412050276, 22.328394319870373 -13.113062864949782 11.63481946108552, 22.343441848126055 -13.228346456692913 11.749116785719963, 22.00199252292777 -13.385826771653543 11.825124802080671, 21.99923272518609 -13.543307086614172 11.78301842528666, 21.991692817537196 -13.658590678357305 11.667981664562781, 21.981393112146627 -13.700787401574802 11.51083852704489, 21.97109340675605 -13.658590678357305 11.353695389527, 21.96355349910716 -13.543307086614172 11.23865862880312, 21.960793701365475 -13.385826771653543 11.19655225200911, 21.96355349910716 -13.228346456692913 11.23865862880312, 21.97109340675605 -13.113062864949782 11.353695389527, 21.981393112146627 -13.070866141732285 11.51083852704489, 21.991692817537196 -13.113062864949782 11.667981664562781, 21.99923272518609 -13.228346456692913 11.78301842528666, 21.653543307086615 -13.385826771653543 11.836531848308368, 21.653543307086615 -13.543307086614172 11.79433512509087, 21.653543307086615 -13.658590678357305 11.67905153334774, 21.653543307086615 -13.700787401574802 11.521571218387109, 21.653543307086615 -13.658590678357305 11.364090903426478, 21.653543307086615 -13.543307086614172 11.248807311683349, 21.653543307086615 -13.385826771653543 11.206610588465848, 21.653543307086615 -13.228346456692913 11.248807311683349, 21.653543307086615 -13.113062864949782 11.364090903426478, 21.653543307086615 -13.070866141732285 11.521571218387109, 21.653543307086615 -13.113062864949782 11.67905153334774, 21.653543307086615 -13.228346456692913 11.79433512509087, 21.305094091245458 -13.385826771653543 11.825124802080671, 21.30785388898714 -13.543307086614172 11.78301842528666, 21.31539379663603 -13.658590678357305 11.667981664562781, 21.325693502026606 -13.700787401574802 11.51083852704489, 21.335993207417175 -13.658590678357305 11.353695389527, 21.34353311506607 -13.543307086614172 11.23865862880312, 21.34629291280775 -13.385826771653543 11.19655225200911, 21.34353311506607 -13.228346456692913 11.23865862880312, 21.335993207417175 -13.113062864949782 11.353695389527, 21.325693502026606 -13.070866141732285 11.51083852704489, 21.31539379663603 -13.113062864949782 11.667981664562781, 21.30785388898714 -13.228346456692913 11.78301842528666, 20.958136988441428 -13.385826771653543 11.790952510120766, 20.963644766047175 -13.543307086614172 11.749116785719963, 20.978692294302853 -13.658590678357305 11.63481946108552, 20.999247600164278 -13.700787401574802 11.478686412050276, 21.019802906025703 -13.658590678357305 11.322553363015029, 21.03485043428139 -13.543307086614172 11.208256038380586, 21.04035821188713 -13.385826771653543 11.166420313979783, 21.03485043428139 -13.228346456692913 11.208256038380586, 21.019802906025703 -13.113062864949782 11.322553363015029, 20.999247600164278 -13.070866141732285 11.478686412050276, 20.978692294302853 -13.113062864949782 11.63481946108552, 20.963644766047175 -13.228346456692913 11.749116785719963, 20.61415772225456 -13.385826771653543 11.734161303429053, 20.622389894575086 -13.543307086614172 11.69277537841608, 20.64488060761143 -13.658590678357305 11.579706928562404, 20.6756034929683 -13.700787401574802 11.425252553695753, 20.706326378325173 -13.658590678357305 11.2707981788291, 20.728817091361517 -13.543307086614172 11.157729728975424, 20.737049263682042 -13.385826771653543 11.116343803962451, 20.728817091361517 -13.228346456692913 11.157729728975424, 20.706326378325173 -13.113062864949782 11.2707981788291, 20.6756034929683 -13.070866141732285 11.425252553695753, 20.64488060761143 -13.113062864949782 11.579706928562404, 20.622389894575086 -13.228346456692913 11.69277537841608, 20.27462926471132 -13.385826771653543 11.65499437067133, 20.28555058032093 -13.543307086614172 11.614235465930774, 20.315388169451875 -13.658590678357305 11.50288006731872, 20.356147074192428 -13.700787401574802 11.35076576396611, 20.39690597893298 -13.658590678357305 11.198651460613503, 20.42674356806393 -13.543307086614172 11.087296062001448, 20.437664883673538 -13.385826771653543 11.046537157260891, 20.42674356806393 -13.228346456692913 11.087296062001448, 20.39690597893298 -13.113062864949782 11.198651460613503, 20.356147074192428 -13.070866141732285 11.35076576396611, 20.315388169451875 -13.113062864949782 11.50288006731872, 20.28555058032093 -13.228346456692913 11.614235465930774, 19.941005528792264 -13.385826771653543 11.553790716807592, 19.954569220940844 -13.543307086614172 11.513833368226976, 19.991625917028983 -13.658590678357305 11.404667861768994, 20.0422463052657 -13.700787401574802 11.255545006730394, 20.09286669350242 -13.658590678357305 11.106422151691794, 20.12992338959056 -13.543307086614172 10.99725664523381, 20.14348708173914 -13.385826771653543 10.957299296653195, 20.12992338959056 -13.228346456692913 10.99725664523381, 20.09286669350242 -13.113062864949782 11.106422151691794, 20.0422463052657 -13.070866141732285 11.255545006730394, 19.991625917028983 -13.113062864949782 11.404667861768994, 19.954569220940844 -13.228346456692913 11.513833368226976, 19.61471514255345 -13.385826771653543 11.430983711420755, 19.630863129428885 -13.543307086614172 11.391999022501063, 19.67498025001252 -13.658590678357305 11.285490871655197, 19.73524535747159 -13.700787401574802 11.139998031889641, 19.79551046493066 -13.658590678357305 10.994505192124084, 19.839627585514297 -13.543307086614172 10.887997041278219, 19.855775572389728 -13.385826771653543 10.849012352358526, 19.839627585514297 -13.228346456692913 10.887997041278219, 19.79551046493066 -13.113062864949782 10.994505192124084, 19.73524535747159 -13.070866141732285 11.139998031889641, 19.67498025001252 -13.113062864949782 11.285490871655197, 19.630863129428885 -13.228346456692913 11.391999022501063, 19.29715533152176 -13.385826771653543 11.287099232961557, 19.31581846496516 -13.543307086614172 11.24925414212578, 19.366807093760976 -13.658590678357305 11.145859431145386, 19.436458856000186 -13.700787401574802 11.004619629329214, 19.5061106182394 -13.658590678357305 10.863379827513043, 19.55709924703521 -13.543307086614172 10.759985116532645, 19.57576238047861 -13.385826771653543 10.72214002569687, 19.55709924703521 -13.228346456692913 10.759985116532645, 19.5061106182394 -13.113062864949782 10.863379827513043, 19.436458856000186 -13.070866141732285 11.004619629329214, 19.366807093760976 -13.113062864949782 11.145859431145386, 19.31581846496516 -13.228346456692913 11.24925414212578, 18.989685935560704 -13.385826771653543 11.122753416856309, 19.010784297169455 -13.543307086614172 11.086209982593493, 19.06842609304102 -13.658590678357305 10.986371463504428, 19.147166250521334 -13.700787401574802 10.849989510152549, 19.22590640800165 -13.658590678357305 10.713607556800667, 19.283548203873213 -13.543307086614172 10.613769037711602, 19.304646565481963 -13.385826771653543 10.577225603448786, 19.283548203873213 -13.228346456692913 10.613769037711602, 19.22590640800165 -13.113062864949782 10.713607556800667, 19.147166250521334 -13.070866141732285 10.849989510152549, 19.06842609304102 -13.113062864949782 10.986371463504428, 19.010784297169455 -13.228346456692913 11.086209982593493, 18.693623585827343 -13.385826771653543 10.938650017120398, 18.717066829177952 -13.543307086614172 10.903564724026307, 18.78111496110602 -13.658590678357305 10.807709920694801, 18.868606336384698 -13.700787401574802 10.676769824269202, 18.956097711663375 -13.658590678357305 10.545829727843607, 19.020145843591443 -13.543307086614172 10.4499749245121, 19.043589086942053 -13.385826771653543 10.414889631418008, 19.020145843591443 -13.228346456692913 10.4499749245121, 18.956097711663375 -13.113062864949782 10.545829727843607, 18.868606336384698 -13.070866141732285 10.676769824269202, 18.78111496110602 -13.113062864949782 10.807709920694801, 18.717066829177952 -13.228346456692913 10.903564724026307, 18.41023606675556 -13.385826771653543 10.735577392775571, 18.43592380428093 -13.543307086614172 10.70210048146162, 18.506104008331736 -13.658590678357305 10.610639858871437, 18.60197194990791 -13.700787401574802 10.485702324967306, 18.697839891484087 -13.658590678357305 10.360764791063174, 18.768020095534894 -13.543307086614172 10.269304168472992, 18.793707833060264 -13.385826771653543 10.235827257159043, 18.768020095534894 -13.228346456692913 10.269304168472992, 18.697839891484087 -13.113062864949782 10.360764791063174, 18.60197194990791 -13.070866141732285 10.485702324967306, 18.506104008331736 -13.113062864949782 10.610639858871437, 18.43592380428093 -13.228346456692913 10.70210048146162, 18.14073688720846 -13.385826771653543 10.514405131975538, 18.168559120072853 -13.543307086614172 10.482679955715449, 18.244570873838388 -13.658590678357305 10.39600516229381, 18.34840486046832 -13.700787401574802 10.27760519261208, 18.45223884709825 -13.658590678357305 10.159205222930352, 18.528250600863792 -13.543307086614172 10.072530429508712, 18.556072833728184 -13.385826771653543 10.040805253248623, 18.528250600863792 -13.228346456692913 10.072530429508712, 18.45223884709825 -13.113062864949782 10.159205222930352, 18.34840486046832 -13.070866141732285 10.27760519261208, 18.244570873838388 -13.113062864949782 10.39600516229381, 18.168559120072853 -13.228346456692913 10.482679955715449, 17.886280084047126 -13.385826771653543 10.276080328296034, 17.91611767317807 -13.543307086614172 10.246242739165089, 17.99763548265918 -13.658590678357305 10.164724929683981, 18.108990881271236 -13.700787401574802 10.053369531071926, 18.22034627988329 -13.658590678357305 9.942014132459871, 18.301864089364397 -13.543307086614172 9.860496322978761, 18.331701678495346 -13.385826771653543 9.830658733847816, 18.301864089364397 -13.228346456692913 9.860496322978761, 18.22034627988329 -13.113062864949782 9.942014132459871, 18.108990881271236 -13.070866141732285 10.053369531071926, 17.99763548265918 -13.113062864949782 10.164724929683981, 17.91611767317807 -13.228346456692913 10.246242739165089, 17.647955280367626 -13.385826771653543 10.021623525134705, 17.67968045662771 -13.543307086614172 9.99380129227031, 17.76635525004935 -13.658590678357305 9.917789538504774, 17.88475521973108 -13.700787401574802 9.813955551874841, 18.00315518941281 -13.658590678357305 9.710121565244908, 18.08982998283445 -13.543307086614172 9.63410981147937, 18.121555159094537 -13.385826771653543 9.606287578614976, 18.08982998283445 -13.228346456692913 9.63410981147937, 18.00315518941281 -13.113062864949782 9.710121565244908, 17.88475521973108 -13.070866141732285 9.813955551874841, 17.76635525004935 -13.113062864949782 9.917789538504774, 17.67968045662771 -13.228346456692913 9.99380129227031, 17.42678301956759 -13.385826771653543 9.752124345587603, 17.46025993088154 -13.543307086614172 9.726436608062233, 17.55172055347172 -13.658590678357305 9.656256404011428, 17.676658087375856 -13.700787401574802 9.56038846243525, 17.801595621279986 -13.658590678357305 9.464520520859075, 17.89305624387017 -13.543307086614172 9.394340316808268, 17.926533155184117 -13.385826771653543 9.368652579282898, 17.89305624387017 -13.228346456692913 9.394340316808268, 17.801595621279986 -13.113062864949782 9.464520520859075, 17.676658087375856 -13.070866141732285 9.56038846243525, 17.55172055347172 -13.113062864949782 9.656256404011428, 17.46025993088154 -13.228346456692913 9.726436608062233, 17.223710395222763 -13.385826771653543 9.46873682651582, 17.258795688316855 -13.543307086614172 9.44529358316521, 17.35465049164836 -13.658590678357305 9.381245451237142, 17.485590588073958 -13.700787401574802 9.293754075958464, 17.616530684499555 -13.658590678357305 9.206262700679787, 17.71238548783106 -13.543307086614172 9.142214568751719, 17.747470780925152 -13.385826771653543 9.11877132540111, 17.71238548783106 -13.228346456692913 9.142214568751719, 17.616530684499555 -13.113062864949782 9.206262700679787, 17.485590588073958 -13.070866141732285 9.293754075958464, 17.35465049164836 -13.113062864949782 9.381245451237142, 17.258795688316855 -13.228346456692913 9.44529358316521, 17.039606995486853 -13.385826771653543 9.172674476782458, 17.076150429749667 -13.543307086614172 9.151576115173707, 17.175988948838732 -13.658590678357305 9.093934319302143, 17.312370902190615 -13.700787401574802 9.015194161821828, 17.448752855542494 -13.658590678357305 8.936454004341511, 17.548591374631556 -13.543307086614172 8.878812208469947, 17.585134808894374 -13.385826771653543 8.857713846861197, 17.548591374631556 -13.228346456692913 8.878812208469947, 17.448752855542494 -13.113062864949782 8.936454004341511, 17.312370902190615 -13.070866141732285 9.015194161821828, 17.175988948838732 -13.113062864949782 9.093934319302143, 17.076150429749667 -13.228346456692913 9.151576115173707, 16.875261179381607 -13.385826771653543 8.865205080821402, 16.91310627021738 -13.543307086614172 8.846541947378, 17.016500981197776 -13.658590678357305 8.79555331858219, 17.15774078301395 -13.700787401574802 8.725901556342976, 17.29898058483012 -13.658590678357305 8.656249794103763, 17.40237529581052 -13.543307086614172 8.605261165307953, 17.440220386646292 -13.385826771653543 8.58659803186455, 17.40237529581052 -13.228346456692913 8.605261165307953, 17.29898058483012 -13.113062864949782 8.656249794103763, 17.15774078301395 -13.070866141732285 8.725901556342976, 17.016500981197776 -13.113062864949782 8.79555331858219, 16.91310627021738 -13.228346456692913 8.846541947378, 16.731376700922404 -13.385826771653543 8.547645269789712, 16.770361389842098 -13.543307086614172 8.531497282914277, 16.876869540687963 -13.658590678357305 8.487380162330641, 17.022362380453522 -13.700787401574802 8.427115054871573, 17.167855220219078 -13.658590678357305 8.366849947412504, 17.27436337106494 -13.543307086614172 8.322732826828867, 17.313348059984637 -13.385826771653543 8.306584839953434, 17.27436337106494 -13.228346456692913 8.322732826828867, 17.167855220219078 -13.113062864949782 8.366849947412504, 17.022362380453522 -13.070866141732285 8.427115054871573, 16.876869540687963 -13.113062864949782 8.487380162330641, 16.770361389842098 -13.228346456692913 8.531497282914277, 16.608569695535568 -13.385826771653543 8.221354883550896, 16.648527044116186 -13.543307086614172 8.207791191402318, 16.75769255057417 -13.658590678357305 8.170734495314179, 16.906815405612768 -13.700787401574802 8.120114107077459, 17.055938260651367 -13.658590678357305 8.069493718840741, 17.16510376710935 -13.543307086614172 8.032437022752601, 17.205061115689965 -13.385826771653543 8.018873330604022, 17.16510376710935 -13.228346456692913 8.032437022752601, 17.055938260651367 -13.113062864949782 8.069493718840741, 16.906815405612768 -13.070866141732285 8.120114107077459, 16.75769255057417 -13.113062864949782 8.170734495314179, 16.648527044116186 -13.228346456692913 8.207791191402318, 16.507366041671833 -13.385826771653543 7.887731147631843, 16.548124946412386 -13.543307086614172 7.876809832022234, 16.65948034502444 -13.658590678357305 7.846972242891288, 16.811594648377053 -13.700787401574802 7.806213338150733, 16.96370895172966 -13.658590678357305 7.765454433410179, 17.075064350341716 -13.543307086614172 7.7356168442792335, 17.11582325508227 -13.385826771653543 7.724695528669624, 17.075064350341716 -13.228346456692913 7.7356168442792335, 16.96370895172966 -13.113062864949782 7.765454433410179, 16.811594648377053 -13.070866141732285 7.806213338150733, 16.65948034502444 -13.113062864949782 7.846972242891288, 16.548124946412386 -13.228346456692913 7.876809832022234, 16.428199108914107 -13.385826771653543 7.5482026900885995, 16.469585033927082 -13.543307086614172 7.539970517768073, 16.58265348378076 -13.658590678357305 7.51747980473173, 16.737107858647406 -13.700787401574802 7.486756919374859, 16.89156223351406 -13.658590678357305 7.456034034017987, 17.004630683367736 -13.543307086614172 7.433543320981645, 17.04601660838071 -13.385826771653543 7.425311148661118, 17.004630683367736 -13.228346456692913 7.433543320981645, 16.89156223351406 -13.113062864949782 7.456034034017987, 16.737107858647406 -13.070866141732285 7.486756919374859, 16.58265348378076 -13.113062864949782 7.51747980473173, 16.469585033927082 -13.228346456692913 7.539970517768073, 16.371407902222394 -13.385826771653543 7.204223423901734, 16.413243626623196 -13.543307086614172 7.19871564629599, 16.527540951257638 -13.658590678357305 7.183668118040309, 16.683674000292886 -13.700787401574802 7.163112812178883, 16.83980704932813 -13.658590678357305 7.142557506317457, 16.954104373962572 -13.543307086614172 7.1275099780617746, 16.995940098363377 -13.385826771653543 7.1220022004560315, 16.954104373962572 -13.228346456692913 7.1275099780617746, 16.83980704932813 -13.113062864949782 7.142557506317457, 16.683674000292886 -13.070866141732285 7.163112812178883, 16.527540951257638 -13.113062864949782 7.183668118040309, 16.413243626623196 -13.228346456692913 7.19871564629599, 16.33723561026249 -13.385826771653543 6.857266321097704, 16.3793419870565 -13.543307086614172 6.8545065233560205, 16.49437874778038 -13.658590678357305 6.84696661570713, 16.65152188529827 -13.700787401574802 6.8366669103165565, 16.80866502281616 -13.658590678357305 6.826367204925982, 16.92370178354004 -13.543307086614172 6.818827297277092, 16.965808160334053 -13.385826771653543 6.816067499535409, 16.92370178354004 -13.228346456692913 6.818827297277092, 16.80866502281616 -13.113062864949782 6.826367204925982, 16.65152188529827 -13.070866141732285 6.8366669103165565, 16.49437874778038 -13.113062864949782 6.84696661570713, 16.3793419870565 -13.228346456692913 6.8545065233560205, 16.32582856403479 -13.385826771653543 6.508817105256547, 16.36802528725229 -13.543307086614172 6.508817105256547, 16.483308878995423 -13.658590678357305 6.508817105256547, 16.640789193956053 -13.700787401574802 6.508817105256547, 16.798269508916682 -13.658590678357305 6.508817105256547, 16.913553100659815 -13.543307086614172 6.508817105256547, 16.955749823877312 -13.385826771653543 6.508817105256547, 16.913553100659815 -13.228346456692913 6.508817105256547, 16.798269508916682 -13.113062864949782 6.508817105256547, 16.640789193956053 -13.070866141732285 6.508817105256547, 16.483308878995423 -13.113062864949782 6.508817105256547, 16.36802528725229 -13.228346456692913 6.508817105256547, 16.33723561026249 -13.385826771653543 6.160367889415391, 16.3793419870565 -13.543307086614172 6.163127687157074, 16.49437874778038 -13.658590678357305 6.170667594805965, 16.65152188529827 -13.700787401574802 6.180967300196538, 16.80866502281616 -13.658590678357305 6.191267005587112, 16.92370178354004 -13.543307086614172 6.198806913236003, 16.965808160334053 -13.385826771653543 6.201566710977685, 16.92370178354004 -13.228346456692913 6.198806913236003, 16.80866502281616 -13.113062864949782 6.191267005587112, 16.65152188529827 -13.070866141732285 6.180967300196538, 16.49437874778038 -13.113062864949782 6.170667594805965, 16.3793419870565 -13.228346456692913 6.163127687157074, 16.371407902222394 -13.385826771653543 5.813410786611361, 16.413243626623196 -13.543307086614172 5.818918564217104, 16.527540951257638 -13.658590678357305 5.833966092472786, 16.683674000292886 -13.700787401574802 5.854521398334212, 16.83980704932813 -13.658590678357305 5.875076704195637, 16.954104373962572 -13.543307086614172 5.890124232451319, 16.995940098363377 -13.385826771653543 5.895632010057063, 16.954104373962572 -13.228346456692913 5.890124232451319, 16.83980704932813 -13.113062864949782 5.875076704195637, 16.683674000292886 -13.070866141732285 5.854521398334212, 16.527540951257638 -13.113062864949782 5.833966092472786, 16.413243626623196 -13.228346456692913 5.818918564217104, 16.428199108914107 -13.385826771653543 5.469431520424495, 16.469585033927082 -13.543307086614172 5.477663692745022, 16.58265348378076 -13.658590678357305 5.500154405781365, 16.737107858647406 -13.700787401574802 5.530877291138236, 16.89156223351406 -13.658590678357305 5.561600176495106, 17.004630683367736 -13.543307086614172 5.584090889531449, 17.04601660838071 -13.385826771653543 5.592323061851976, 17.004630683367736 -13.228346456692913 5.584090889531449, 16.89156223351406 -13.113062864949782 5.561600176495106, 16.737107858647406 -13.070866141732285 5.530877291138236, 16.58265348378076 -13.113062864949782 5.500154405781365, 16.469585033927082 -13.228346456692913 5.477663692745022, 16.507366041671833 -13.385826771653543 5.129903062881252, 16.548124946412386 -13.543307086614172 5.140824378490861, 16.65948034502444 -13.658590678357305 5.170661967621807, 16.811594648377053 -13.700787401574802 5.211420872362361, 16.96370895172966 -13.658590678357305 5.252179777102916, 17.075064350341716 -13.543307086614172 5.282017366233862, 17.11582325508227 -13.385826771653543 5.29293868184347, 17.075064350341716 -13.228346456692913 5.282017366233862, 16.96370895172966 -13.113062864949782 5.252179777102916, 16.811594648377053 -13.070866141732285 5.211420872362361, 16.65948034502444 -13.113062864949782 5.170661967621807, 16.548124946412386 -13.228346456692913 5.140824378490861, 16.608569695535568 -13.385826771653543 4.796279326962198, 16.648527044116186 -13.543307086614172 4.809843019110777, 16.75769255057417 -13.658590678357305 4.846899715198917, 16.906815405612768 -13.700787401574802 4.897520103435635, 17.055938260651367 -13.658590678357305 4.948140491672353, 17.16510376710935 -13.543307086614172 4.985197187760493, 17.205061115689965 -13.385826771653543 4.998760879909072, 17.16510376710935 -13.228346456692913 4.985197187760493, 17.055938260651367 -13.113062864949782 4.948140491672353, 16.906815405612768 -13.070866141732285 4.897520103435635, 16.75769255057417 -13.113062864949782 4.846899715198917, 16.648527044116186 -13.228346456692913 4.809843019110777, 16.731376700922404 -13.385826771653543 4.4699889407233835, 16.770361389842098 -13.543307086614172 4.486136927598816, 16.876869540687963 -13.658590678357305 4.530254048182453, 17.022362380453522 -13.700787401574802 4.590519155641522, 17.167855220219078 -13.658590678357305 4.650784263100592, 17.27436337106494 -13.543307086614172 4.694901383684228, 17.313348059984634 -13.385826771653543 4.71104937055966, 17.27436337106494 -13.228346456692913 4.694901383684228, 17.167855220219078 -13.113062864949782 4.650784263100592, 17.022362380453522 -13.070866141732285 4.590519155641522, 16.876869540687963 -13.113062864949782 4.530254048182453, 16.770361389842098 -13.228346456692913 4.486136927598816, 16.875261179381603 -13.385826771653543 4.152429129691693, 16.91310627021738 -13.543307086614172 4.171092263135094, 17.016500981197776 -13.658590678357305 4.222080891930905, 17.15774078301395 -13.700787401574802 4.291732654170118, 17.29898058483012 -13.658590678357305 4.361384416409331, 17.402375295810515 -13.543307086614172 4.412373045205142, 17.44022038664629 -13.385826771653543 4.431036178648544, 17.402375295810515 -13.228346456692913 4.412373045205142, 17.29898058483012 -13.113062864949782 4.361384416409331, 17.15774078301395 -13.070866141732285 4.291732654170118, 17.016500981197776 -13.113062864949782 4.222080891930905, 16.91310627021738 -13.228346456692913 4.171092263135094, 17.039606995486853 -13.385826771653543 3.844959733730637, 17.076150429749667 -13.543307086614172 3.866058095339387, 17.175988948838732 -13.658590678357305 3.923699891210952, 17.312370902190615 -13.700787401574802 4.002440048691267, 17.448752855542494 -13.658590678357305 4.081180206171582, 17.548591374631556 -13.543307086614172 4.138822002043147, 17.585134808894374 -13.385826771653543 4.159920363651897, 17.548591374631556 -13.228346456692913 4.138822002043147, 17.448752855542494 -13.113062864949782 4.081180206171582, 17.312370902190615 -13.070866141732285 4.002440048691267, 17.175988948838732 -13.113062864949782 3.923699891210952, 17.076150429749667 -13.228346456692913 3.866058095339387, 17.22371039522276 -13.385826771653543 3.548897383997277, 17.25879568831685 -13.543307086614172 3.572340627347887, 17.354650491648357 -13.658590678357305 3.6363887592759543, 17.485590588073958 -13.700787401574802 3.7238801345546326, 17.61653068449955 -13.658590678357305 3.8113715098333096, 17.71238548783106 -13.543307086614172 3.875419641761377, 17.74747078092515 -13.385826771653543 3.8988628851119875, 17.71238548783106 -13.228346456692913 3.875419641761377, 17.61653068449955 -13.113062864949782 3.8113715098333096, 17.485590588073958 -13.070866141732285 3.7238801345546326, 17.354650491648357 -13.113062864949782 3.6363887592759543, 17.25879568831685 -13.228346456692913 3.572340627347887, 17.42678301956759 -13.385826771653543 3.2655098649254906, 17.46025993088154 -13.543307086614172 3.291197602450861, 17.55172055347172 -13.658590678357305 3.361377806501667, 17.676658087375856 -13.700787401574802 3.457245748077844, 17.801595621279986 -13.658590678357305 3.5531136896540203, 17.89305624387017 -13.543307086614172 3.623293893704826, 17.926533155184117 -13.385826771653543 3.6489816312301966, 17.89305624387017 -13.228346456692913 3.623293893704826, 17.801595621279986 -13.113062864949782 3.5531136896540203, 17.676658087375856 -13.070866141732285 3.457245748077844, 17.55172055347172 -13.113062864949782 3.361377806501667, 17.46025993088154 -13.228346456692913 3.291197602450861, 17.647955280367622 -13.385826771653543 2.996010685378389, 17.67968045662771 -13.543307086614172 3.0238329182427837, 17.76635525004935 -13.658590678357305 3.099844672008321, 17.88475521973108 -13.700787401574802 3.2036786586382537, 18.00315518941281 -13.658590678357305 3.3075126452681856, 18.08982998283445 -13.543307086614172 3.383524399033723, 18.121555159094537 -13.385826771653543 3.4113466318981183, 18.08982998283445 -13.228346456692913 3.383524399033723, 18.00315518941281 -13.113062864949782 3.3075126452681856, 17.88475521973108 -13.070866141732285 3.2036786586382537, 17.76635525004935 -13.113062864949782 3.099844672008321, 17.67968045662771 -13.228346456692913 3.0238329182427837, 17.886280084047126 -13.385826771653543 2.741553882217061, 17.91611767317807 -13.543307086614172 2.771391471348007, 17.997635482659177 -13.658590678357305 2.852909280829115, 18.108990881271232 -13.700787401574802 2.9642646794411704, 18.220346279883287 -13.658590678357305 3.075620078053225, 18.301864089364397 -13.543307086614172 3.1571378875343337, 18.331701678495342 -13.385826771653543 3.1869754766652796, 18.301864089364397 -13.228346456692913 3.1571378875343337, 18.220346279883287 -13.113062864949782 3.075620078053225, 18.108990881271232 -13.070866141732285 2.9642646794411704, 17.997635482659177 -13.113062864949782 2.852909280829115, 17.91611767317807 -13.228346456692913 2.771391471348007, 18.14073688720846 -13.385826771653543 2.503229078537556, 18.16855912007285 -13.543307086614172 2.5349542547976442, 18.244570873838388 -13.658590678357305 2.6216290482192846, 18.34840486046832 -13.700787401574802 2.740029017901014, 18.45223884709825 -13.658590678357305 2.858428987582742, 18.52825060086379 -13.543307086614172 2.945103781004382, 18.556072833728184 -13.385826771653543 2.976828957264471, 18.52825060086379 -13.228346456692913 2.945103781004382, 18.45223884709825 -13.113062864949782 2.858428987582742, 18.34840486046832 -13.070866141732285 2.740029017901014, 18.244570873838388 -13.113062864949782 2.6216290482192846, 18.16855912007285 -13.228346456692913 2.5349542547976442, 18.410236066755555 -13.385826771653543 2.282056817737525, 18.435923804280925 -13.543307086614172 2.3155337290514737, 18.506104008331732 -13.658590678357305 2.4069943516416563, 18.60197194990791 -13.700787401574802 2.5319318855457884, 18.697839891484087 -13.658590678357305 2.6568694194499196, 18.768020095534894 -13.543307086614172 2.748330042040103, 18.793707833060264 -13.385826771653543 2.7818069533540517, 18.768020095534894 -13.228346456692913 2.748330042040103, 18.697839891484087 -13.113062864949782 2.6568694194499196, 18.60197194990791 -13.070866141732285 2.5319318855457884, 18.506104008331732 -13.113062864949782 2.4069943516416563, 18.435923804280925 -13.228346456692913 2.3155337290514737, 18.693623585827343 -13.385826771653543 2.078984193392693, 18.717066829177956 -13.543307086614172 2.114069486486786, 18.78111496110602 -13.658590678357305 2.209924289818291, 18.868606336384698 -13.700787401574802 2.340864386243889, 18.956097711663375 -13.658590678357305 2.471804482669487, 19.020145843591443 -13.543307086614172 2.567659286000992, 19.043589086942053 -13.385826771653543 2.6027445790950847, 19.020145843591443 -13.228346456692913 2.567659286000992, 18.956097711663375 -13.113062864949782 2.471804482669487, 18.868606336384698 -13.070866141732285 2.340864386243889, 18.78111496110602 -13.113062864949782 2.209924289818291, 18.717066829177956 -13.228346456692913 2.114069486486786, 18.9896859355607 -13.385826771653543 1.8948807936567866, 19.01078429716945 -13.543307086614172 1.931424227919602, 19.068426093041015 -13.658590678357305 2.031262747008667, 19.14716625052133 -13.700787401574802 2.1676447003605466, 19.225906408001645 -13.658590678357305 2.3040266537124268, 19.28354820387321 -13.543307086614172 2.4038651728014915, 19.30464656548196 -13.385826771653543 2.440408607064307, 19.28354820387321 -13.228346456692913 2.4038651728014915, 19.225906408001645 -13.113062864949782 2.3040266537124268, 19.14716625052133 -13.070866141732285 2.1676447003605466, 19.068426093041015 -13.113062864949782 2.031262747008667, 19.01078429716945 -13.228346456692913 1.931424227919602, 19.297155331521758 -13.385826771653543 1.730534977551537, 19.31581846496516 -13.543307086614172 1.7683800683873125, 19.366807093760972 -13.658590678357305 1.8717747793677086, 19.436458856000186 -13.700787401574802 2.0130145811838798, 19.506110618239397 -13.658590678357305 2.1542543830000516, 19.55709924703521 -13.543307086614172 2.2576490939804477, 19.57576238047861 -13.385826771653543 2.2954941848162234, 19.55709924703521 -13.228346456692913 2.2576490939804477, 19.506110618239397 -13.113062864949782 2.1542543830000516, 19.436458856000186 -13.070866141732285 2.0130145811838798, 19.366807093760972 -13.113062864949782 1.8717747793677086, 19.31581846496516 -13.228346456692913 1.7683800683873125, 19.61471514255345 -13.385826771653543 1.5866504990923387, 19.630863129428885 -13.543307086614172 1.6256351880120308, 19.67498025001252 -13.658590678357305 1.7321433388578955, 19.73524535747159 -13.700787401574802 1.8776361786234526, 19.79551046493066 -13.658590678357305 2.0231290183890094, 19.839627585514297 -13.543307086614172 2.1296371692348743, 19.855775572389728 -13.385826771653543 2.1686218581545664, 19.839627585514297 -13.228346456692913 2.1296371692348743, 19.79551046493066 -13.113062864949782 2.0231290183890094, 19.73524535747159 -13.070866141732285 1.8776361786234526, 19.67498025001252 -13.113062864949782 1.7321433388578955, 19.630863129428885 -13.228346456692913 1.6256351880120308, 19.941005528792264 -13.385826771653543 1.4638434937055016, 19.954569220940844 -13.543307086614172 1.5038008422861182, 19.99162591702898 -13.658590678357305 1.612966348744101, 20.0422463052657 -13.700787401574802 1.7620892037827007, 20.09286669350242 -13.658590678357305 1.9112120588212995, 20.12992338959056 -13.543307086614172 2.0203775652792824, 20.14348708173914 -13.385826771653543 2.060334913859899, 20.12992338959056 -13.228346456692913 2.0203775652792824, 20.09286669350242 -13.113062864949782 1.9112120588212995, 20.0422463052657 -13.070866141732285 1.7620892037827007, 19.99162591702898 -13.113062864949782 1.612966348744101, 19.954569220940844 -13.228346456692913 1.5038008422861182, 20.27462926471132 -13.385826771653543 1.3626398398417643, 20.28555058032093 -13.543307086614172 1.4033987445823188, 20.315388169451875 -13.658590678357305 1.5147541431943732, 20.356147074192428 -13.700787401574802 1.666868446546983, 20.39690597893298 -13.658590678357305 1.8189827498995919, 20.42674356806393 -13.543307086614172 1.9303381485116464, 20.437664883673538 -13.385826771653543 1.9710970532522016, 20.42674356806393 -13.228346456692913 1.9303381485116464, 20.39690597893298 -13.113062864949782 1.8189827498995919, 20.356147074192428 -13.070866141732285 1.666868446546983, 20.315388169451875 -13.113062864949782 1.5147541431943732, 20.28555058032093 -13.228346456692913 1.4033987445823188, 20.614157722254557 -13.385826771653543 1.283472907084041, 20.622389894575086 -13.543307086614172 1.3248588320970143, 20.64488060761143 -13.658590678357305 1.4379272819506916, 20.6756034929683 -13.700787401574802 1.5923816568173421, 20.70632637832517 -13.658590678357305 1.7468360316839928, 20.728817091361513 -13.543307086614172 1.8599044815376702, 20.73704926368204 -13.385826771653543 1.9012904065506433, 20.728817091361513 -13.228346456692913 1.8599044815376702, 20.70632637832517 -13.113062864949782 1.7468360316839928, 20.6756034929683 -13.070866141732285 1.5923816568173421, 20.64488060761143 -13.113062864949782 1.4379272819506916, 20.622389894575086 -13.228346456692913 1.3248588320970143, 20.958136988441428 -13.385826771653543 1.226681700392327, 20.963644766047175 -13.543307086614172 1.2685174247931303, 20.978692294302853 -13.658590678357305 1.382814749427573, 20.999247600164278 -13.700787401574802 1.5389477984628186, 21.019802906025703 -13.658590678357305 1.6950808474980648, 21.03485043428139 -13.543307086614172 1.809378172132507, 21.04035821188713 -13.385826771653543 1.8512138965333105, 21.03485043428139 -13.228346456692913 1.809378172132507, 21.019802906025703 -13.113062864949782 1.6950808474980648, 20.999247600164278 -13.070866141732285 1.5389477984628186, 20.978692294302853 -13.113062864949782 1.382814749427573, 20.963644766047175 -13.228346456692913 1.2685174247931303, 21.305094091245458 -13.385826771653543 1.192509408432422, 21.30785388898714 -13.543307086614172 1.2346157852264343, 21.315393796636034 -13.658590678357305 1.349652545950313, 21.325693502026606 -13.700787401574802 1.5067956834682033, 21.33599320741718 -13.658590678357305 1.6639388209860937, 21.343533115066073 -13.543307086614172 1.7789755817099722, 21.346292912807755 -13.385826771653543 1.821081958503984, 21.343533115066073 -13.228346456692913 1.7789755817099722, 21.33599320741718 -13.113062864949782 1.6639388209860937, 21.325693502026606 -13.070866141732285 1.5067956834682033, 21.315393796636034 -13.113062864949782 1.349652545950313, 21.30785388898714 -13.228346456692913 1.2346157852264343, 21.653543307086615 -13.385826771653543 1.1811023622047243, 21.653543307086615 -13.543307086614172 1.2232990854222243, 21.653543307086615 -13.658590678357305 1.3385826771653544, 21.653543307086615 -13.700787401574802 1.4960629921259845, 21.653543307086615 -13.658590678357305 1.6535433070866146, 21.653543307086615 -13.543307086614172 1.7688268988297446, 21.653543307086615 -13.385826771653543 1.8110236220472447, 21.653543307086615 -13.228346456692913 1.7688268988297446, 21.653543307086615 -13.113062864949782 1.6535433070866146, 21.653543307086615 -13.070866141732285 1.4960629921259845, 21.653543307086615 -13.113062864949782 1.3385826771653544, 21.653543307086615 -13.228346456692913 1.2232990854222243, 22.001992522927765 -13.385826771653543 1.192509408432422, 21.999232725186083 -13.543307086614172 1.2346157852264337, 21.991692817537196 -13.658590678357305 1.3496525459503124, 21.98139311214662 -13.700787401574802 1.5067956834682026, 21.971093406756044 -13.658590678357305 1.663938820986093, 21.963553499107157 -13.543307086614172 1.7789755817099715, 21.960793701365475 -13.385826771653543 1.8210819585039832, 21.963553499107157 -13.228346456692913 1.7789755817099715, 21.971093406756044 -13.113062864949782 1.663938820986093, 21.98139311214662 -13.070866141732285 1.5067956834682026, 21.991692817537196 -13.113062864949782 1.3496525459503124, 21.999232725186083 -13.228346456692913 1.2346157852264337, 22.348949625731798 -13.385826771653543 1.2266817003923263, 22.343441848126055 -13.543307086614172 1.2685174247931297, 22.328394319870373 -13.658590678357305 1.3828147494275724, 22.307839014008945 -13.700787401574802 1.538947798462818, 22.28728370814752 -13.658590678357305 1.695080847498064, 22.27223617989184 -13.543307086614172 1.8093781721325062, 22.266728402286095 -13.385826771653543 1.8512138965333098, 22.27223617989184 -13.228346456692913 1.8093781721325062, 22.28728370814752 -13.113062864949782 1.695080847498064, 22.307839014008945 -13.070866141732285 1.538947798462818, 22.328394319870373 -13.113062864949782 1.3828147494275724, 22.343441848126055 -13.228346456692913 1.2685174247931297, 22.692928891918665 -13.385826771653543 1.2834729070840403, 22.68469671959814 -13.543307086614172 1.3248588320970134, 22.6622060065618 -13.658590678357305 1.4379272819506907, 22.631483121204926 -13.700787401574802 1.5923816568173415, 22.600760235848057 -13.658590678357305 1.7468360316839922, 22.578269522811713 -13.543307086614172 1.8599044815376695, 22.570037350491184 -13.385826771653543 1.9012904065506426, 22.578269522811713 -13.228346456692913 1.8599044815376695, 22.600760235848057 -13.113062864949782 1.7468360316839922, 22.631483121204926 -13.070866141732285 1.5923816568173415, 22.6622060065618 -13.113062864949782 1.4379272819506907, 22.68469671959814 -13.228346456692913 1.3248588320970134, 23.032457349461907 -13.385826771653543 1.3626398398417636, 23.021536033852296 -13.543307086614172 1.4033987445823182, 22.99169844472135 -13.658590678357305 1.5147541431943725, 22.950939539980794 -13.700787401574802 1.6668684465469823, 22.91018063524024 -13.658590678357305 1.8189827498995912, 22.8803430461093 -13.543307086614172 1.9303381485116458, 22.86942173049969 -13.385826771653543 1.9710970532522007, 22.8803430461093 -13.228346456692913 1.9303381485116458, 22.91018063524024 -13.113062864949782 1.8189827498995912, 22.950939539980794 -13.070866141732285 1.6668684465469823, 22.99169844472135 -13.113062864949782 1.5147541431943725, 23.021536033852296 -13.228346456692913 1.4033987445823182, 23.366081085380962 -13.385826771653543 1.463843493705501, 23.352517393232382 -13.543307086614172 1.5038008422861175, 23.315460697144243 -13.658590678357305 1.6129663487441004, 23.264840308907523 -13.700787401574802 1.7620892037827, 23.214219920670807 -13.658590678357305 1.9112120588212995, 23.177163224582667 -13.543307086614172 2.0203775652792824, 23.163599532434088 -13.385826771653543 2.0603349138598985, 23.177163224582667 -13.228346456692913 2.0203775652792824, 23.214219920670807 -13.113062864949782 1.9112120588212995, 23.264840308907523 -13.070866141732285 1.7620892037827, 23.315460697144243 -13.113062864949782 1.6129663487441004, 23.352517393232382 -13.228346456692913 1.5038008422861175, 23.692371471619776 -13.385826771653543 1.5866504990923378, 23.67622348474434 -13.543307086614172 1.62563518801203, 23.632106364160705 -13.658590678357305 1.7321433388578948, 23.571841256701635 -13.700787401574802 1.877636178623452, 23.51157614924257 -13.658590678357305 2.023129018389009, 23.46745902865893 -13.543307086614172 2.1296371692348743, 23.451311041783498 -13.385826771653543 2.1686218581545664, 23.46745902865893 -13.228346456692913 2.1296371692348743, 23.51157614924257 -13.113062864949782 2.023129018389009, 23.571841256701635 -13.070866141732285 1.877636178623452, 23.632106364160705 -13.113062864949782 1.7321433388578948, 23.67622348474434 -13.228346456692913 1.62563518801203, 24.009931282651465 -13.385826771653543 1.7305349775515364, 23.991268149208064 -13.543307086614172 1.7683800683873119, 23.940279520412254 -13.658590678357305 1.871774779367708, 23.87062775817304 -13.700787401574802 2.0130145811838798, 23.80097599593383 -13.658590678357305 2.1542543830000507, 23.749987367138015 -13.543307086614172 2.2576490939804477, 23.731324233694615 -13.385826771653543 2.2954941848162225, 23.749987367138015 -13.228346456692913 2.2576490939804477, 23.80097599593383 -13.113062864949782 2.1542543830000507, 23.87062775817304 -13.070866141732285 2.0130145811838798, 23.940279520412254 -13.113062864949782 1.871774779367708, 23.991268149208064 -13.228346456692913 1.7683800683873119, 24.317400678612525 -13.385826771653543 1.894880793656786, 24.296302317003775 -13.543307086614172 1.9314242279196012, 24.23866052113221 -13.658590678357305 2.031262747008666, 24.159920363651896 -13.700787401574802 2.167644700360546, 24.08118020617158 -13.658590678357305 2.3040266537124263, 24.023538410300013 -13.543307086614172 2.4038651728014906, 24.002440048691263 -13.385826771653543 2.440408607064307, 24.023538410300013 -13.228346456692913 2.4038651728014906, 24.08118020617158 -13.113062864949782 2.3040266537124263, 24.159920363651896 -13.070866141732285 2.167644700360546, 24.23866052113221 -13.113062864949782 2.031262747008666, 24.296302317003775 -13.228346456692913 1.9314242279196012, 24.613463028345883 -13.385826771653543 2.0789841933926927, 24.590019784995274 -13.543307086614172 2.1140694864867853, 24.525971653067206 -13.658590678357305 2.2099242898182907, 24.43848027778853 -13.700787401574802 2.340864386243888, 24.35098890250985 -13.658590678357305 2.471804482669486, 24.286940770581783 -13.543307086614172 2.567659286000991, 24.26349752723117 -13.385826771653543 2.6027445790950834, 24.286940770581783 -13.228346456692913 2.567659286000991, 24.35098890250985 -13.113062864949782 2.471804482669486, 24.43848027778853 -13.070866141732285 2.340864386243888, 24.525971653067206 -13.113062864949782 2.2099242898182907, 24.590019784995274 -13.228346456692913 2.1140694864867853, 24.896850547417667 -13.385826771653543 2.2820568177375207, 24.871162809892297 -13.543307086614172 2.3155337290514693, 24.80098260584149 -13.658590678357305 2.4069943516416528, 24.705114664265313 -13.700787401574802 2.531931885545784, 24.60924672268914 -13.658590678357305 2.656869419449916, 24.539066518638332 -13.543307086614172 2.7483300420400996, 24.513378781112962 -13.385826771653543 2.7818069533540477, 24.539066518638332 -13.228346456692913 2.7483300420400996, 24.60924672268914 -13.113062864949782 2.656869419449916, 24.705114664265313 -13.070866141732285 2.531931885545784, 24.80098260584149 -13.113062864949782 2.4069943516416528, 24.871162809892297 -13.228346456692913 2.3155337290514693, 25.16634972696477 -13.385826771653543 2.503229078537556, 25.13852749410038 -13.543307086614172 2.534954254797645, 25.062515740334838 -13.658590678357305 2.621629048219285, 24.95868175370491 -13.700787401574802 2.740029017901014, 24.854847767074975 -13.658590678357305 2.8584289875827427, 24.778836013309437 -13.543307086614172 2.945103781004383, 24.751013780445042 -13.385826771653543 2.976828957264471, 24.778836013309437 -13.228346456692913 2.945103781004383, 24.854847767074975 -13.113062864949782 2.8584289875827427, 24.95868175370491 -13.070866141732285 2.740029017901014, 25.062515740334838 -13.113062864949782 2.621629048219285, 25.13852749410038 -13.228346456692913 2.534954254797645, 25.420806530126104 -13.385826771653543 2.7415538822170578, 25.390968940995155 -13.543307086614172 2.7713914713480037, 25.30945113151405 -13.658590678357305 2.8529092808291123, 25.19809573290199 -13.700787401574802 2.964264679441168, 25.08674033428994 -13.658590678357305 3.075620078053222, 25.005222524808826 -13.543307086614172 3.157137887534331, 24.975384935677884 -13.385826771653543 3.1869754766652774, 25.005222524808826 -13.228346456692913 3.157137887534331, 25.08674033428994 -13.113062864949782 3.075620078053222, 25.19809573290199 -13.070866141732285 2.964264679441168, 25.30945113151405 -13.113062864949782 2.8529092808291123, 25.390968940995155 -13.228346456692913 2.7713914713480037, 25.659131333805608 -13.385826771653543 2.99601068537839, 25.62740615754552 -13.543307086614172 3.0238329182427846, 25.54073136412388 -13.658590678357305 3.099844672008322, 25.42233139444215 -13.700787401574802 3.2036786586382537, 25.303931424760417 -13.658590678357305 3.3075126452681864, 25.217256631338778 -13.543307086614172 3.383524399033724, 25.18553145507869 -13.385826771653543 3.4113466318981183, 25.217256631338778 -13.228346456692913 3.383524399033724, 25.303931424760417 -13.113062864949782 3.3075126452681864, 25.42233139444215 -13.070866141732285 3.2036786586382537, 25.54073136412388 -13.113062864949782 3.099844672008322, 25.62740615754552 -13.228346456692913 3.0238329182427846, 25.880303594605632 -13.385826771653543 3.2655098649254883, 25.846826683291688 -13.543307086614172 3.291197602450859, 25.755366060701505 -13.658590678357305 3.3613778065016646, 25.630428526797374 -13.700787401574802 3.457245748077842, 25.50549099289324 -13.658590678357305 3.553113689654019, 25.414030370303056 -13.543307086614172 3.6232938937048242, 25.380553458989112 -13.385826771653543 3.6489816312301953, 25.414030370303056 -13.228346456692913 3.6232938937048242, 25.50549099289324 -13.113062864949782 3.553113689654019, 25.630428526797374 -13.070866141732285 3.457245748077842, 25.755366060701505 -13.113062864949782 3.3613778065016646, 25.846826683291688 -13.228346456692913 3.291197602450859, 26.083376218950466 -13.385826771653543 3.548897383997272, 26.04829092585637 -13.543307086614172 3.5723406273478813, 25.952436122524865 -13.658590678357305 3.6363887592759494, 25.821496026099272 -13.700787401574802 3.723880134554627, 25.69055592967367 -13.658590678357305 3.811371509833305, 25.594701126342166 -13.543307086614172 3.8754196417613724, 25.559615833248074 -13.385826771653543 3.898862885111982, 25.594701126342166 -13.228346456692913 3.8754196417613724, 25.69055592967367 -13.113062864949782 3.811371509833305, 25.821496026099272 -13.070866141732285 3.723880134554627, 25.952436122524865 -13.113062864949782 3.6363887592759494, 26.04829092585637 -13.228346456692913 3.5723406273478813, 26.267479618686373 -13.385826771653543 3.8449597337306334, 26.230936184423555 -13.543307086614172 3.8660580953393833, 26.131097665334494 -13.658590678357305 3.923699891210948, 25.994715711982614 -13.700787401574802 4.0024400486912635, 25.858333758630735 -13.658590678357305 4.081180206171579, 25.758495239541666 -13.543307086614172 4.138822002043144, 25.721951805278856 -13.385826771653543 4.159920363651894, 25.758495239541666 -13.228346456692913 4.138822002043144, 25.858333758630735 -13.113062864949782 4.081180206171579, 25.994715711982614 -13.070866141732285 4.0024400486912635, 26.131097665334494 -13.113062864949782 3.923699891210948, 26.230936184423555 -13.228346456692913 3.8660580953393833, 26.431825434791627 -13.385826771653543 4.152429129691693, 26.39398034395585 -13.543307086614172 4.171092263135094, 26.29058563297545 -13.658590678357305 4.222080891930906, 26.149345831159284 -13.700787401574802 4.291732654170119, 26.00810602934311 -13.658590678357305 4.361384416409332, 25.90471131836271 -13.543307086614172 4.412373045205142, 25.866866227526934 -13.385826771653543 4.431036178648545, 25.90471131836271 -13.228346456692913 4.412373045205142, 26.00810602934311 -13.113062864949782 4.361384416409332, 26.149345831159284 -13.070866141732285 4.291732654170119, 26.29058563297545 -13.113062864949782 4.222080891930906, 26.39398034395585 -13.228346456692913 4.171092263135094, 26.575709913250822 -13.385826771653543 4.4699889407233835, 26.53672522433113 -13.543307086614172 4.486136927598817, 26.430217073485263 -13.658590678357305 4.530254048182453, 26.28472423371971 -13.700787401574802 4.590519155641522, 26.13923139395415 -13.658590678357305 4.650784263100592, 26.032723243108286 -13.543307086614172 4.694901383684228, 25.993738554188592 -13.385826771653543 4.711049370559661, 26.032723243108286 -13.228346456692913 4.694901383684228, 26.13923139395415 -13.113062864949782 4.650784263100592, 26.28472423371971 -13.070866141732285 4.590519155641522, 26.430217073485263 -13.113062864949782 4.530254048182453, 26.53672522433113 -13.228346456692913 4.486136927598817, 26.698516918637658 -13.385826771653543 4.796279326962196, 26.658559570057044 -13.543307086614172 4.809843019110776, 26.549394063599063 -13.658590678357305 4.846899715198915, 26.400271208560458 -13.700787401574802 4.8975201034356335, 26.251148353521863 -13.658590678357305 4.948140491672351, 26.14198284706388 -13.543307086614172 4.985197187760492, 26.102025498483265 -13.385826771653543 4.998760879909071, 26.14198284706388 -13.228346456692913 4.985197187760492, 26.251148353521863 -13.113062864949782 4.948140491672351, 26.400271208560458 -13.070866141732285 4.8975201034356335, 26.549394063599063 -13.113062864949782 4.846899715198915, 26.658559570057044 -13.228346456692913 4.809843019110776, 26.7997205725014 -13.385826771653543 5.129903062881248, 26.758961667760843 -13.543307086614172 5.140824378490857, 26.64760626914879 -13.658590678357305 5.170661967621803, 26.495491965796177 -13.700787401574802 5.211420872362357, 26.343377662443565 -13.658590678357305 5.252179777102912, 26.23202226383151 -13.543307086614172 5.282017366233858, 26.19126335909096 -13.385826771653543 5.2929386818434665, 26.23202226383151 -13.228346456692913 5.282017366233858, 26.343377662443565 -13.113062864949782 5.252179777102912, 26.495491965796177 -13.070866141732285 5.211420872362357, 26.64760626914879 -13.113062864949782 5.170661967621803, 26.758961667760843 -13.228346456692913 5.140824378490857, 26.87888750525912 -13.385826771653543 5.46943152042449, 26.837501580246148 -13.543307086614172 5.4776636927450175, 26.72443313039247 -13.658590678357305 5.500154405781361, 26.56997875552582 -13.700787401574802 5.530877291138232, 26.415524380659168 -13.658590678357305 5.561600176495102, 26.30245593080549 -13.543307086614172 5.584090889531446, 26.26107000579252 -13.385826771653543 5.592323061851973, 26.30245593080549 -13.228346456692913 5.584090889531446, 26.415524380659168 -13.113062864949782 5.561600176495102, 26.56997875552582 -13.070866141732285 5.530877291138232, 26.72443313039247 -13.113062864949782 5.500154405781361, 26.837501580246148 -13.228346456692913 5.4776636927450175, 26.935678711950835 -13.385826771653543 5.813410786611361, 26.893842987550027 -13.543307086614172 5.818918564217105, 26.779545662915584 -13.658590678357305 5.833966092472787, 26.62341261388034 -13.700787401574802 5.854521398334212, 26.467279564845096 -13.658590678357305 5.875076704195637, 26.352982240210654 -13.543307086614172 5.89012423245132, 26.311146515809853 -13.385826771653543 5.895632010057063, 26.352982240210654 -13.228346456692913 5.89012423245132, 26.467279564845096 -13.113062864949782 5.875076704195637, 26.62341261388034 -13.070866141732285 5.854521398334212, 26.779545662915584 -13.113062864949782 5.833966092472787, 26.893842987550027 -13.228346456692913 5.818918564217105, 26.96985100391074 -13.385826771653543 6.160367889415391, 26.927744627116727 -13.543307086614172 6.163127687157074, 26.81270786639285 -13.658590678357305 6.170667594805965, 26.655564728874953 -13.700787401574802 6.180967300196539, 26.49842159135707 -13.658590678357305 6.191267005587113, 26.383384830633187 -13.543307086614172 6.1988069132360035, 26.341278453839177 -13.385826771653543 6.201566710977686, 26.383384830633187 -13.228346456692913 6.1988069132360035, 26.49842159135707 -13.113062864949782 6.191267005587113, 26.655564728874953 -13.070866141732285 6.180967300196539, 26.81270786639285 -13.113062864949782 6.170667594805965, 26.927744627116727 -13.228346456692913 6.163127687157074 ] } coordIndex [ 0 12 13 1 -1, 1 13 14 2 -1, 2 14 15 3 -1, 3 15 16 4 -1, 4 16 17 5 -1, 5 17 18 6 -1, 6 18 19 7 -1, 7 19 20 8 -1, 8 20 21 9 -1, 9 21 22 10 -1, 10 22 23 11 -1, 11 23 12 0 -1, 12 24 25 13 -1, 13 25 26 14 -1, 14 26 27 15 -1, 15 27 28 16 -1, 16 28 29 17 -1, 17 29 30 18 -1, 18 30 31 19 -1, 19 31 32 20 -1, 20 32 33 21 -1, 21 33 34 22 -1, 22 34 35 23 -1, 23 35 24 12 -1, 24 36 37 25 -1, 25 37 38 26 -1, 26 38 39 27 -1, 27 39 40 28 -1, 28 40 41 29 -1, 29 41 42 30 -1, 30 42 43 31 -1, 31 43 44 32 -1, 32 44 45 33 -1, 33 45 46 34 -1, 34 46 47 35 -1, 35 47 36 24 -1, 36 48 49 37 -1, 37 49 50 38 -1, 38 50 51 39 -1, 39 51 52 40 -1, 40 52 53 41 -1, 41 53 54 42 -1, 42 54 55 43 -1, 43 55 56 44 -1, 44 56 57 45 -1, 45 57 58 46 -1, 46 58 59 47 -1, 47 59 48 36 -1, 48 60 61 49 -1, 49 61 62 50 -1, 50 62 63 51 -1, 51 63 64 52 -1, 52 64 65 53 -1, 53 65 66 54 -1, 54 66 67 55 -1, 55 67 68 56 -1, 56 68 69 57 -1, 57 69 70 58 -1, 58 70 71 59 -1, 59 71 60 48 -1, 60 72 73 61 -1, 61 73 74 62 -1, 62 74 75 63 -1, 63 75 76 64 -1, 64 76 77 65 -1, 65 77 78 66 -1, 66 78 79 67 -1, 67 79 80 68 -1, 68 80 81 69 -1, 69 81 82 70 -1, 70 82 83 71 -1, 71 83 72 60 -1, 72 84 85 73 -1, 73 85 86 74 -1, 74 86 87 75 -1, 75 87 88 76 -1, 76 88 89 77 -1, 77 89 90 78 -1, 78 90 91 79 -1, 79 91 92 80 -1, 80 92 93 81 -1, 81 93 94 82 -1, 82 94 95 83 -1, 83 95 84 72 -1, 84 96 97 85 -1, 85 97 98 86 -1, 86 98 99 87 -1, 87 99 100 88 -1, 88 100 101 89 -1, 89 101 102 90 -1, 90 102 103 91 -1, 91 103 104 92 -1, 92 104 105 93 -1, 93 105 106 94 -1, 94 106 107 95 -1, 95 107 96 84 -1, 96 108 109 97 -1, 97 109 110 98 -1, 98 110 111 99 -1, 99 111 112 100 -1, 100 112 113 101 -1, 101 113 114 102 -1, 102 114 115 103 -1, 103 115 116 104 -1, 104 116 117 105 -1, 105 117 118 106 -1, 106 118 119 107 -1, 107 119 108 96 -1, 108 120 121 109 -1, 109 121 122 110 -1, 110 122 123 111 -1, 111 123 124 112 -1, 112 124 125 113 -1, 113 125 126 114 -1, 114 126 127 115 -1, 115 127 128 116 -1, 116 128 129 117 -1, 117 129 130 118 -1, 118 130 131 119 -1, 119 131 120 108 -1, 120 132 133 121 -1, 121 133 134 122 -1, 122 134 135 123 -1, 123 135 136 124 -1, 124 136 137 125 -1, 125 137 138 126 -1, 126 138 139 127 -1, 127 139 140 128 -1, 128 140 141 129 -1, 129 141 142 130 -1, 130 142 143 131 -1, 131 143 132 120 -1, 132 144 145 133 -1, 133 145 146 134 -1, 134 146 147 135 -1, 135 147 148 136 -1, 136 148 149 137 -1, 137 149 150 138 -1, 138 150 151 139 -1, 139 151 152 140 -1, 140 152 153 141 -1, 141 153 154 142 -1, 142 154 155 143 -1, 143 155 144 132 -1, 144 156 157 145 -1, 145 157 158 146 -1, 146 158 159 147 -1, 147 159 160 148 -1, 148 160 161 149 -1, 149 161 162 150 -1, 150 162 163 151 -1, 151 163 164 152 -1, 152 164 165 153 -1, 153 165 166 154 -1, 154 166 167 155 -1, 155 167 156 144 -1, 156 168 169 157 -1, 157 169 170 158 -1, 158 170 171 159 -1, 159 171 172 160 -1, 160 172 173 161 -1, 161 173 174 162 -1, 162 174 175 163 -1, 163 175 176 164 -1, 164 176 177 165 -1, 165 177 178 166 -1, 166 178 179 167 -1, 167 179 168 156 -1, 168 180 181 169 -1, 169 181 182 170 -1, 170 182 183 171 -1, 171 183 184 172 -1, 172 184 185 173 -1, 173 185 186 174 -1, 174 186 187 175 -1, 175 187 188 176 -1, 176 188 189 177 -1, 177 189 190 178 -1, 178 190 191 179 -1, 179 191 180 168 -1, 180 192 193 181 -1, 181 193 194 182 -1, 182 194 195 183 -1, 183 195 196 184 -1, 184 196 197 185 -1, 185 197 198 186 -1, 186 198 199 187 -1, 187 199 200 188 -1, 188 200 201 189 -1, 189 201 202 190 -1, 190 202 203 191 -1, 191 203 192 180 -1, 192 204 205 193 -1, 193 205 206 194 -1, 194 206 207 195 -1, 195 207 208 196 -1, 196 208 209 197 -1, 197 209 210 198 -1, 198 210 211 199 -1, 199 211 212 200 -1, 200 212 213 201 -1, 201 213 214 202 -1, 202 214 215 203 -1, 203 215 204 192 -1, 204 216 217 205 -1, 205 217 218 206 -1, 206 218 219 207 -1, 207 219 220 208 -1, 208 220 221 209 -1, 209 221 222 210 -1, 210 222 223 211 -1, 211 223 224 212 -1, 212 224 225 213 -1, 213 225 226 214 -1, 214 226 227 215 -1, 215 227 216 204 -1, 216 228 229 217 -1, 217 229 230 218 -1, 218 230 231 219 -1, 219 231 232 220 -1, 220 232 233 221 -1, 221 233 234 222 -1, 222 234 235 223 -1, 223 235 236 224 -1, 224 236 237 225 -1, 225 237 238 226 -1, 226 238 239 227 -1, 227 239 228 216 -1, 228 240 241 229 -1, 229 241 242 230 -1, 230 242 243 231 -1, 231 243 244 232 -1, 232 244 245 233 -1, 233 245 246 234 -1, 234 246 247 235 -1, 235 247 248 236 -1, 236 248 249 237 -1, 237 249 250 238 -1, 238 250 251 239 -1, 239 251 240 228 -1, 240 252 253 241 -1, 241 253 254 242 -1, 242 254 255 243 -1, 243 255 256 244 -1, 244 256 257 245 -1, 245 257 258 246 -1, 246 258 259 247 -1, 247 259 260 248 -1, 248 260 261 249 -1, 249 261 262 250 -1, 250 262 263 251 -1, 251 263 252 240 -1, 252 264 265 253 -1, 253 265 266 254 -1, 254 266 267 255 -1, 255 267 268 256 -1, 256 268 269 257 -1, 257 269 270 258 -1, 258 270 271 259 -1, 259 271 272 260 -1, 260 272 273 261 -1, 261 273 274 262 -1, 262 274 275 263 -1, 263 275 264 252 -1, 264 276 277 265 -1, 265 277 278 266 -1, 266 278 279 267 -1, 267 279 280 268 -1, 268 280 281 269 -1, 269 281 282 270 -1, 270 282 283 271 -1, 271 283 284 272 -1, 272 284 285 273 -1, 273 285 286 274 -1, 274 286 287 275 -1, 275 287 276 264 -1, 276 288 289 277 -1, 277 289 290 278 -1, 278 290 291 279 -1, 279 291 292 280 -1, 280 292 293 281 -1, 281 293 294 282 -1, 282 294 295 283 -1, 283 295 296 284 -1, 284 296 297 285 -1, 285 297 298 286 -1, 286 298 299 287 -1, 287 299 288 276 -1, 288 300 301 289 -1, 289 301 302 290 -1, 290 302 303 291 -1, 291 303 304 292 -1, 292 304 305 293 -1, 293 305 306 294 -1, 294 306 307 295 -1, 295 307 308 296 -1, 296 308 309 297 -1, 297 309 310 298 -1, 298 310 311 299 -1, 299 311 300 288 -1, 300 312 313 301 -1, 301 313 314 302 -1, 302 314 315 303 -1, 303 315 316 304 -1, 304 316 317 305 -1, 305 317 318 306 -1, 306 318 319 307 -1, 307 319 320 308 -1, 308 320 321 309 -1, 309 321 322 310 -1, 310 322 323 311 -1, 311 323 312 300 -1, 312 324 325 313 -1, 313 325 326 314 -1, 314 326 327 315 -1, 315 327 328 316 -1, 316 328 329 317 -1, 317 329 330 318 -1, 318 330 331 319 -1, 319 331 332 320 -1, 320 332 333 321 -1, 321 333 334 322 -1, 322 334 335 323 -1, 323 335 324 312 -1, 324 336 337 325 -1, 325 337 338 326 -1, 326 338 339 327 -1, 327 339 340 328 -1, 328 340 341 329 -1, 329 341 342 330 -1, 330 342 343 331 -1, 331 343 344 332 -1, 332 344 345 333 -1, 333 345 346 334 -1, 334 346 347 335 -1, 335 347 336 324 -1, 336 348 349 337 -1, 337 349 350 338 -1, 338 350 351 339 -1, 339 351 352 340 -1, 340 352 353 341 -1, 341 353 354 342 -1, 342 354 355 343 -1, 343 355 356 344 -1, 344 356 357 345 -1, 345 357 358 346 -1, 346 358 359 347 -1, 347 359 348 336 -1, 348 360 361 349 -1, 349 361 362 350 -1, 350 362 363 351 -1, 351 363 364 352 -1, 352 364 365 353 -1, 353 365 366 354 -1, 354 366 367 355 -1, 355 367 368 356 -1, 356 368 369 357 -1, 357 369 370 358 -1, 358 370 371 359 -1, 359 371 360 348 -1, 360 372 373 361 -1, 361 373 374 362 -1, 362 374 375 363 -1, 363 375 376 364 -1, 364 376 377 365 -1, 365 377 378 366 -1, 366 378 379 367 -1, 367 379 380 368 -1, 368 380 381 369 -1, 369 381 382 370 -1, 370 382 383 371 -1, 371 383 372 360 -1, 372 384 385 373 -1, 373 385 386 374 -1, 374 386 387 375 -1, 375 387 388 376 -1, 376 388 389 377 -1, 377 389 390 378 -1, 378 390 391 379 -1, 379 391 392 380 -1, 380 392 393 381 -1, 381 393 394 382 -1, 382 394 395 383 -1, 383 395 384 372 -1, 384 396 397 385 -1, 385 397 398 386 -1, 386 398 399 387 -1, 387 399 400 388 -1, 388 400 401 389 -1, 389 401 402 390 -1, 390 402 403 391 -1, 391 403 404 392 -1, 392 404 405 393 -1, 393 405 406 394 -1, 394 406 407 395 -1, 395 407 396 384 -1, 396 408 409 397 -1, 397 409 410 398 -1, 398 410 411 399 -1, 399 411 412 400 -1, 400 412 413 401 -1, 401 413 414 402 -1, 402 414 415 403 -1, 403 415 416 404 -1, 404 416 417 405 -1, 405 417 418 406 -1, 406 418 419 407 -1, 407 419 408 396 -1, 408 420 421 409 -1, 409 421 422 410 -1, 410 422 423 411 -1, 411 423 424 412 -1, 412 424 425 413 -1, 413 425 426 414 -1, 414 426 427 415 -1, 415 427 428 416 -1, 416 428 429 417 -1, 417 429 430 418 -1, 418 430 431 419 -1, 419 431 420 408 -1, 420 432 433 421 -1, 421 433 434 422 -1, 422 434 435 423 -1, 423 435 436 424 -1, 424 436 437 425 -1, 425 437 438 426 -1, 426 438 439 427 -1, 427 439 440 428 -1, 428 440 441 429 -1, 429 441 442 430 -1, 430 442 443 431 -1, 431 443 432 420 -1, 432 444 445 433 -1, 433 445 446 434 -1, 434 446 447 435 -1, 435 447 448 436 -1, 436 448 449 437 -1, 437 449 450 438 -1, 438 450 451 439 -1, 439 451 452 440 -1, 440 452 453 441 -1, 441 453 454 442 -1, 442 454 455 443 -1, 443 455 444 432 -1, 444 456 457 445 -1, 445 457 458 446 -1, 446 458 459 447 -1, 447 459 460 448 -1, 448 460 461 449 -1, 449 461 462 450 -1, 450 462 463 451 -1, 451 463 464 452 -1, 452 464 465 453 -1, 453 465 466 454 -1, 454 466 467 455 -1, 455 467 456 444 -1, 456 468 469 457 -1, 457 469 470 458 -1, 458 470 471 459 -1, 459 471 472 460 -1, 460 472 473 461 -1, 461 473 474 462 -1, 462 474 475 463 -1, 463 475 476 464 -1, 464 476 477 465 -1, 465 477 478 466 -1, 466 478 479 467 -1, 467 479 468 456 -1, 468 480 481 469 -1, 469 481 482 470 -1, 470 482 483 471 -1, 471 483 484 472 -1, 472 484 485 473 -1, 473 485 486 474 -1, 474 486 487 475 -1, 475 487 488 476 -1, 476 488 489 477 -1, 477 489 490 478 -1, 478 490 491 479 -1, 479 491 480 468 -1, 480 492 493 481 -1, 481 493 494 482 -1, 482 494 495 483 -1, 483 495 496 484 -1, 484 496 497 485 -1, 485 497 498 486 -1, 486 498 499 487 -1, 487 499 500 488 -1, 488 500 501 489 -1, 489 501 502 490 -1, 490 502 503 491 -1, 491 503 492 480 -1, 492 504 505 493 -1, 493 505 506 494 -1, 494 506 507 495 -1, 495 507 508 496 -1, 496 508 509 497 -1, 497 509 510 498 -1, 498 510 511 499 -1, 499 511 512 500 -1, 500 512 513 501 -1, 501 513 514 502 -1, 502 514 515 503 -1, 503 515 504 492 -1, 504 516 517 505 -1, 505 517 518 506 -1, 506 518 519 507 -1, 507 519 520 508 -1, 508 520 521 509 -1, 509 521 522 510 -1, 510 522 523 511 -1, 511 523 524 512 -1, 512 524 525 513 -1, 513 525 526 514 -1, 514 526 527 515 -1, 515 527 516 504 -1, 516 528 529 517 -1, 517 529 530 518 -1, 518 530 531 519 -1, 519 531 532 520 -1, 520 532 533 521 -1, 521 533 534 522 -1, 522 534 535 523 -1, 523 535 536 524 -1, 524 536 537 525 -1, 525 537 538 526 -1, 526 538 539 527 -1, 527 539 528 516 -1, 528 540 541 529 -1, 529 541 542 530 -1, 530 542 543 531 -1, 531 543 544 532 -1, 532 544 545 533 -1, 533 545 546 534 -1, 534 546 547 535 -1, 535 547 548 536 -1, 536 548 549 537 -1, 537 549 550 538 -1, 538 550 551 539 -1, 539 551 540 528 -1, 540 552 553 541 -1, 541 553 554 542 -1, 542 554 555 543 -1, 543 555 556 544 -1, 544 556 557 545 -1, 545 557 558 546 -1, 546 558 559 547 -1, 547 559 560 548 -1, 548 560 561 549 -1, 549 561 562 550 -1, 550 562 563 551 -1, 551 563 552 540 -1, 552 564 565 553 -1, 553 565 566 554 -1, 554 566 567 555 -1, 555 567 568 556 -1, 556 568 569 557 -1, 557 569 570 558 -1, 558 570 571 559 -1, 559 571 572 560 -1, 560 572 573 561 -1, 561 573 574 562 -1, 562 574 575 563 -1, 563 575 564 552 -1, 564 576 577 565 -1, 565 577 578 566 -1, 566 578 579 567 -1, 567 579 580 568 -1, 568 580 581 569 -1, 569 581 582 570 -1, 570 582 583 571 -1, 571 583 584 572 -1, 572 584 585 573 -1, 573 585 586 574 -1, 574 586 587 575 -1, 575 587 576 564 -1, 576 588 589 577 -1, 577 589 590 578 -1, 578 590 591 579 -1, 579 591 592 580 -1, 580 592 593 581 -1, 581 593 594 582 -1, 582 594 595 583 -1, 583 595 596 584 -1, 584 596 597 585 -1, 585 597 598 586 -1, 586 598 599 587 -1, 587 599 588 576 -1, 588 600 601 589 -1, 589 601 602 590 -1, 590 602 603 591 -1, 591 603 604 592 -1, 592 604 605 593 -1, 593 605 606 594 -1, 594 606 607 595 -1, 595 607 608 596 -1, 596 608 609 597 -1, 597 609 610 598 -1, 598 610 611 599 -1, 599 611 600 588 -1, 600 612 613 601 -1, 601 613 614 602 -1, 602 614 615 603 -1, 603 615 616 604 -1, 604 616 617 605 -1, 605 617 618 606 -1, 606 618 619 607 -1, 607 619 620 608 -1, 608 620 621 609 -1, 609 621 622 610 -1, 610 622 623 611 -1, 611 623 612 600 -1, 612 624 625 613 -1, 613 625 626 614 -1, 614 626 627 615 -1, 615 627 628 616 -1, 616 628 629 617 -1, 617 629 630 618 -1, 618 630 631 619 -1, 619 631 632 620 -1, 620 632 633 621 -1, 621 633 634 622 -1, 622 634 635 623 -1, 623 635 624 612 -1, 624 636 637 625 -1, 625 637 638 626 -1, 626 638 639 627 -1, 627 639 640 628 -1, 628 640 641 629 -1, 629 641 642 630 -1, 630 642 643 631 -1, 631 643 644 632 -1, 632 644 645 633 -1, 633 645 646 634 -1, 634 646 647 635 -1, 635 647 636 624 -1, 636 648 649 637 -1, 637 649 650 638 -1, 638 650 651 639 -1, 639 651 652 640 -1, 640 652 653 641 -1, 641 653 654 642 -1, 642 654 655 643 -1, 643 655 656 644 -1, 644 656 657 645 -1, 645 657 658 646 -1, 646 658 659 647 -1, 647 659 648 636 -1, 648 660 661 649 -1, 649 661 662 650 -1, 650 662 663 651 -1, 651 663 664 652 -1, 652 664 665 653 -1, 653 665 666 654 -1, 654 666 667 655 -1, 655 667 668 656 -1, 656 668 669 657 -1, 657 669 670 658 -1, 658 670 671 659 -1, 659 671 660 648 -1, 660 672 673 661 -1, 661 673 674 662 -1, 662 674 675 663 -1, 663 675 676 664 -1, 664 676 677 665 -1, 665 677 678 666 -1, 666 678 679 667 -1, 667 679 680 668 -1, 668 680 681 669 -1, 669 681 682 670 -1, 670 682 683 671 -1, 671 683 672 660 -1, 672 684 685 673 -1, 673 685 686 674 -1, 674 686 687 675 -1, 675 687 688 676 -1, 676 688 689 677 -1, 677 689 690 678 -1, 678 690 691 679 -1, 679 691 692 680 -1, 680 692 693 681 -1, 681 693 694 682 -1, 682 694 695 683 -1, 683 695 684 672 -1, 684 696 697 685 -1, 685 697 698 686 -1, 686 698 699 687 -1, 687 699 700 688 -1, 688 700 701 689 -1, 689 701 702 690 -1, 690 702 703 691 -1, 691 703 704 692 -1, 692 704 705 693 -1, 693 705 706 694 -1, 694 706 707 695 -1, 695 707 696 684 -1, 696 708 709 697 -1, 697 709 710 698 -1, 698 710 711 699 -1, 699 711 712 700 -1, 700 712 713 701 -1, 701 713 714 702 -1, 702 714 715 703 -1, 703 715 716 704 -1, 704 716 717 705 -1, 705 717 718 706 -1, 706 718 719 707 -1, 707 719 708 696 -1, 708 720 721 709 -1, 709 721 722 710 -1, 710 722 723 711 -1, 711 723 724 712 -1, 712 724 725 713 -1, 713 725 726 714 -1, 714 726 727 715 -1, 715 727 728 716 -1, 716 728 729 717 -1, 717 729 730 718 -1, 718 730 731 719 -1, 719 731 720 708 -1, 720 732 733 721 -1, 721 733 734 722 -1, 722 734 735 723 -1, 723 735 736 724 -1, 724 736 737 725 -1, 725 737 738 726 -1, 726 738 739 727 -1, 727 739 740 728 -1, 728 740 741 729 -1, 729 741 742 730 -1, 730 742 743 731 -1, 731 743 732 720 -1, 732 744 745 733 -1, 733 745 746 734 -1, 734 746 747 735 -1, 735 747 748 736 -1, 736 748 749 737 -1, 737 749 750 738 -1, 738 750 751 739 -1, 739 751 752 740 -1, 740 752 753 741 -1, 741 753 754 742 -1, 742 754 755 743 -1, 743 755 744 732 -1, 744 756 757 745 -1, 745 757 758 746 -1, 746 758 759 747 -1, 747 759 760 748 -1, 748 760 761 749 -1, 749 761 762 750 -1, 750 762 763 751 -1, 751 763 764 752 -1, 752 764 765 753 -1, 753 765 766 754 -1, 754 766 767 755 -1, 755 767 756 744 -1, 756 768 769 757 -1, 757 769 770 758 -1, 758 770 771 759 -1, 759 771 772 760 -1, 760 772 773 761 -1, 761 773 774 762 -1, 762 774 775 763 -1, 763 775 776 764 -1, 764 776 777 765 -1, 765 777 778 766 -1, 766 778 779 767 -1, 767 779 768 756 -1, 768 780 781 769 -1, 769 781 782 770 -1, 770 782 783 771 -1, 771 783 784 772 -1, 772 784 785 773 -1, 773 785 786 774 -1, 774 786 787 775 -1, 775 787 788 776 -1, 776 788 789 777 -1, 777 789 790 778 -1, 778 790 791 779 -1, 779 791 780 768 -1, 780 792 793 781 -1, 781 793 794 782 -1, 782 794 795 783 -1, 783 795 796 784 -1, 784 796 797 785 -1, 785 797 798 786 -1, 786 798 799 787 -1, 787 799 800 788 -1, 788 800 801 789 -1, 789 801 802 790 -1, 790 802 803 791 -1, 791 803 792 780 -1, 792 804 805 793 -1, 793 805 806 794 -1, 794 806 807 795 -1, 795 807 808 796 -1, 796 808 809 797 -1, 797 809 810 798 -1, 798 810 811 799 -1, 799 811 812 800 -1, 800 812 813 801 -1, 801 813 814 802 -1, 802 814 815 803 -1, 803 815 804 792 -1, 804 816 817 805 -1, 805 817 818 806 -1, 806 818 819 807 -1, 807 819 820 808 -1, 808 820 821 809 -1, 809 821 822 810 -1, 810 822 823 811 -1, 811 823 824 812 -1, 812 824 825 813 -1, 813 825 826 814 -1, 814 826 827 815 -1, 815 827 816 804 -1, 816 828 829 817 -1, 817 829 830 818 -1, 818 830 831 819 -1, 819 831 832 820 -1, 820 832 833 821 -1, 821 833 834 822 -1, 822 834 835 823 -1, 823 835 836 824 -1, 824 836 837 825 -1, 825 837 838 826 -1, 826 838 839 827 -1, 827 839 828 816 -1, 828 840 841 829 -1, 829 841 842 830 -1, 830 842 843 831 -1, 831 843 844 832 -1, 832 844 845 833 -1, 833 845 846 834 -1, 834 846 847 835 -1, 835 847 848 836 -1, 836 848 849 837 -1, 837 849 850 838 -1, 838 850 851 839 -1, 839 851 840 828 -1, 840 852 853 841 -1, 841 853 854 842 -1, 842 854 855 843 -1, 843 855 856 844 -1, 844 856 857 845 -1, 845 857 858 846 -1, 846 858 859 847 -1, 847 859 860 848 -1, 848 860 861 849 -1, 849 861 862 850 -1, 850 862 863 851 -1, 851 863 852 840 -1, 852 864 865 853 -1, 853 865 866 854 -1, 854 866 867 855 -1, 855 867 868 856 -1, 856 868 869 857 -1, 857 869 870 858 -1, 858 870 871 859 -1, 859 871 872 860 -1, 860 872 873 861 -1, 861 873 874 862 -1, 862 874 875 863 -1, 863 875 864 852 -1, 864 876 877 865 -1, 865 877 878 866 -1, 866 878 879 867 -1, 867 879 880 868 -1, 868 880 881 869 -1, 869 881 882 870 -1, 870 882 883 871 -1, 871 883 884 872 -1, 872 884 885 873 -1, 873 885 886 874 -1, 874 886 887 875 -1, 875 887 876 864 -1, 876 888 889 877 -1, 877 889 890 878 -1, 878 890 891 879 -1, 879 891 892 880 -1, 880 892 893 881 -1, 881 893 894 882 -1, 882 894 895 883 -1, 883 895 896 884 -1, 884 896 897 885 -1, 885 897 898 886 -1, 886 898 899 887 -1, 887 899 888 876 -1, 888 900 901 889 -1, 889 901 902 890 -1, 890 902 903 891 -1, 891 903 904 892 -1, 892 904 905 893 -1, 893 905 906 894 -1, 894 906 907 895 -1, 895 907 908 896 -1, 896 908 909 897 -1, 897 909 910 898 -1, 898 910 911 899 -1, 899 911 900 888 -1, 900 912 913 901 -1, 901 913 914 902 -1, 902 914 915 903 -1, 903 915 916 904 -1, 904 916 917 905 -1, 905 917 918 906 -1, 906 918 919 907 -1, 907 919 920 908 -1, 908 920 921 909 -1, 909 921 922 910 -1, 910 922 923 911 -1, 911 923 912 900 -1, 912 924 925 913 -1, 913 925 926 914 -1, 914 926 927 915 -1, 915 927 928 916 -1, 916 928 929 917 -1, 917 929 930 918 -1, 918 930 931 919 -1, 919 931 932 920 -1, 920 932 933 921 -1, 921 933 934 922 -1, 922 934 935 923 -1, 923 935 924 912 -1, 924 936 937 925 -1, 925 937 938 926 -1, 926 938 939 927 -1, 927 939 940 928 -1, 928 940 941 929 -1, 929 941 942 930 -1, 930 942 943 931 -1, 931 943 944 932 -1, 932 944 945 933 -1, 933 945 946 934 -1, 934 946 947 935 -1, 935 947 936 924 -1, 936 948 949 937 -1, 937 949 950 938 -1, 938 950 951 939 -1, 939 951 952 940 -1, 940 952 953 941 -1, 941 953 954 942 -1, 942 954 955 943 -1, 943 955 956 944 -1, 944 956 957 945 -1, 945 957 958 946 -1, 946 958 959 947 -1, 947 959 948 936 -1, 948 960 961 949 -1, 949 961 962 950 -1, 950 962 963 951 -1, 951 963 964 952 -1, 952 964 965 953 -1, 953 965 966 954 -1, 954 966 967 955 -1, 955 967 968 956 -1, 956 968 969 957 -1, 957 969 970 958 -1, 958 970 971 959 -1, 959 971 960 948 -1, 960 972 973 961 -1, 961 973 974 962 -1, 962 974 975 963 -1, 963 975 976 964 -1, 964 976 977 965 -1, 965 977 978 966 -1, 966 978 979 967 -1, 967 979 980 968 -1, 968 980 981 969 -1, 969 981 982 970 -1, 970 982 983 971 -1, 971 983 972 960 -1, 972 984 985 973 -1, 973 985 986 974 -1, 974 986 987 975 -1, 975 987 988 976 -1, 976 988 989 977 -1, 977 989 990 978 -1, 978 990 991 979 -1, 979 991 992 980 -1, 980 992 993 981 -1, 981 993 994 982 -1, 982 994 995 983 -1, 983 995 984 972 -1, 984 996 997 985 -1, 985 997 998 986 -1, 986 998 999 987 -1, 987 999 1000 988 -1, 988 1000 1001 989 -1, 989 1001 1002 990 -1, 990 1002 1003 991 -1, 991 1003 1004 992 -1, 992 1004 1005 993 -1, 993 1005 1006 994 -1, 994 1006 1007 995 -1, 995 1007 996 984 -1, 996 1008 1009 997 -1, 997 1009 1010 998 -1, 998 1010 1011 999 -1, 999 1011 1012 1000 -1, 1000 1012 1013 1001 -1, 1001 1013 1014 1002 -1, 1002 1014 1015 1003 -1, 1003 1015 1016 1004 -1, 1004 1016 1017 1005 -1, 1005 1017 1018 1006 -1, 1006 1018 1019 1007 -1, 1007 1019 1008 996 -1, 1008 1020 1021 1009 -1, 1009 1021 1022 1010 -1, 1010 1022 1023 1011 -1, 1011 1023 1024 1012 -1, 1012 1024 1025 1013 -1, 1013 1025 1026 1014 -1, 1014 1026 1027 1015 -1, 1015 1027 1028 1016 -1, 1016 1028 1029 1017 -1, 1017 1029 1030 1018 -1, 1018 1030 1031 1019 -1, 1019 1031 1020 1008 -1, 1020 1032 1033 1021 -1, 1021 1033 1034 1022 -1, 1022 1034 1035 1023 -1, 1023 1035 1036 1024 -1, 1024 1036 1037 1025 -1, 1025 1037 1038 1026 -1, 1026 1038 1039 1027 -1, 1027 1039 1040 1028 -1, 1028 1040 1041 1029 -1, 1029 1041 1042 1030 -1, 1030 1042 1043 1031 -1, 1031 1043 1032 1020 -1, 1032 1044 1045 1033 -1, 1033 1045 1046 1034 -1, 1034 1046 1047 1035 -1, 1035 1047 1048 1036 -1, 1036 1048 1049 1037 -1, 1037 1049 1050 1038 -1, 1038 1050 1051 1039 -1, 1039 1051 1052 1040 -1, 1040 1052 1053 1041 -1, 1041 1053 1054 1042 -1, 1042 1054 1055 1043 -1, 1043 1055 1044 1032 -1, 1044 1056 1057 1045 -1, 1045 1057 1058 1046 -1, 1046 1058 1059 1047 -1, 1047 1059 1060 1048 -1, 1048 1060 1061 1049 -1, 1049 1061 1062 1050 -1, 1050 1062 1063 1051 -1, 1051 1063 1064 1052 -1, 1052 1064 1065 1053 -1, 1053 1065 1066 1054 -1, 1054 1066 1067 1055 -1, 1055 1067 1056 1044 -1, 1056 1068 1069 1057 -1, 1057 1069 1070 1058 -1, 1058 1070 1071 1059 -1, 1059 1071 1072 1060 -1, 1060 1072 1073 1061 -1, 1061 1073 1074 1062 -1, 1062 1074 1075 1063 -1, 1063 1075 1076 1064 -1, 1064 1076 1077 1065 -1, 1065 1077 1078 1066 -1, 1066 1078 1079 1067 -1, 1067 1079 1068 1056 -1, 1068 1080 1081 1069 -1, 1069 1081 1082 1070 -1, 1070 1082 1083 1071 -1, 1071 1083 1084 1072 -1, 1072 1084 1085 1073 -1, 1073 1085 1086 1074 -1, 1074 1086 1087 1075 -1, 1075 1087 1088 1076 -1, 1076 1088 1089 1077 -1, 1077 1089 1090 1078 -1, 1078 1090 1091 1079 -1, 1079 1091 1080 1068 -1, 1080 1092 1093 1081 -1, 1081 1093 1094 1082 -1, 1082 1094 1095 1083 -1, 1083 1095 1096 1084 -1, 1084 1096 1097 1085 -1, 1085 1097 1098 1086 -1, 1086 1098 1099 1087 -1, 1087 1099 1100 1088 -1, 1088 1100 1101 1089 -1, 1089 1101 1102 1090 -1, 1090 1102 1103 1091 -1, 1091 1103 1092 1080 -1, 1092 1104 1105 1093 -1, 1093 1105 1106 1094 -1, 1094 1106 1107 1095 -1, 1095 1107 1108 1096 -1, 1096 1108 1109 1097 -1, 1097 1109 1110 1098 -1, 1098 1110 1111 1099 -1, 1099 1111 1112 1100 -1, 1100 1112 1113 1101 -1, 1101 1113 1114 1102 -1, 1102 1114 1115 1103 -1, 1103 1115 1104 1092 -1, 1104 1116 1117 1105 -1, 1105 1117 1118 1106 -1, 1106 1118 1119 1107 -1, 1107 1119 1120 1108 -1, 1108 1120 1121 1109 -1, 1109 1121 1122 1110 -1, 1110 1122 1123 1111 -1, 1111 1123 1124 1112 -1, 1112 1124 1125 1113 -1, 1113 1125 1126 1114 -1, 1114 1126 1127 1115 -1, 1115 1127 1116 1104 -1, 1116 1128 1129 1117 -1, 1117 1129 1130 1118 -1, 1118 1130 1131 1119 -1, 1119 1131 1132 1120 -1, 1120 1132 1133 1121 -1, 1121 1133 1134 1122 -1, 1122 1134 1135 1123 -1, 1123 1135 1136 1124 -1, 1124 1136 1137 1125 -1, 1125 1137 1138 1126 -1, 1126 1138 1139 1127 -1, 1127 1139 1128 1116 -1, 1128 1140 1141 1129 -1, 1129 1141 1142 1130 -1, 1130 1142 1143 1131 -1, 1131 1143 1144 1132 -1, 1132 1144 1145 1133 -1, 1133 1145 1146 1134 -1, 1134 1146 1147 1135 -1, 1135 1147 1148 1136 -1, 1136 1148 1149 1137 -1, 1137 1149 1150 1138 -1, 1138 1150 1151 1139 -1, 1139 1151 1140 1128 -1, 1140 0 1 1141 -1, 1141 1 2 1142 -1, 1142 2 3 1143 -1, 1143 3 4 1144 -1, 1144 4 5 1145 -1, 1145 5 6 1146 -1, 1146 6 7 1147 -1, 1147 7 8 1148 -1, 1148 8 9 1149 -1, 1149 9 10 1150 -1, 1150 10 11 1151 -1, 1151 11 0 1140 -1 ] } }
Shape { appearance Appearance { material Material { diffuseColor .85 .15 .3 transparency .35 } } geometry IndexedFaceSet { solid FALSE coord Coordinate { point [ 34.067872223366784 -14.173228346456693 6.508817105256547, 34.02567550014928 -14.330708661417322 6.508817105256547, 33.910391908406154 -14.445992253160455 6.508817105256547, 33.75291159344552 -14.488188976377952 6.508817105256547, 33.595431278484895 -14.445992253160455 6.508817105256547, 33.48014768674176 -14.330708661417322 6.508817105256547, 33.43795096352426 -14.173228346456693 6.508817105256547, 33.48014768674176 -14.015748031496063 6.508817105256547, 33.595431278484895 -13.90046443975293 6.508817105256547, 33.75291159344552 -13.858267716535433 6.508817105256547, 33.910391908406154 -13.90046443975293 6.508817105256547, 34.02567550014928 -14.015748031496063 6.508817105256547, 34.05646517713909 -14.173228346456693 6.857266321097703, 34.01435880034507 -14.330708661417322 6.8545065233560205, 33.8993220396212 -14.445992253160455 6.84696661570713, 33.7421789021033 -14.488188976377952 6.836666910316556, 33.58503576458541 -14.445992253160455 6.826367204925982, 33.46999900386153 -14.330708661417322 6.818827297277092, 33.42789262706752 -14.173228346456693 6.816067499535409, 33.46999900386153 -14.015748031496063 6.818827297277092, 33.58503576458541 -13.90046443975293 6.826367204925982, 33.7421789021033 -13.858267716535433 6.836666910316556, 33.8993220396212 -13.90046443975293 6.84696661570713, 34.01435880034507 -14.015748031496063 6.8545065233560205, 34.02229288517918 -14.173228346456693 7.204223423901731, 33.98045716077837 -14.330708661417322 7.198715646295987, 33.86615983614393 -14.445992253160455 7.183668118040306, 33.71002678710869 -14.488188976377952 7.1631128121788805, 33.55389373807344 -14.445992253160455 7.142557506317455, 33.439596413439 -14.330708661417322 7.127509978061774, 33.3977606890382 -14.173228346456693 7.122002200456029, 33.439596413439 -14.015748031496063 7.127509978061774, 33.55389373807344 -13.90046443975293 7.142557506317455, 33.71002678710869 -13.858267716535433 7.1631128121788805, 33.86615983614393 -13.90046443975293 7.183668118040306, 33.98045716077837 -14.015748031496063 7.198715646295987, 33.96550167848746 -14.173228346456693 7.548202690088601, 33.924115753474496 -14.330708661417322 7.539970517768073, 33.81104730362082 -14.445992253160455 7.51747980473173, 33.656592928754165 -14.488188976377952 7.486756919374859, 33.50213855388751 -14.445992253160455 7.456034034017989, 33.38907010403384 -14.330708661417322 7.433543320981647, 33.34768417902087 -14.173228346456693 7.425311148661118, 33.38907010403384 -14.015748031496063 7.433543320981647, 33.50213855388751 -13.90046443975293 7.456034034017989, 33.656592928754165 -13.858267716535433 7.486756919374859, 33.81104730362082 -13.90046443975293 7.51747980473173, 33.924115753474496 -14.015748031496063 7.539970517768073, 33.88633474572975 -14.173228346456693 7.887731147631841, 33.84557584098919 -14.330708661417322 7.876809832022232, 33.734220442377136 -14.445992253160455 7.846972242891287, 33.582106139024525 -14.488188976377952 7.806213338150733, 33.42999183567192 -14.445992253160455 7.765454433410178, 33.318636437059865 -14.330708661417322 7.735616844279232, 33.27787753231931 -14.173228346456693 7.724695528669622, 33.318636437059865 -14.015748031496063 7.735616844279232, 33.42999183567192 -13.90046443975293 7.765454433410178, 33.582106139024525 -13.858267716535433 7.806213338150733, 33.734220442377136 -13.90046443975293 7.846972242891287, 33.84557584098919 -14.015748031496063 7.876809832022232, 33.785131091866006 -14.173228346456693 8.221354883550896, 33.74517374328539 -14.330708661417322 8.207791191402316, 33.63600823682741 -14.445992253160455 8.170734495314179, 33.4868853817888 -14.488188976377952 8.120114107077459, 33.33776252675021 -14.445992253160455 8.069493718840741, 33.22859702029223 -14.330708661417322 8.0324370227526, 33.18863967171161 -14.173228346456693 8.018873330604022, 33.22859702029223 -14.015748031496063 8.0324370227526, 33.33776252675021 -13.90046443975293 8.069493718840741, 33.4868853817888 -13.858267716535433 8.120114107077459, 33.63600823682741 -13.90046443975293 8.170734495314179, 33.74517374328539 -14.015748031496063 8.207791191402316, 33.66232408647917 -14.173228346456693 8.547645269789712, 33.62333939755948 -14.330708661417322 8.531497282914277, 33.51683124671361 -14.445992253160455 8.487380162330641, 33.371338406948055 -14.488188976377952 8.427115054871573, 33.225845567182496 -14.445992253160455 8.366849947412502, 33.119337416336634 -14.330708661417322 8.322732826828867, 33.08035272741694 -14.173228346456693 8.306584839953432, 33.119337416336634 -14.015748031496063 8.322732826828867, 33.225845567182496 -13.90046443975293 8.366849947412502, 33.371338406948055 -13.858267716535433 8.427115054871573, 33.51683124671361 -13.90046443975293 8.487380162330641, 33.62333939755948 -14.015748031496063 8.531497282914277, 33.518439608019975 -14.173228346456693 8.8652050808214, 33.480594517184194 -14.330708661417322 8.846541947377998, 33.3771998062038 -14.445992253160455 8.795553318582188, 33.23596000438763 -14.488188976377952 8.725901556342974, 33.09472020257146 -14.445992253160455 8.656249794103761, 32.991325491591056 -14.330708661417322 8.60526116530795, 32.95348040075529 -14.173228346456693 8.586598031864549, 32.991325491591056 -14.015748031496063 8.60526116530795, 33.09472020257146 -13.90046443975293 8.656249794103761, 33.23596000438763 -13.858267716535433 8.725901556342974, 33.3771998062038 -13.90046443975293 8.795553318582188, 33.480594517184194 -14.015748031496063 8.846541947377998, 33.35409379191472 -14.173228346456693 9.172674476782458, 33.31755035765191 -14.330708661417322 9.151576115173707, 33.21771183856284 -14.445992253160455 9.093934319302143, 33.08132988521096 -14.488188976377952 9.015194161821828, 32.94494793185908 -14.445992253160455 8.936454004341511, 32.845109412770015 -14.330708661417322 8.878812208469947, 32.808565978507204 -14.173228346456693 8.857713846861197, 32.845109412770015 -14.015748031496063 8.878812208469947, 32.94494793185908 -13.90046443975293 8.936454004341511, 33.08132988521096 -13.858267716535433 9.015194161821828, 33.21771183856284 -13.90046443975293 9.093934319302143, 33.31755035765191 -14.015748031496063 9.151576115173707, 33.16999039217882 -14.173228346456693 9.468736826515817, 33.134905099084726 -14.330708661417322 9.445293583165208, 33.03905029575322 -14.445992253160455 9.38124545123714, 32.908110199327616 -14.488188976377952 9.293754075958462, 32.77717010290202 -14.445992253160455 9.206262700679785, 32.681315299570514 -14.330708661417322 9.142214568751717, 32.64623000647642 -14.173228346456693 9.118771325401108, 32.681315299570514 -14.015748031496063 9.142214568751717, 32.77717010290202 -13.90046443975293 9.206262700679785, 32.908110199327616 -13.858267716535433 9.293754075958462, 33.03905029575322 -13.90046443975293 9.38124545123714, 33.134905099084726 -14.015748031496063 9.445293583165208, 32.96691776783398 -14.173228346456693 9.752124345587603, 32.933440856520036 -14.330708661417322 9.726436608062233, 32.84198023392985 -14.445992253160455 9.656256404011428, 32.71704270002572 -14.488188976377952 9.560388462435249, 32.59210516612159 -14.445992253160455 9.464520520859073, 32.5006445435314 -14.330708661417322 9.394340316808268, 32.46716763221746 -14.173228346456693 9.368652579282896, 32.5006445435314 -14.015748031496063 9.394340316808268, 32.59210516612159 -13.90046443975293 9.464520520859073, 32.71704270002572 -13.858267716535433 9.560388462435249, 32.84198023392985 -13.90046443975293 9.656256404011428, 32.933440856520036 -14.015748031496063 9.726436608062233, 32.74574550703395 -14.173228346456693 10.021623525134704, 32.71402033077386 -14.330708661417322 9.99380129227031, 32.62734553735223 -14.445992253160455 9.917789538504772, 32.508945567670494 -14.488188976377952 9.81395555187484, 32.39054559798877 -14.445992253160455 9.710121565244908, 32.303870804567126 -14.330708661417322 9.63410981147937, 32.27214562830704 -14.173228346456693 9.606287578614975, 32.303870804567126 -14.015748031496063 9.63410981147937, 32.39054559798877 -13.90046443975293 9.710121565244908, 32.508945567670494 -13.858267716535433 9.81395555187484, 32.62734553735223 -13.90046443975293 9.917789538504772, 32.71402033077386 -14.015748031496063 9.99380129227031, 32.50742070335445 -14.173228346456693 10.276080328296034, 32.4775831142235 -14.330708661417322 10.246242739165089, 32.39606530474239 -14.445992253160455 10.164724929683981, 32.28470990613034 -14.488188976377952 10.053369531071926, 32.17335450751828 -14.445992253160455 9.942014132459871, 32.09183669803717 -14.330708661417322 9.860496322978761, 32.06199910890623 -14.173228346456693 9.830658733847816, 32.09183669803717 -14.015748031496063 9.860496322978761, 32.17335450751828 -13.90046443975293 9.942014132459871, 32.28470990613034 -13.858267716535433 10.053369531071926, 32.39606530474239 -13.90046443975293 10.164724929683981, 32.4775831142235 -14.015748031496063 10.246242739165089, 32.252963900193116 -14.173228346456693 10.514405131975538, 32.22514166732873 -14.330708661417322 10.482679955715449, 32.149129913563186 -14.445992253160455 10.39600516229381, 32.04529592693326 -14.488188976377952 10.27760519261208, 31.941461940303324 -14.445992253160455 10.159205222930352, 31.86545018653778 -14.330708661417322 10.072530429508712, 31.83762795367339 -14.173228346456693 10.040805253248623, 31.86545018653778 -14.015748031496063 10.072530429508712, 31.941461940303324 -13.90046443975293 10.159205222930352, 32.04529592693326 -13.858267716535433 10.27760519261208, 32.149129913563186 -13.90046443975293 10.39600516229381, 32.22514166732873 -14.015748031496063 10.482679955715449, 31.98346472064602 -14.173228346456693 10.735577392775571, 31.957776983120645 -14.330708661417322 10.70210048146162, 31.88759677906984 -14.445992253160455 10.610639858871437, 31.791728837493665 -14.488188976377952 10.485702324967306, 31.695860895917487 -14.445992253160455 10.360764791063174, 31.62568069186668 -14.330708661417322 10.269304168472992, 31.599992954341307 -14.173228346456693 10.235827257159043, 31.62568069186668 -14.015748031496063 10.269304168472992, 31.695860895917487 -13.90046443975293 10.360764791063174, 31.791728837493665 -13.858267716535433 10.485702324967306, 31.88759677906984 -13.90046443975293 10.610639858871437, 31.957776983120645 -14.015748031496063 10.70210048146162, 31.70007720157423 -14.173228346456693 10.938650017120398, 31.67663395822362 -14.330708661417322 10.903564724026307, 31.612585826295557 -14.445992253160455 10.807709920694801, 31.525094451016876 -14.488188976377952 10.676769824269202, 31.4376030757382 -14.445992253160455 10.545829727843607, 31.373554943810134 -14.330708661417322 10.4499749245121, 31.350111700459525 -14.173228346456693 10.414889631418008, 31.373554943810134 -14.015748031496063 10.4499749245121, 31.4376030757382 -13.90046443975293 10.545829727843607, 31.525094451016876 -13.858267716535433 10.676769824269202, 31.612585826295557 -13.90046443975293 10.807709920694801, 31.67663395822362 -14.015748031496063 10.903564724026307, 31.404014851840873 -14.173228346456693 11.122753416856307, 31.38291649023212 -14.330708661417322 11.086209982593491, 31.325274694360555 -14.445992253160455 10.986371463504428, 31.24653453688024 -14.488188976377952 10.849989510152549, 31.16779437939993 -14.445992253160455 10.713607556800667, 31.11015258352836 -14.330708661417322 10.613769037711602, 31.089054221919614 -14.173228346456693 10.577225603448786, 31.11015258352836 -14.015748031496063 10.613769037711602, 31.16779437939993 -13.90046443975293 10.713607556800667, 31.24653453688024 -13.858267716535433 10.849989510152549, 31.325274694360555 -13.90046443975293 10.986371463504428, 31.38291649023212 -14.015748031496063 11.086209982593491, 31.096545455879816 -14.173228346456693 11.287099232961557, 31.077882322436416 -14.330708661417322 11.24925414212578, 31.026893693640602 -14.445992253160455 11.145859431145386, 30.957241931401388 -14.488188976377952 11.004619629329214, 30.887590169162177 -14.445992253160455 10.863379827513043, 30.836601540366363 -14.330708661417322 10.759985116532645, 30.817938406922963 -14.173228346456693 10.72214002569687, 30.836601540366363 -14.015748031496063 10.759985116532645, 30.887590169162177 -13.90046443975293 10.863379827513043, 30.957241931401388 -13.858267716535433 11.004619629329214, 31.026893693640602 -13.90046443975293 11.145859431145386, 31.077882322436416 -14.015748031496063 11.24925414212578, 30.778985644848124 -14.173228346456693 11.430983711420755, 30.76283765797269 -14.330708661417322 11.391999022501063, 30.718720537389054 -14.445992253160455 11.285490871655197, 30.658455429929987 -14.488188976377952 11.13999803188964, 30.598190322470916 -14.445992253160455 10.994505192124082, 30.55407320188728 -14.330708661417322 10.887997041278219, 30.537925215011846 -14.173228346456693 10.849012352358526, 30.55407320188728 -14.015748031496063 10.887997041278219, 30.598190322470916 -13.90046443975293 10.994505192124082, 30.658455429929987 -13.858267716535433 11.13999803188964, 30.718720537389054 -13.90046443975293 11.285490871655197, 30.76283765797269 -14.015748031496063 11.391999022501063, 30.452695258609314 -14.173228346456693 11.55379071680759, 30.439131566460727 -14.330708661417322 11.513833368226976, 30.40207487037259 -14.445992253160455 11.404667861768992, 30.351454482135875 -14.488188976377952 11.255545006730394, 30.300834093899155 -14.445992253160455 11.106422151691794, 30.263777397811012 -14.330708661417322 10.99725664523381, 30.250213705662436 -14.173228346456693 10.957299296653193, 30.263777397811012 -14.015748031496063 10.99725664523381, 30.300834093899155 -13.90046443975293 11.106422151691794, 30.351454482135875 -13.858267716535433 11.255545006730394, 30.40207487037259 -13.90046443975293 11.404667861768992, 30.439131566460727 -14.015748031496063 11.513833368226976, 30.119071522690255 -14.173228346456693 11.65499437067133, 30.108150207080644 -14.330708661417322 11.614235465930774, 30.0783126179497 -14.445992253160455 11.50288006731872, 30.03755371320915 -14.488188976377952 11.35076576396611, 29.996794808468593 -14.445992253160455 11.198651460613503, 29.966957219337644 -14.330708661417322 11.087296062001448, 29.956035903728036 -14.173228346456693 11.046537157260891, 29.966957219337644 -14.015748031496063 11.087296062001448, 29.996794808468593 -13.90046443975293 11.198651460613503, 30.03755371320915 -13.858267716535433 11.35076576396611, 30.0783126179497 -13.90046443975293 11.50288006731872, 30.108150207080644 -14.015748031496063 11.614235465930774, 29.779543065147013 -14.173228346456693 11.734161303429053, 29.771310892826488 -14.330708661417322 11.69277537841608, 29.748820179790144 -14.445992253160455 11.579706928562404, 29.71809729443327 -14.488188976377952 11.425252553695753, 29.6873744090764 -14.445992253160455 11.2707981788291, 29.66488369604006 -14.330708661417322 11.157729728975424, 29.656651523719535 -14.173228346456693 11.116343803962451, 29.66488369604006 -14.015748031496063 11.157729728975424, 29.6873744090764 -13.90046443975293 11.2707981788291, 29.71809729443327 -13.858267716535433 11.425252553695753, 29.748820179790144 -13.90046443975293 11.579706928562404, 29.771310892826488 -14.015748031496063 11.69277537841608, 29.435563798960143 -14.173228346456693 11.790952510120766, 29.4300560213544 -14.330708661417322 11.749116785719963, 29.415008493098718 -14.445992253160455 11.63481946108552, 29.394453187237293 -14.488188976377952 11.478686412050276, 29.373897881375868 -14.445992253160455 11.322553363015029, 29.35885035312019 -14.330708661417322 11.208256038380586, 29.353342575514443 -14.173228346456693 11.166420313979783, 29.35885035312019 -14.015748031496063 11.208256038380586, 29.373897881375868 -13.90046443975293 11.322553363015029, 29.394453187237293 -13.858267716535433 11.478686412050276, 29.415008493098718 -13.90046443975293 11.63481946108552, 29.4300560213544 -14.015748031496063 11.749116785719963, 29.08860669615612 -14.173228346456693 11.825124802080671, 29.085846898414434 -14.330708661417322 11.78301842528666, 29.078306990765547 -14.445992253160455 11.667981664562781, 29.06800728537497 -14.488188976377952 11.51083852704489, 29.0577075799844 -14.445992253160455 11.353695389527, 29.050167672335505 -14.330708661417322 11.23865862880312, 29.047407874593823 -14.173228346456693 11.19655225200911, 29.050167672335505 -14.015748031496063 11.23865862880312, 29.0577075799844 -13.90046443975293 11.353695389527, 29.06800728537497 -13.858267716535433 11.51083852704489, 29.078306990765547 -13.90046443975293 11.667981664562781, 29.085846898414434 -14.015748031496063 11.78301842528666, 28.74015748031496 -14.173228346456693 11.836531848308368, 28.74015748031496 -14.330708661417322 11.79433512509087, 28.74015748031496 -14.445992253160455 11.67905153334774, 28.74015748031496 -14.488188976377952 11.521571218387109, 28.74015748031496 -14.445992253160455 11.364090903426478, 28.74015748031496 -14.330708661417322 11.248807311683349, 28.74015748031496 -14.173228346456693 11.206610588465848, 28.74015748031496 -14.015748031496063 11.248807311683349, 28.74015748031496 -13.90046443975293 11.364090903426478, 28.74015748031496 -13.858267716535433 11.521571218387109, 28.74015748031496 -13.90046443975293 11.67905153334774, 28.74015748031496 -14.015748031496063 11.79433512509087, 28.391708264473806 -14.173228346456693 11.825124802080671, 28.394468062215488 -14.330708661417322 11.78301842528666, 28.402007969864375 -14.445992253160455 11.667981664562781, 28.412307675254947 -14.488188976377952 11.51083852704489, 28.422607380645523 -14.445992253160455 11.353695389527, 28.430147288294414 -14.330708661417322 11.23865862880312, 28.4329070860361 -14.173228346456693 11.19655225200911, 28.430147288294414 -14.015748031496063 11.23865862880312, 28.422607380645523 -13.90046443975293 11.353695389527, 28.412307675254947 -13.858267716535433 11.51083852704489, 28.402007969864375 -13.90046443975293 11.667981664562781, 28.394468062215488 -14.015748031496063 11.78301842528666, 28.044751161669776 -14.173228346456693 11.790952510120766, 28.05025893927552 -14.330708661417322 11.749116785719963, 28.0653064675312 -14.445992253160455 11.63481946108552, 28.08586177339263 -14.488188976377952 11.478686412050276, 28.106417079254054 -14.445992253160455 11.322553363015029, 28.12146460750973 -14.330708661417322 11.208256038380586, 28.12697238511548 -14.173228346456693 11.166420313979783, 28.12146460750973 -14.015748031496063 11.208256038380586, 28.106417079254054 -13.90046443975293 11.322553363015029, 28.08586177339263 -13.858267716535433 11.478686412050276, 28.0653064675312 -13.90046443975293 11.63481946108552, 28.05025893927552 -14.015748031496063 11.749116785719963, 27.70077189548291 -14.173228346456693 11.734161303429053, 27.709004067803434 -14.330708661417322 11.69277537841608, 27.731494780839775 -14.445992253160455 11.579706928562404, 27.762217666196648 -14.488188976377952 11.425252553695753, 27.792940551553517 -14.445992253160455 11.2707981788291, 27.815431264589858 -14.330708661417322 11.157729728975424, 27.82366343691039 -14.173228346456693 11.116343803962451, 27.815431264589858 -14.015748031496063 11.157729728975424, 27.792940551553517 -13.90046443975293 11.2707981788291, 27.762217666196648 -13.858267716535433 11.425252553695753, 27.731494780839775 -13.90046443975293 11.579706928562404, 27.709004067803434 -14.015748031496063 11.69277537841608, 27.361243437939667 -14.173228346456693 11.65499437067133, 27.372164753549274 -14.330708661417322 11.614235465930774, 27.402002342680223 -14.445992253160455 11.50288006731872, 27.442761247420773 -14.488188976377952 11.35076576396611, 27.48352015216133 -14.445992253160455 11.198651460613503, 27.513357741292275 -14.330708661417322 11.087296062001448, 27.524279056901886 -14.173228346456693 11.046537157260891, 27.513357741292275 -14.015748031496063 11.087296062001448, 27.48352015216133 -13.90046443975293 11.198651460613503, 27.442761247420773 -13.858267716535433 11.35076576396611, 27.402002342680223 -13.90046443975293 11.50288006731872, 27.372164753549274 -14.015748031496063 11.614235465930774, 27.027619702020615 -14.173228346456693 11.553790716807592, 27.04118339416919 -14.330708661417322 11.513833368226976, 27.07824009025733 -14.445992253160455 11.404667861768994, 27.128860478494047 -14.488188976377952 11.255545006730394, 27.17948086673077 -14.445992253160455 11.106422151691794, 27.216537562818907 -14.330708661417322 10.99725664523381, 27.230101254967487 -14.173228346456693 10.957299296653195, 27.216537562818907 -14.015748031496063 10.99725664523381, 27.17948086673077 -13.90046443975293 11.106422151691794, 27.128860478494047 -13.858267716535433 11.255545006730394, 27.07824009025733 -13.90046443975293 11.404667861768994, 27.04118339416919 -14.015748031496063 11.513833368226976, 26.7013293157818 -14.173228346456693 11.430983711420755, 26.71747730265723 -14.330708661417322 11.391999022501063, 26.76159442324087 -14.445992253160455 11.285490871655197, 26.82185953069994 -14.488188976377952 11.139998031889641, 26.882124638159002 -14.445992253160455 10.994505192124084, 26.92624175874264 -14.330708661417322 10.887997041278219, 26.942389745618073 -14.173228346456693 10.849012352358526, 26.92624175874264 -14.015748031496063 10.887997041278219, 26.882124638159002 -13.90046443975293 10.994505192124084, 26.82185953069994 -13.858267716535433 11.139998031889641, 26.76159442324087 -13.90046443975293 11.285490871655197, 26.71747730265723 -14.015748031496063 11.391999022501063, 26.383769504750106 -14.173228346456693 11.287099232961557, 26.402432638193513 -14.330708661417322 11.24925414212578, 26.453421266989317 -14.445992253160455 11.145859431145386, 26.52307302922853 -14.488188976377952 11.004619629329214, 26.592724791467745 -14.445992253160455 10.863379827513043, 26.643713420263555 -14.330708661417322 10.759985116532645, 26.662376553706956 -14.173228346456693 10.72214002569687, 26.643713420263555 -14.015748031496063 10.759985116532645, 26.592724791467745 -13.90046443975293 10.863379827513043, 26.52307302922853 -13.858267716535433 11.004619629329214, 26.453421266989317 -13.90046443975293 11.145859431145386, 26.402432638193513 -14.015748031496063 11.24925414212578, 26.07630010878905 -14.173228346456693 11.122753416856309, 26.097398470397803 -14.330708661417322 11.086209982593493, 26.155040266269364 -14.445992253160455 10.986371463504428, 26.233780423749682 -14.488188976377952 10.849989510152549, 26.312520581229997 -14.445992253160455 10.713607556800667, 26.37016237710156 -14.330708661417322 10.613769037711602, 26.39126073871031 -14.173228346456693 10.577225603448786, 26.37016237710156 -14.015748031496063 10.613769037711602, 26.312520581229997 -13.90046443975293 10.713607556800667, 26.233780423749682 -13.858267716535433 10.849989510152549, 26.155040266269364 -13.90046443975293 10.986371463504428, 26.097398470397803 -14.015748031496063 11.086209982593493, 25.78023775905569 -14.173228346456693 10.938650017120398, 25.8036810024063 -14.330708661417322 10.903564724026307, 25.867729134334365 -14.445992253160455 10.807709920694801, 25.955220509613042 -14.488188976377952 10.676769824269202, 26.042711884891723 -14.445992253160455 10.545829727843607, 26.10676001681979 -14.330708661417322 10.4499749245121, 26.130203260170397 -14.173228346456693 10.414889631418008, 26.10676001681979 -14.015748031496063 10.4499749245121, 26.042711884891723 -13.90046443975293 10.545829727843607, 25.955220509613042 -13.858267716535433 10.676769824269202, 25.867729134334365 -13.90046443975293 10.807709920694801, 25.8036810024063 -14.015748031496063 10.903564724026307, 25.496850239983903 -14.173228346456693 10.735577392775571, 25.522537977509277 -14.330708661417322 10.70210048146162, 25.59271818156008 -14.445992253160455 10.610639858871437, 25.688586123136254 -14.488188976377952 10.485702324967306, 25.784454064712435 -14.445992253160455 10.360764791063174, 25.85463426876324 -14.330708661417322 10.269304168472992, 25.880322006288612 -14.173228346456693 10.235827257159043, 25.85463426876324 -14.015748031496063 10.269304168472992, 25.784454064712435 -13.90046443975293 10.360764791063174, 25.688586123136254 -13.858267716535433 10.485702324967306, 25.59271818156008 -13.90046443975293 10.610639858871437, 25.522537977509277 -14.015748031496063 10.70210048146162, 25.227351060436803 -14.173228346456693 10.514405131975538, 25.255173293301194 -14.330708661417322 10.482679955715449, 25.331185047066736 -14.445992253160455 10.39600516229381, 25.435019033696666 -14.488188976377952 10.27760519261208, 25.5388530203266 -14.445992253160455 10.159205222930352, 25.614864774092137 -14.330708661417322 10.072530429508712, 25.642687006956532 -14.173228346456693 10.040805253248623, 25.614864774092137 -14.015748031496063 10.072530429508712, 25.5388530203266 -13.90046443975293 10.159205222930352, 25.435019033696666 -13.858267716535433 10.27760519261208, 25.331185047066736 -13.90046443975293 10.39600516229381, 25.255173293301194 -14.015748031496063 10.482679955715449, 24.97289425727547 -14.173228346456693 10.276080328296034, 25.00273184640642 -14.330708661417322 10.246242739165089, 25.08424965588753 -14.445992253160455 10.164724929683981, 25.195605054499584 -14.488188976377952 10.053369531071926, 25.306960453111635 -14.445992253160455 9.942014132459871, 25.38847826259275 -14.330708661417322 9.860496322978761, 25.418315851723694 -14.173228346456693 9.830658733847816, 25.38847826259275 -14.015748031496063 9.860496322978761, 25.306960453111635 -13.90046443975293 9.942014132459871, 25.195605054499584 -13.858267716535433 10.053369531071926, 25.08424965588753 -13.90046443975293 10.164724929683981, 25.00273184640642 -14.015748031496063 10.246242739165089, 24.73456945359597 -14.173228346456693 10.021623525134705, 24.76629462985606 -14.330708661417322 9.99380129227031, 24.852969423277695 -14.445992253160455 9.917789538504774, 24.971369392959424 -14.488188976377952 9.813955551874841, 25.089769362641157 -14.445992253160455 9.710121565244908, 25.176444156062797 -14.330708661417322 9.63410981147937, 25.208169332322885 -14.173228346456693 9.606287578614976, 25.176444156062797 -14.015748031496063 9.63410981147937, 25.089769362641157 -13.90046443975293 9.710121565244908, 24.971369392959424 -13.858267716535433 9.813955551874841, 24.852969423277695 -13.90046443975293 9.917789538504774, 24.76629462985606 -14.015748031496063 9.99380129227031, 24.51339719279594 -14.173228346456693 9.752124345587603, 24.546874104109886 -14.330708661417322 9.726436608062233, 24.63833472670007 -14.445992253160455 9.656256404011428, 24.7632722606042 -14.488188976377952 9.56038846243525, 24.88820979450833 -14.445992253160455 9.464520520859075, 24.979670417098518 -14.330708661417322 9.394340316808268, 25.01314732841246 -14.173228346456693 9.368652579282898, 24.979670417098518 -14.015748031496063 9.394340316808268, 24.88820979450833 -13.90046443975293 9.464520520859075, 24.7632722606042 -13.858267716535433 9.56038846243525, 24.63833472670007 -13.90046443975293 9.656256404011428, 24.546874104109886 -14.015748031496063 9.726436608062233, 24.310324568451108 -14.173228346456693 9.46873682651582, 24.3454098615452 -14.330708661417322 9.44529358316521, 24.441264664876705 -14.445992253160455 9.381245451237142, 24.572204761302302 -14.488188976377952 9.293754075958464, 24.703144857727903 -14.445992253160455 9.206262700679787, 24.79899966105941 -14.330708661417322 9.142214568751719, 24.8340849541535 -14.173228346456693 9.11877132540111, 24.79899966105941 -14.015748031496063 9.142214568751719, 24.703144857727903 -13.90046443975293 9.206262700679787, 24.572204761302302 -13.858267716535433 9.293754075958464, 24.441264664876705 -13.90046443975293 9.381245451237142, 24.3454098615452 -14.015748031496063 9.44529358316521, 24.126221168715198 -14.173228346456693 9.172674476782458, 24.162764602978015 -14.330708661417322 9.151576115173707, 24.262603122067077 -14.445992253160455 9.093934319302143, 24.39898507541896 -14.488188976377952 9.015194161821828, 24.53536702877084 -14.445992253160455 8.936454004341511, 24.635205547859904 -14.330708661417322 8.878812208469947, 24.67174898212272 -14.173228346456693 8.857713846861197, 24.635205547859904 -14.015748031496063 8.878812208469947, 24.53536702877084 -13.90046443975293 8.936454004341511, 24.39898507541896 -13.858267716535433 9.015194161821828, 24.262603122067077 -13.90046443975293 9.093934319302143, 24.162764602978015 -14.015748031496063 9.151576115173707, 23.96187535260995 -14.173228346456693 8.865205080821402, 23.999720443445725 -14.330708661417322 8.846541947378, 24.103115154426124 -14.445992253160455 8.79555331858219, 24.244354956242294 -14.488188976377952 8.725901556342976, 24.385594758058463 -14.445992253160455 8.656249794103763, 24.488989469038863 -14.330708661417322 8.605261165307953, 24.52683455987464 -14.173228346456693 8.58659803186455, 24.488989469038863 -14.015748031496063 8.605261165307953, 24.385594758058463 -13.90046443975293 8.656249794103763, 24.244354956242294 -13.858267716535433 8.725901556342976, 24.103115154426124 -13.90046443975293 8.79555331858219, 23.999720443445725 -14.015748031496063 8.846541947378, 23.817990874150752 -14.173228346456693 8.547645269789712, 23.856975563070442 -14.330708661417322 8.531497282914277, 23.96348371391631 -14.445992253160455 8.487380162330641, 24.108976553681867 -14.488188976377952 8.427115054871573, 24.254469393447422 -14.445992253160455 8.366849947412504, 24.360977544293288 -14.330708661417322 8.322732826828867, 24.39996223321298 -14.173228346456693 8.306584839953434, 24.360977544293288 -14.015748031496063 8.322732826828867, 24.254469393447422 -13.90046443975293 8.366849947412504, 24.108976553681867 -13.858267716535433 8.427115054871573, 23.96348371391631 -13.90046443975293 8.487380162330641, 23.856975563070442 -14.015748031496063 8.531497282914277, 23.695183868763916 -14.173228346456693 8.221354883550896, 23.73514121734453 -14.330708661417322 8.207791191402318, 23.844306723802514 -14.445992253160455 8.170734495314179, 23.993429578841116 -14.488188976377952 8.120114107077459, 24.14255243387971 -14.445992253160455 8.069493718840741, 24.251717940337695 -14.330708661417322 8.032437022752601, 24.291675288918313 -14.173228346456693 8.018873330604022, 24.251717940337695 -14.015748031496063 8.032437022752601, 24.14255243387971 -13.90046443975293 8.069493718840741, 23.993429578841116 -13.858267716535433 8.120114107077459, 23.844306723802514 -13.90046443975293 8.170734495314179, 23.73514121734453 -14.015748031496063 8.207791191402318, 23.593980214900178 -14.173228346456693 7.887731147631843, 23.63473911964073 -14.330708661417322 7.876809832022234, 23.746094518252786 -14.445992253160455 7.846972242891288, 23.898208821605397 -14.488188976377952 7.806213338150733, 24.050323124958005 -14.445992253160455 7.765454433410179, 24.16167852357006 -14.330708661417322 7.7356168442792335, 24.202437428310613 -14.173228346456693 7.724695528669624, 24.16167852357006 -14.015748031496063 7.7356168442792335, 24.050323124958005 -13.90046443975293 7.765454433410179, 23.898208821605397 -13.858267716535433 7.806213338150733, 23.746094518252786 -13.90046443975293 7.846972242891288, 23.63473911964073 -14.015748031496063 7.876809832022234, 23.514813282142455 -14.173228346456693 7.5482026900885995, 23.556199207155426 -14.330708661417322 7.539970517768073, 23.669267657009105 -14.445992253160455 7.51747980473173, 23.823722031875754 -14.488188976377952 7.486756919374859, 23.978176406742406 -14.445992253160455 7.456034034017987, 24.091244856596084 -14.330708661417322 7.433543320981645, 24.132630781609056 -14.173228346456693 7.425311148661118, 24.091244856596084 -14.015748031496063 7.433543320981645, 23.978176406742406 -13.90046443975293 7.456034034017987, 23.823722031875754 -13.858267716535433 7.486756919374859, 23.669267657009105 -13.90046443975293 7.51747980473173, 23.556199207155426 -14.015748031496063 7.539970517768073, 23.45802207545074 -14.173228346456693 7.204223423901734, 23.499857799851544 -14.330708661417322 7.19871564629599, 23.614155124485986 -14.445992253160455 7.183668118040309, 23.770288173521234 -14.488188976377952 7.163112812178883, 23.926421222556478 -14.445992253160455 7.142557506317457, 24.04071854719092 -14.330708661417322 7.1275099780617746, 24.082554271591725 -14.173228346456693 7.1220022004560315, 24.04071854719092 -14.015748031496063 7.1275099780617746, 23.926421222556478 -13.90046443975293 7.142557506317457, 23.770288173521234 -13.858267716535433 7.163112812178883, 23.614155124485986 -13.90046443975293 7.183668118040309, 23.499857799851544 -14.015748031496063 7.19871564629599, 23.423849783490834 -14.173228346456693 6.857266321097704, 23.465956160284847 -14.330708661417322 6.8545065233560205, 23.580992921008725 -14.445992253160455 6.84696661570713, 23.738136058526617 -14.488188976377952 6.8366669103165565, 23.895279196044505 -14.445992253160455 6.826367204925982, 24.010315956768387 -14.330708661417322 6.818827297277092, 24.052422333562397 -14.173228346456693 6.816067499535409, 24.010315956768387 -14.015748031496063 6.818827297277092, 23.895279196044505 -13.90046443975293 6.826367204925982, 23.738136058526617 -13.858267716535433 6.8366669103165565, 23.580992921008725 -13.90046443975293 6.84696661570713, 23.465956160284847 -14.015748031496063 6.8545065233560205, 23.412442737263138 -14.173228346456693 6.508817105256547, 23.454639460480635 -14.330708661417322 6.508817105256547, 23.569923052223768 -14.445992253160455 6.508817105256547, 23.727403367184397 -14.488188976377952 6.508817105256547, 23.884883682145027 -14.445992253160455 6.508817105256547, 24.00016727388816 -14.330708661417322 6.508817105256547, 24.04236399710566 -14.173228346456693 6.508817105256547, 24.00016727388816 -14.015748031496063 6.508817105256547, 23.884883682145027 -13.90046443975293 6.508817105256547, 23.727403367184397 -13.858267716535433 6.508817105256547, 23.569923052223768 -13.90046443975293 6.508817105256547, 23.454639460480635 -14.015748031496063 6.508817105256547, 23.423849783490834 -14.173228346456693 6.160367889415391, 23.465956160284847 -14.330708661417322 6.163127687157074, 23.580992921008725 -14.445992253160455 6.170667594805965, 23.738136058526617 -14.488188976377952 6.180967300196538, 23.895279196044505 -14.445992253160455 6.191267005587112, 24.010315956768387 -14.330708661417322 6.198806913236003, 24.052422333562397 -14.173228346456693 6.201566710977685, 24.010315956768387 -14.015748031496063 6.198806913236003, 23.895279196044505 -13.90046443975293 6.191267005587112, 23.738136058526617 -13.858267716535433 6.180967300196538, 23.580992921008725 -13.90046443975293 6.170667594805965, 23.465956160284847 -14.015748031496063 6.163127687157074, 23.45802207545074 -14.173228346456693 5.813410786611361, 23.499857799851544 -14.330708661417322 5.818918564217104, 23.614155124485986 -14.445992253160455 5.833966092472786, 23.770288173521234 -14.488188976377952 5.854521398334212, 23.926421222556478 -14.445992253160455 5.875076704195637, 24.04071854719092 -14.330708661417322 5.890124232451319, 24.082554271591725 -14.173228346456693 5.895632010057063, 24.04071854719092 -14.015748031496063 5.890124232451319, 23.926421222556478 -13.90046443975293 5.875076704195637, 23.770288173521234 -13.858267716535433 5.854521398334212, 23.614155124485986 -13.90046443975293 5.833966092472786, 23.499857799851544 -14.015748031496063 5.818918564217104, 23.514813282142455 -14.173228346456693 5.469431520424495, 23.556199207155426 -14.330708661417322 5.477663692745022, 23.669267657009105 -14.445992253160455 5.500154405781365, 23.823722031875754 -14.488188976377952 5.530877291138236, 23.978176406742406 -14.445992253160455 5.561600176495106, 24.091244856596084 -14.330708661417322 5.584090889531449, 24.132630781609056 -14.173228346456693 5.592323061851976, 24.091244856596084 -14.015748031496063 5.584090889531449, 23.978176406742406 -13.90046443975293 5.561600176495106, 23.823722031875754 -13.858267716535433 5.530877291138236, 23.669267657009105 -13.90046443975293 5.500154405781365, 23.556199207155426 -14.015748031496063 5.477663692745022, 23.593980214900178 -14.173228346456693 5.129903062881252, 23.63473911964073 -14.330708661417322 5.140824378490861, 23.746094518252786 -14.445992253160455 5.170661967621807, 23.898208821605397 -14.488188976377952 5.211420872362361, 24.050323124958005 -14.445992253160455 5.252179777102916, 24.16167852357006 -14.330708661417322 5.282017366233862, 24.202437428310613 -14.173228346456693 5.29293868184347, 24.16167852357006 -14.015748031496063 5.282017366233862, 24.050323124958005 -13.90046443975293 5.252179777102916, 23.898208821605397 -13.858267716535433 5.211420872362361, 23.746094518252786 -13.90046443975293 5.170661967621807, 23.63473911964073 -14.015748031496063 5.140824378490861, 23.695183868763916 -14.173228346456693 4.796279326962198, 23.73514121734453 -14.330708661417322 4.809843019110777, 23.844306723802514 -14.445992253160455 4.846899715198917, 23.993429578841116 -14.488188976377952 4.897520103435635, 24.14255243387971 -14.445992253160455 4.948140491672353, 24.251717940337695 -14.330708661417322 4.985197187760493, 24.291675288918313 -14.173228346456693 4.998760879909072, 24.251717940337695 -14.015748031496063 4.985197187760493, 24.14255243387971 -13.90046443975293 4.948140491672353, 23.993429578841116 -13.858267716535433 4.897520103435635, 23.844306723802514 -13.90046443975293 4.846899715198917, 23.73514121734453 -14.015748031496063 4.809843019110777, 23.817990874150752 -14.173228346456693 4.4699889407233835, 23.856975563070442 -14.330708661417322 4.486136927598816, 23.96348371391631 -14.445992253160455 4.530254048182453, 24.108976553681867 -14.488188976377952 4.590519155641522, 24.254469393447422 -14.445992253160455 4.650784263100592, 24.360977544293288 -14.330708661417322 4.694901383684228, 24.399962233212978 -14.173228346456693 4.71104937055966, 24.360977544293288 -14.015748031496063 4.694901383684228, 24.254469393447422 -13.90046443975293 4.650784263100592, 24.108976553681867 -13.858267716535433 4.590519155641522, 23.96348371391631 -13.90046443975293 4.530254048182453, 23.856975563070442 -14.015748031496063 4.486136927598816, 23.961875352609947 -14.173228346456693 4.152429129691693, 23.999720443445725 -14.330708661417322 4.171092263135094, 24.103115154426124 -14.445992253160455 4.222080891930905, 24.244354956242294 -14.488188976377952 4.291732654170118, 24.385594758058463 -14.445992253160455 4.361384416409331, 24.48898946903886 -14.330708661417322 4.412373045205142, 24.526834559874636 -14.173228346456693 4.431036178648544, 24.48898946903886 -14.015748031496063 4.412373045205142, 24.385594758058463 -13.90046443975293 4.361384416409331, 24.244354956242294 -13.858267716535433 4.291732654170118, 24.103115154426124 -13.90046443975293 4.222080891930905, 23.999720443445725 -14.015748031496063 4.171092263135094, 24.126221168715198 -14.173228346456693 3.844959733730637, 24.16276460297801 -14.330708661417322 3.866058095339387, 24.262603122067077 -14.445992253160455 3.923699891210952, 24.39898507541896 -14.488188976377952 4.002440048691267, 24.53536702877084 -14.445992253160455 4.081180206171582, 24.635205547859904 -14.330708661417322 4.138822002043147, 24.67174898212272 -14.173228346456693 4.159920363651897, 24.635205547859904 -14.015748031496063 4.138822002043147, 24.53536702877084 -13.90046443975293 4.081180206171582, 24.39898507541896 -13.858267716535433 4.002440048691267, 24.262603122067077 -13.90046443975293 3.923699891210952, 24.16276460297801 -14.015748031496063 3.866058095339387, 24.310324568451108 -14.173228346456693 3.548897383997277, 24.345409861545196 -14.330708661417322 3.572340627347887, 24.441264664876705 -14.445992253160455 3.6363887592759543, 24.572204761302302 -14.488188976377952 3.7238801345546326, 24.7031448577279 -14.445992253160455 3.8113715098333096, 24.798999661059405 -14.330708661417322 3.875419641761377, 24.834084954153496 -14.173228346456693 3.8988628851119875, 24.798999661059405 -14.015748031496063 3.875419641761377, 24.7031448577279 -13.90046443975293 3.8113715098333096, 24.572204761302302 -13.858267716535433 3.7238801345546326, 24.441264664876705 -13.90046443975293 3.6363887592759543, 24.345409861545196 -14.015748031496063 3.572340627347887, 24.51339719279594 -14.173228346456693 3.2655098649254906, 24.546874104109886 -14.330708661417322 3.291197602450861, 24.63833472670007 -14.445992253160455 3.361377806501667, 24.7632722606042 -14.488188976377952 3.457245748077844, 24.88820979450833 -14.445992253160455 3.5531136896540203, 24.979670417098518 -14.330708661417322 3.623293893704826, 25.01314732841246 -14.173228346456693 3.6489816312301966, 24.979670417098518 -14.015748031496063 3.623293893704826, 24.88820979450833 -13.90046443975293 3.5531136896540203, 24.7632722606042 -13.858267716535433 3.457245748077844, 24.63833472670007 -13.90046443975293 3.361377806501667, 24.546874104109886 -14.015748031496063 3.291197602450861, 24.734569453595967 -14.173228346456693 2.996010685378389, 24.76629462985606 -14.330708661417322 3.0238329182427837, 24.852969423277695 -14.445992253160455 3.099844672008321, 24.971369392959424 -14.488188976377952 3.2036786586382537, 25.089769362641157 -14.445992253160455 3.3075126452681856, 25.176444156062797 -14.330708661417322 3.383524399033723, 25.208169332322885 -14.173228346456693 3.4113466318981183, 25.176444156062797 -14.015748031496063 3.383524399033723, 25.089769362641157 -13.90046443975293 3.3075126452681856, 24.971369392959424 -13.858267716535433 3.2036786586382537, 24.852969423277695 -13.90046443975293 3.099844672008321, 24.76629462985606 -14.015748031496063 3.0238329182427837, 24.97289425727547 -14.173228346456693 2.741553882217061, 25.00273184640642 -14.330708661417322 2.771391471348007, 25.084249655887525 -14.445992253160455 2.852909280829115, 25.19560505449958 -14.488188976377952 2.9642646794411704, 25.306960453111635 -14.445992253160455 3.075620078053225, 25.38847826259274 -14.330708661417322 3.1571378875343337, 25.41831585172369 -14.173228346456693 3.1869754766652796, 25.38847826259274 -14.015748031496063 3.1571378875343337, 25.306960453111635 -13.90046443975293 3.075620078053225, 25.19560505449958 -13.858267716535433 2.9642646794411704, 25.084249655887525 -13.90046443975293 2.852909280829115, 25.00273184640642 -14.015748031496063 2.771391471348007, 25.227351060436803 -14.173228346456693 2.503229078537556, 25.255173293301194 -14.330708661417322 2.5349542547976442, 25.331185047066736 -14.445992253160455 2.6216290482192846, 25.435019033696666 -14.488188976377952 2.740029017901014, 25.5388530203266 -14.445992253160455 2.858428987582742, 25.614864774092137 -14.330708661417322 2.945103781004382, 25.642687006956532 -14.173228346456693 2.976828957264471, 25.614864774092137 -14.015748031496063 2.945103781004382, 25.5388530203266 -13.90046443975293 2.858428987582742, 25.435019033696666 -13.858267716535433 2.740029017901014, 25.331185047066736 -13.90046443975293 2.6216290482192846, 25.255173293301194 -14.015748031496063 2.5349542547976442, 25.496850239983903 -14.173228346456693 2.282056817737525, 25.522537977509277 -14.330708661417322 2.3155337290514737, 25.59271818156008 -14.445992253160455 2.4069943516416563, 25.688586123136254 -14.488188976377952 2.5319318855457884, 25.784454064712435 -14.445992253160455 2.6568694194499196, 25.85463426876324 -14.330708661417322 2.748330042040103, 25.88032200628861 -14.173228346456693 2.7818069533540517, 25.85463426876324 -14.015748031496063 2.748330042040103, 25.784454064712435 -13.90046443975293 2.6568694194499196, 25.688586123136254 -13.858267716535433 2.5319318855457884, 25.59271818156008 -13.90046443975293 2.4069943516416563, 25.522537977509277 -14.015748031496063 2.3155337290514737, 25.78023775905569 -14.173228346456693 2.078984193392693, 25.8036810024063 -14.330708661417322 2.114069486486786, 25.86772913433437 -14.445992253160455 2.209924289818291, 25.955220509613042 -14.488188976377952 2.340864386243889, 26.042711884891723 -14.445992253160455 2.471804482669487, 26.10676001681979 -14.330708661417322 2.567659286000992, 26.130203260170404 -14.173228346456693 2.6027445790950847, 26.10676001681979 -14.015748031496063 2.567659286000992, 26.042711884891723 -13.90046443975293 2.471804482669487, 25.955220509613042 -13.858267716535433 2.340864386243889, 25.86772913433437 -13.90046443975293 2.209924289818291, 25.8036810024063 -14.015748031496063 2.114069486486786, 26.07630010878905 -14.173228346456693 1.8948807936567866, 26.097398470397795 -14.330708661417322 1.931424227919602, 26.15504026626936 -14.445992253160455 2.031262747008667, 26.233780423749675 -14.488188976377952 2.1676447003605466, 26.31252058122999 -14.445992253160455 2.3040266537124268, 26.37016237710156 -14.330708661417322 2.4038651728014915, 26.391260738710308 -14.173228346456693 2.440408607064307, 26.37016237710156 -14.015748031496063 2.4038651728014915, 26.31252058122999 -13.90046443975293 2.3040266537124268, 26.233780423749675 -13.858267716535433 2.1676447003605466, 26.15504026626936 -13.90046443975293 2.031262747008667, 26.097398470397795 -14.015748031496063 1.931424227919602, 26.383769504750106 -14.173228346456693 1.730534977551537, 26.402432638193506 -14.330708661417322 1.7683800683873125, 26.453421266989317 -14.445992253160455 1.8717747793677086, 26.52307302922853 -14.488188976377952 2.0130145811838798, 26.592724791467745 -14.445992253160455 2.1542543830000516, 26.643713420263555 -14.330708661417322 2.2576490939804477, 26.662376553706956 -14.173228346456693 2.2954941848162234, 26.643713420263555 -14.015748031496063 2.2576490939804477, 26.592724791467745 -13.90046443975293 2.1542543830000516, 26.52307302922853 -13.858267716535433 2.0130145811838798, 26.453421266989317 -13.90046443975293 1.8717747793677086, 26.402432638193506 -14.015748031496063 1.7683800683873125, 26.7013293157818 -14.173228346456693 1.5866504990923387, 26.71747730265723 -14.330708661417322 1.6256351880120308, 26.76159442324087 -14.445992253160455 1.7321433388578955, 26.82185953069994 -14.488188976377952 1.8776361786234526, 26.882124638159002 -14.445992253160455 2.0231290183890094, 26.92624175874264 -14.330708661417322 2.1296371692348743, 26.942389745618073 -14.173228346456693 2.1686218581545664, 26.92624175874264 -14.015748031496063 2.1296371692348743, 26.882124638159002 -13.90046443975293 2.0231290183890094, 26.82185953069994 -13.858267716535433 1.8776361786234526, 26.76159442324087 -13.90046443975293 1.7321433388578955, 26.71747730265723 -14.015748031496063 1.6256351880120308, 27.02761970202061 -14.173228346456693 1.4638434937055016, 27.041183394169185 -14.330708661417322 1.5038008422861182, 27.07824009025733 -14.445992253160455 1.612966348744101, 27.128860478494047 -14.488188976377952 1.7620892037827007, 27.179480866730763 -14.445992253160455 1.9112120588212995, 27.216537562818907 -14.330708661417322 2.0203775652792824, 27.230101254967487 -14.173228346456693 2.060334913859899, 27.216537562818907 -14.015748031496063 2.0203775652792824, 27.179480866730763 -13.90046443975293 1.9112120588212995, 27.128860478494047 -13.858267716535433 1.7620892037827007, 27.07824009025733 -13.90046443975293 1.612966348744101, 27.041183394169185 -14.015748031496063 1.5038008422861182, 27.361243437939667 -14.173228346456693 1.3626398398417643, 27.372164753549274 -14.330708661417322 1.4033987445823188, 27.402002342680223 -14.445992253160455 1.5147541431943732, 27.442761247420773 -14.488188976377952 1.666868446546983, 27.48352015216133 -14.445992253160455 1.8189827498995919, 27.513357741292275 -14.330708661417322 1.9303381485116464, 27.524279056901886 -14.173228346456693 1.9710970532522016, 27.513357741292275 -14.015748031496063 1.9303381485116464, 27.48352015216133 -13.90046443975293 1.8189827498995919, 27.442761247420773 -13.858267716535433 1.666868446546983, 27.402002342680223 -13.90046443975293 1.5147541431943732, 27.372164753549274 -14.015748031496063 1.4033987445823188, 27.7007718954829 -14.173228346456693 1.283472907084041, 27.709004067803434 -14.330708661417322 1.3248588320970143, 27.731494780839775 -14.445992253160455 1.4379272819506916, 27.762217666196644 -14.488188976377952 1.5923816568173421, 27.792940551553517 -14.445992253160455 1.7468360316839928, 27.815431264589858 -14.330708661417322 1.8599044815376702, 27.823663436910387 -14.173228346456693 1.9012904065506433, 27.815431264589858 -14.015748031496063 1.8599044815376702, 27.792940551553517 -13.90046443975293 1.7468360316839928, 27.762217666196644 -13.858267716535433 1.5923816568173421, 27.731494780839775 -13.90046443975293 1.4379272819506916, 27.709004067803434 -14.015748031496063 1.3248588320970143, 28.044751161669776 -14.173228346456693 1.226681700392327, 28.05025893927552 -14.330708661417322 1.2685174247931303, 28.0653064675312 -14.445992253160455 1.382814749427573, 28.08586177339263 -14.488188976377952 1.5389477984628186, 28.106417079254054 -14.445992253160455 1.6950808474980648, 28.12146460750973 -14.330708661417322 1.809378172132507, 28.12697238511548 -14.173228346456693 1.8512138965333105, 28.12146460750973 -14.015748031496063 1.809378172132507, 28.106417079254054 -13.90046443975293 1.6950808474980648, 28.08586177339263 -13.858267716535433 1.5389477984628186, 28.0653064675312 -13.90046443975293 1.382814749427573, 28.05025893927552 -14.015748031496063 1.2685174247931303, 28.391708264473806 -14.173228346456693 1.192509408432422, 28.394468062215488 -14.330708661417322 1.2346157852264343, 28.40200796986438 -14.445992253160455 1.349652545950313, 28.412307675254954 -14.488188976377952 1.5067956834682033, 28.42260738064553 -14.445992253160455 1.6639388209860937, 28.430147288294414 -14.330708661417322 1.7789755817099722, 28.4329070860361 -14.173228346456693 1.821081958503984, 28.430147288294414 -14.015748031496063 1.7789755817099722, 28.42260738064553 -13.90046443975293 1.6639388209860937, 28.412307675254954 -13.858267716535433 1.5067956834682033, 28.40200796986438 -13.90046443975293 1.349652545950313, 28.394468062215488 -14.015748031496063 1.2346157852264343, 28.74015748031496 -14.173228346456693 1.1811023622047243, 28.74015748031496 -14.330708661417322 1.2232990854222243, 28.74015748031496 -14.445992253160455 1.3385826771653544, 28.74015748031496 -14.488188976377952 1.4960629921259845, 28.74015748031496 -14.445992253160455 1.6535433070866146, 28.74015748031496 -14.330708661417322 1.7688268988297446, 28.74015748031496 -14.173228346456693 1.8110236220472447, 28.74015748031496 -14.015748031496063 1.7688268988297446, 28.74015748031496 -13.90046443975293 1.6535433070866146, 28.74015748031496 -13.858267716535433 1.4960629921259845, 28.74015748031496 -13.90046443975293 1.3385826771653544, 28.74015748031496 -14.015748031496063 1.2232990854222243, 29.088606696156116 -14.173228346456693 1.192509408432422, 29.085846898414434 -14.330708661417322 1.2346157852264337, 29.07830699076554 -14.445992253160455 1.3496525459503124, 29.068007285374968 -14.488188976377952 1.5067956834682026, 29.057707579984392 -14.445992253160455 1.663938820986093, 29.050167672335498 -14.330708661417322 1.7789755817099715, 29.047407874593816 -14.173228346456693 1.8210819585039832, 29.050167672335498 -14.015748031496063 1.7789755817099715, 29.057707579984392 -13.90046443975293 1.663938820986093, 29.068007285374968 -13.858267716535433 1.5067956834682026, 29.07830699076554 -13.90046443975293 1.3496525459503124, 29.085846898414434 -14.015748031496063 1.2346157852264337, 29.435563798960143 -14.173228346456693 1.2266817003923263, 29.4300560213544 -14.330708661417322 1.2685174247931297, 29.415008493098718 -14.445992253160455 1.3828147494275724, 29.394453187237293 -14.488188976377952 1.538947798462818, 29.373897881375868 -14.445992253160455 1.695080847498064, 29.358850353120182 -14.330708661417322 1.8093781721325062, 29.353342575514443 -14.173228346456693 1.8512138965333098, 29.358850353120182 -14.015748031496063 1.8093781721325062, 29.373897881375868 -13.90046443975293 1.695080847498064, 29.394453187237293 -13.858267716535433 1.538947798462818, 29.415008493098718 -13.90046443975293 1.3828147494275724, 29.4300560213544 -14.015748031496063 1.2685174247931297, 29.779543065147013 -14.173228346456693 1.2834729070840403, 29.771310892826488 -14.330708661417322 1.3248588320970134, 29.748820179790144 -14.445992253160455 1.4379272819506907, 29.71809729443327 -14.488188976377952 1.5923816568173415, 29.6873744090764 -14.445992253160455 1.7468360316839922, 29.66488369604006 -14.330708661417322 1.8599044815376695, 29.656651523719535 -14.173228346456693 1.9012904065506426, 29.66488369604006 -14.015748031496063 1.8599044815376695, 29.6873744090764 -13.90046443975293 1.7468360316839922, 29.71809729443327 -13.858267716535433 1.5923816568173415, 29.748820179790144 -13.90046443975293 1.4379272819506907, 29.771310892826488 -14.015748031496063 1.3248588320970134, 30.11907152269025 -14.173228346456693 1.3626398398417636, 30.108150207080644 -14.330708661417322 1.4033987445823182, 30.0783126179497 -14.445992253160455 1.5147541431943725, 30.037553713209142 -14.488188976377952 1.6668684465469823, 29.996794808468593 -14.445992253160455 1.8189827498995912, 29.966957219337644 -14.330708661417322 1.9303381485116458, 29.956035903728036 -14.173228346456693 1.9710970532522007, 29.966957219337644 -14.015748031496063 1.9303381485116458, 29.996794808468593 -13.90046443975293 1.8189827498995912, 30.037553713209142 -13.858267716535433 1.6668684465469823, 30.0783126179497 -13.90046443975293 1.5147541431943725, 30.108150207080644 -14.015748031496063 1.4033987445823182, 30.452695258609307 -14.173228346456693 1.463843493705501, 30.439131566460727 -14.330708661417322 1.5038008422861175, 30.40207487037259 -14.445992253160455 1.6129663487441004, 30.351454482135875 -14.488188976377952 1.7620892037827, 30.30083409389915 -14.445992253160455 1.9112120588212995, 30.263777397811012 -14.330708661417322 2.0203775652792824, 30.250213705662436 -14.173228346456693 2.0603349138598985, 30.263777397811012 -14.015748031496063 2.0203775652792824, 30.30083409389915 -13.90046443975293 1.9112120588212995, 30.351454482135875 -13.858267716535433 1.7620892037827, 30.40207487037259 -13.90046443975293 1.6129663487441004, 30.439131566460727 -14.015748031496063 1.5038008422861175, 30.778985644848124 -14.173228346456693 1.5866504990923378, 30.76283765797269 -14.330708661417322 1.62563518801203, 30.718720537389054 -14.445992253160455 1.7321433388578948, 30.658455429929983 -14.488188976377952 1.877636178623452, 30.598190322470913 -14.445992253160455 2.023129018389009, 30.554073201887274 -14.330708661417322 2.1296371692348743, 30.537925215011846 -14.173228346456693 2.1686218581545664, 30.554073201887274 -14.015748031496063 2.1296371692348743, 30.598190322470913 -13.90046443975293 2.023129018389009, 30.658455429929983 -13.858267716535433 1.877636178623452, 30.718720537389054 -13.90046443975293 1.7321433388578948, 30.76283765797269 -14.015748031496063 1.62563518801203, 31.09654545587981 -14.173228346456693 1.7305349775515364, 31.07788232243641 -14.330708661417322 1.7683800683873119, 31.026893693640595 -14.445992253160455 1.871774779367708, 30.957241931401384 -14.488188976377952 2.0130145811838798, 30.88759016916217 -14.445992253160455 2.1542543830000507, 30.836601540366363 -14.330708661417322 2.2576490939804477, 30.81793840692296 -14.173228346456693 2.2954941848162225, 30.836601540366363 -14.015748031496063 2.2576490939804477, 30.88759016916217 -13.90046443975293 2.1542543830000507, 30.957241931401384 -13.858267716535433 2.0130145811838798, 31.026893693640595 -13.90046443975293 1.871774779367708, 31.07788232243641 -14.015748031496063 1.7683800683873119, 31.404014851840873 -14.173228346456693 1.894880793656786, 31.38291649023212 -14.330708661417322 1.9314242279196012, 31.325274694360555 -14.445992253160455 2.031262747008666, 31.24653453688024 -14.488188976377952 2.167644700360546, 31.16779437939993 -14.445992253160455 2.3040266537124263, 31.11015258352836 -14.330708661417322 2.4038651728014906, 31.089054221919614 -14.173228346456693 2.440408607064307, 31.11015258352836 -14.015748031496063 2.4038651728014906, 31.16779437939993 -13.90046443975293 2.3040266537124263, 31.24653453688024 -13.858267716535433 2.167644700360546, 31.325274694360555 -13.90046443975293 2.031262747008666, 31.38291649023212 -14.015748031496063 1.9314242279196012, 31.70007720157423 -14.173228346456693 2.0789841933926927, 31.67663395822362 -14.330708661417322 2.1140694864867853, 31.61258582629555 -14.445992253160455 2.2099242898182907, 31.525094451016876 -14.488188976377952 2.340864386243888, 31.4376030757382 -14.445992253160455 2.471804482669486, 31.373554943810127 -14.330708661417322 2.567659286000991, 31.350111700459518 -14.173228346456693 2.6027445790950834, 31.373554943810127 -14.015748031496063 2.567659286000991, 31.4376030757382 -13.90046443975293 2.471804482669486, 31.525094451016876 -13.858267716535433 2.340864386243888, 31.61258582629555 -13.90046443975293 2.2099242898182907, 31.67663395822362 -14.015748031496063 2.1140694864867853, 31.983464720646012 -14.173228346456693 2.2820568177375207, 31.957776983120638 -14.330708661417322 2.3155337290514693, 31.887596779069835 -14.445992253160455 2.4069943516416528, 31.79172883749366 -14.488188976377952 2.531931885545784, 31.69586089591748 -14.445992253160455 2.656869419449916, 31.625680691866677 -14.330708661417322 2.7483300420400996, 31.599992954341307 -14.173228346456693 2.7818069533540477, 31.625680691866677 -14.015748031496063 2.7483300420400996, 31.69586089591748 -13.90046443975293 2.656869419449916, 31.79172883749366 -13.858267716535433 2.531931885545784, 31.887596779069835 -13.90046443975293 2.4069943516416528, 31.957776983120638 -14.015748031496063 2.3155337290514693, 32.252963900193116 -14.173228346456693 2.503229078537556, 32.22514166732873 -14.330708661417322 2.534954254797645, 32.149129913563186 -14.445992253160455 2.621629048219285, 32.04529592693326 -14.488188976377952 2.740029017901014, 31.941461940303324 -14.445992253160455 2.8584289875827427, 31.86545018653778 -14.330708661417322 2.945103781004383, 31.83762795367339 -14.173228346456693 2.976828957264471, 31.86545018653778 -14.015748031496063 2.945103781004383, 31.941461940303324 -13.90046443975293 2.8584289875827427, 32.04529592693326 -13.858267716535433 2.740029017901014, 32.149129913563186 -13.90046443975293 2.621629048219285, 32.22514166732873 -14.015748031496063 2.534954254797645, 32.50742070335445 -14.173228346456693 2.7415538822170578, 32.4775831142235 -14.330708661417322 2.7713914713480037, 32.39606530474239 -14.445992253160455 2.8529092808291123, 32.28470990613034 -14.488188976377952 2.964264679441168, 32.17335450751828 -14.445992253160455 3.075620078053222, 32.09183669803717 -14.330708661417322 3.157137887534331, 32.06199910890623 -14.173228346456693 3.1869754766652774, 32.09183669803717 -14.015748031496063 3.157137887534331, 32.17335450751828 -13.90046443975293 3.075620078053222, 32.28470990613034 -13.858267716535433 2.964264679441168, 32.39606530474239 -13.90046443975293 2.8529092808291123, 32.4775831142235 -14.015748031496063 2.7713914713480037, 32.74574550703395 -14.173228346456693 2.99601068537839, 32.71402033077386 -14.330708661417322 3.0238329182427846, 32.62734553735223 -14.445992253160455 3.099844672008322, 32.508945567670494 -14.488188976377952 3.2036786586382537, 32.39054559798877 -14.445992253160455 3.3075126452681864, 32.303870804567126 -14.330708661417322 3.383524399033724, 32.27214562830704 -14.173228346456693 3.4113466318981183, 32.303870804567126 -14.015748031496063 3.383524399033724, 32.39054559798877 -13.90046443975293 3.3075126452681864, 32.508945567670494 -13.858267716535433 3.2036786586382537, 32.62734553735223 -13.90046443975293 3.099844672008322, 32.71402033077386 -14.015748031496063 3.0238329182427846, 32.966917767833976 -14.173228346456693 3.2655098649254883, 32.933440856520036 -14.330708661417322 3.291197602450859, 32.84198023392985 -14.445992253160455 3.3613778065016646, 32.71704270002572 -14.488188976377952 3.457245748077842, 32.592105166121584 -14.445992253160455 3.553113689654019, 32.5006445435314 -14.330708661417322 3.6232938937048242, 32.46716763221746 -14.173228346456693 3.6489816312301953, 32.5006445435314 -14.015748031496063 3.6232938937048242, 32.592105166121584 -13.90046443975293 3.553113689654019, 32.71704270002572 -13.858267716535433 3.457245748077842, 32.84198023392985 -13.90046443975293 3.3613778065016646, 32.933440856520036 -14.015748031496063 3.291197602450859, 33.16999039217881 -14.173228346456693 3.548897383997272, 33.13490509908472 -14.330708661417322 3.5723406273478813, 33.03905029575321 -14.445992253160455 3.6363887592759494, 32.908110199327616 -14.488188976377952 3.723880134554627, 32.77717010290202 -14.445992253160455 3.811371509833305, 32.681315299570514 -14.330708661417322 3.8754196417613724, 32.64623000647642 -14.173228346456693 3.898862885111982, 32.681315299570514 -14.015748031496063 3.8754196417613724, 32.77717010290202 -13.90046443975293 3.811371509833305, 32.908110199327616 -13.858267716535433 3.723880134554627, 33.03905029575321 -13.90046443975293 3.6363887592759494, 33.13490509908472 -14.015748031496063 3.5723406273478813, 33.35409379191472 -14.173228346456693 3.8449597337306334, 33.3175503576519 -14.330708661417322 3.8660580953393833, 33.21771183856284 -14.445992253160455 3.923699891210948, 33.08132988521096 -14.488188976377952 4.0024400486912635, 32.94494793185908 -14.445992253160455 4.081180206171579, 32.845109412770015 -14.330708661417322 4.138822002043144, 32.808565978507204 -14.173228346456693 4.159920363651894, 32.845109412770015 -14.015748031496063 4.138822002043144, 32.94494793185908 -13.90046443975293 4.081180206171579, 33.08132988521096 -13.858267716535433 4.0024400486912635, 33.21771183856284 -13.90046443975293 3.923699891210948, 33.3175503576519 -14.015748031496063 3.8660580953393833, 33.518439608019975 -14.173228346456693 4.152429129691693, 33.480594517184194 -14.330708661417322 4.171092263135094, 33.3771998062038 -14.445992253160455 4.222080891930906, 33.23596000438763 -14.488188976377952 4.291732654170119, 33.09472020257146 -14.445992253160455 4.361384416409332, 32.991325491591056 -14.330708661417322 4.412373045205142, 32.95348040075528 -14.173228346456693 4.431036178648545, 32.991325491591056 -14.015748031496063 4.412373045205142, 33.09472020257146 -13.90046443975293 4.361384416409332, 33.23596000438763 -13.858267716535433 4.291732654170119, 33.3771998062038 -13.90046443975293 4.222080891930906, 33.480594517184194 -14.015748031496063 4.171092263135094, 33.66232408647917 -14.173228346456693 4.4699889407233835, 33.62333939755948 -14.330708661417322 4.486136927598817, 33.51683124671361 -14.445992253160455 4.530254048182453, 33.371338406948055 -14.488188976377952 4.590519155641522, 33.225845567182496 -14.445992253160455 4.650784263100592, 33.119337416336634 -14.330708661417322 4.694901383684228, 33.08035272741694 -14.173228346456693 4.711049370559661, 33.119337416336634 -14.015748031496063 4.694901383684228, 33.225845567182496 -13.90046443975293 4.650784263100592, 33.371338406948055 -13.858267716535433 4.590519155641522, 33.51683124671361 -13.90046443975293 4.530254048182453, 33.62333939755948 -14.015748031496063 4.486136927598817, 33.785131091866006 -14.173228346456693 4.796279326962196, 33.74517374328539 -14.330708661417322 4.809843019110776, 33.63600823682741 -14.445992253160455 4.846899715198915, 33.4868853817888 -14.488188976377952 4.8975201034356335, 33.33776252675021 -14.445992253160455 4.948140491672351, 33.22859702029223 -14.330708661417322 4.985197187760492, 33.18863967171161 -14.173228346456693 4.998760879909071, 33.22859702029223 -14.015748031496063 4.985197187760492, 33.33776252675021 -13.90046443975293 4.948140491672351, 33.4868853817888 -13.858267716535433 4.8975201034356335, 33.63600823682741 -13.90046443975293 4.846899715198915, 33.74517374328539 -14.015748031496063 4.809843019110776, 33.88633474572975 -14.173228346456693 5.129903062881248, 33.84557584098919 -14.330708661417322 5.140824378490857, 33.734220442377136 -14.445992253160455 5.170661967621803, 33.582106139024525 -14.488188976377952 5.211420872362357, 33.42999183567191 -14.445992253160455 5.252179777102912, 33.31863643705986 -14.330708661417322 5.282017366233858, 33.27787753231931 -14.173228346456693 5.2929386818434665, 33.31863643705986 -14.015748031496063 5.282017366233858, 33.42999183567191 -13.90046443975293 5.252179777102912, 33.582106139024525 -13.858267716535433 5.211420872362357, 33.734220442377136 -13.90046443975293 5.170661967621803, 33.84557584098919 -14.015748031496063 5.140824378490857, 33.96550167848746 -14.173228346456693 5.46943152042449, 33.924115753474496 -14.330708661417322 5.4776636927450175, 33.81104730362082 -14.445992253160455 5.500154405781361, 33.656592928754165 -14.488188976377952 5.530877291138232, 33.50213855388751 -14.445992253160455 5.561600176495102, 33.389070104033834 -14.330708661417322 5.584090889531446, 33.34768417902087 -14.173228346456693 5.592323061851973, 33.389070104033834 -14.015748031496063 5.584090889531446, 33.50213855388751 -13.90046443975293 5.561600176495102, 33.656592928754165 -13.858267716535433 5.530877291138232, 33.81104730362082 -13.90046443975293 5.500154405781361, 33.924115753474496 -14.015748031496063 5.4776636927450175, 34.02229288517918 -14.173228346456693 5.813410786611361, 33.98045716077837 -14.330708661417322 5.818918564217105, 33.86615983614393 -14.445992253160455 5.833966092472787, 33.71002678710869 -14.488188976377952 5.854521398334212, 33.55389373807344 -14.445992253160455 5.875076704195637, 33.439596413439 -14.330708661417322 5.89012423245132, 33.3977606890382 -14.173228346456693 5.895632010057063, 33.439596413439 -14.015748031496063 5.89012423245132, 33.55389373807344 -13.90046443975293 5.875076704195637, 33.71002678710869 -13.858267716535433 5.854521398334212, 33.86615983614393 -13.90046443975293 5.833966092472787, 33.98045716077837 -14.015748031496063 5.818918564217105, 34.05646517713909 -14.173228346456693 6.160367889415391, 34.01435880034507 -14.330708661417322 6.163127687157074, 33.8993220396212 -14.445992253160455 6.170667594805965, 33.7421789021033 -14.488188976377952 6.180967300196539, 33.58503576458541 -14.445992253160455 6.191267005587113, 33.46999900386153 -14.330708661417322 6.1988069132360035, 33.42789262706752 -14.173228346456693 6.201566710977686, 33.46999900386153 -14.015748031496063 6.1988069132360035, 33.58503576458541 -13.90046443975293 6.191267005587113, 33.7421789021033 -13.858267716535433 6.180967300196539, 33.8993220396212 -13.90046443975293 6.170667594805965, 34.01435880034507 -14.015748031496063 6.163127687157074 ] } coordIndex [ 0 12 13 1 -1, 1 13 14 2 -1, 2 14 15 3 -1, 3 15 16 4 -1, 4 16 17 5 -1, 5 17 18 6 -1, 6 18 19 7 -1, 7 19 20 8 -1, 8 20 21 9 -1, 9 21 22 10 -1, 10 22 23 11 -1, 11 23 12 0 -1, 12 24 25 13 -1, 13 25 26 14 -1, 14 26 27 15 -1, 15 27 28 16 -1, 16 28 29 17 -1, 17 29 30 18 -1, 18 30 31 19 -1, 19 31 32 20 -1, 20 32 33 21 -1, 21 33 34 22 -1, 22 34 35 23 -1, 23 35 24 12 -1, 24 36 37 25 -1, 25 37 38 26 -1, 26 38 39 27 -1, 27 39 40 28 -1, 28 40 41 29 -1, 29 41 42 30 -1, 30 42 43 31 -1, 31 43 44 32 -1, 32 44 45 33 -1, 33 45 46 34 -1, 34 46 47 35 -1, 35 47 36 24 -1, 36 48 49 37 -1, 37 49 50 38 -1, 38 50 51 39 -1, 39 51 52 40 -1, 40 52 53 41 -1, 41 53 54 42 -1, 42 54 55 43 -1, 43 55 56 44 -1, 44 56 57 45 -1, 45 57 58 46 -1, 46 58 59 47 -1, 47 59 48 36 -1, 48 60 61 49 -1, 49 61 62 50 -1, 50 62 63 51 -1, 51 63 64 52 -1, 52 64 65 53 -1, 53 65 66 54 -1, 54 66 67 55 -1, 55 67 68 56 -1, 56 68 69 57 -1, 57 69 70 58 -1, 58 70 71 59 -1, 59 71 60 48 -1, 60 72 73 61 -1, 61 73 74 62 -1, 62 74 75 63 -1, 63 75 76 64 -1, 64 76 77 65 -1, 65 77 78 66 -1, 66 78 79 67 -1, 67 79 80 68 -1, 68 80 81 69 -1, 69 81 82 70 -1, 70 82 83 71 -1, 71 83 72 60 -1, 72 84 85 73 -1, 73 85 86 74 -1, 74 86 87 75 -1, 75 87 88 76 -1, 76 88 89 77 -1, 77 89 90 78 -1, 78 90 91 79 -1, 79 91 92 80 -1, 80 92 93 81 -1, 81 93 94 82 -1, 82 94 95 83 -1, 83 95 84 72 -1, 84 96 97 85 -1, 85 97 98 86 -1, 86 98 99 87 -1, 87 99 100 88 -1, 88 100 101 89 -1, 89 101 102 90 -1, 90 102 103 91 -1, 91 103 104 92 -1, 92 104 105 93 -1, 93 105 106 94 -1, 94 106 107 95 -1, 95 107 96 84 -1, 96 108 109 97 -1, 97 109 110 98 -1, 98 110 111 99 -1, 99 111 112 100 -1, 100 112 113 101 -1, 101 113 114 102 -1, 102 114 115 103 -1, 103 115 116 104 -1, 104 116 117 105 -1, 105 117 118 106 -1, 106 118 119 107 -1, 107 119 108 96 -1, 108 120 121 109 -1, 109 121 122 110 -1, 110 122 123 111 -1, 111 123 124 112 -1, 112 124 125 113 -1, 113 125 126 114 -1, 114 126 127 115 -1, 115 127 128 116 -1, 116 128 129 117 -1, 117 129 130 118 -1, 118 130 131 119 -1, 119 131 120 108 -1, 120 132 133 121 -1, 121 133 134 122 -1, 122 134 135 123 -1, 123 135 136 124 -1, 124 136 137 125 -1, 125 137 138 126 -1, 126 138 139 127 -1, 127 139 140 128 -1, 128 140 141 129 -1, 129 141 142 130 -1, 130 142 143 131 -1, 131 143 132 120 -1, 132 144 145 133 -1, 133 145 146 134 -1, 134 146 147 135 -1, 135 147 148 136 -1, 136 148 149 137 -1, 137 149 150 138 -1, 138 150 151 139 -1, 139 151 152 140 -1, 140 152 153 141 -1, 141 153 154 142 -1, 142 154 155 143 -1, 143 155 144 132 -1, 144 156 157 145 -1, 145 157 158 146 -1, 146 158 159 147 -1, 147 159 160 148 -1, 148 160 161 149 -1, 149 161 162 150 -1, 150 162 163 151 -1, 151 163 164 152 -1, 152 164 165 153 -1, 153 165 166 154 -1, 154 166 167 155 -1, 155 167 156 144 -1, 156 168 169 157 -1, 157 169 170 158 -1, 158 170 171 159 -1, 159 171 172 160 -1, 160 172 173 161 -1, 161 173 174 162 -1, 162 174 175 163 -1, 163 175 176 164 -1, 164 176 177 165 -1, 165 177 178 166 -1, 166 178 179 167 -1, 167 179 168 156 -1, 168 180 181 169 -1, 169 181 182 170 -1, 170 182 183 171 -1, 171 183 184 172 -1, 172 184 185 173 -1, 173 185 186 174 -1, 174 186 187 175 -1, 175 187 188 176 -1, 176 188 189 177 -1, 177 189 190 178 -1, 178 190 191 179 -1, 179 191 180 168 -1, 180 192 193 181 -1, 181 193 194 182 -1, 182 194 195 183 -1, 183 195 196 184 -1, 184 196 197 185 -1, 185 197 198 186 -1, 186 198 199 187 -1, 187 199 200 188 -1, 188 200 201 189 -1, 189 201 202 190 -1, 190 202 203 191 -1, 191 203 192 180 -1, 192 204 205 193 -1, 193 205 206 194 -1, 194 206 207 195 -1, 195 207 208 196 -1, 196 208 209 197 -1, 197 209 210 198 -1, 198 210 211 199 -1, 199 211 212 200 -1, 200 212 213 201 -1, 201 213 214 202 -1, 202 214 215 203 -1, 203 215 204 192 -1, 204 216 217 205 -1, 205 217 218 206 -1, 206 218 219 207 -1, 207 219 220 208 -1, 208 220 221 209 -1, 209 221 222 210 -1, 210 222 223 211 -1, 211 223 224 212 -1, 212 224 225 213 -1, 213 225 226 214 -1, 214 226 227 215 -1, 215 227 216 204 -1, 216 228 229 217 -1, 217 229 230 218 -1, 218 230 231 219 -1, 219 231 232 220 -1, 220 232 233 221 -1, 221 233 234 222 -1, 222 234 235 223 -1, 223 235 236 224 -1, 224 236 237 225 -1, 225 237 238 226 -1, 226 238 239 227 -1, 227 239 228 216 -1, 228 240 241 229 -1, 229 241 242 230 -1, 230 242 243 231 -1, 231 243 244 232 -1, 232 244 245 233 -1, 233 245 246 234 -1, 234 246 247 235 -1, 235 247 248 236 -1, 236 248 249 237 -1, 237 249 250 238 -1, 238 250 251 239 -1, 239 251 240 228 -1, 240 252 253 241 -1, 241 253 254 242 -1, 242 254 255 243 -1, 243 255 256 244 -1, 244 256 257 245 -1, 245 257 258 246 -1, 246 258 259 247 -1, 247 259 260 248 -1, 248 260 261 249 -1, 249 261 262 250 -1, 250 262 263 251 -1, 251 263 252 240 -1, 252 264 265 253 -1, 253 265 266 254 -1, 254 266 267 255 -1, 255 267 268 256 -1, 256 268 269 257 -1, 257 269 270 258 -1, 258 270 271 259 -1, 259 271 272 260 -1, 260 272 273 261 -1, 261 273 274 262 -1, 262 274 275 263 -1, 263 275 264 252 -1, 264 276 277 265 -1, 265 277 278 266 -1, 266 278 279 267 -1, 267 279 280 268 -1, 268 280 281 269 -1, 269 281 282 270 -1, 270 282 283 271 -1, 271 283 284 272 -1, 272 284 285 273 -1, 273 285 286 274 -1, 274 286 287 275 -1, 275 287 276 264 -1, 276 288 289 277 -1, 277 289 290 278 -1, 278 290 291 279 -1, 279 291 292 280 -1, 280 292 293 281 -1, 281 293 294 282 -1, 282 294 295 283 -1, 283 295 296 284 -1, 284 296 297 285 -1, 285 297 298 286 -1, 286 298 299 287 -1, 287 299 288 276 -1, 288 300 301 289 -1, 289 301 302 290 -1, 290 302 303 291 -1, 291 303 304 292 -1, 292 304 305 293 -1, 293 305 306 294 -1, 294 306 307 295 -1, 295 307 308 296 -1, 296 308 309 297 -1, 297 309 310 298 -1, 298 310 311 299 -1, 299 311 300 288 -1, 300 312 313 301 -1, 301 313 314 302 -1, 302 314 315 303 -1, 303 315 316 304 -1, 304 316 317 305 -1, 305 317 318 306 -1, 306 318 319 307 -1, 307 319 320 308 -1, 308 320 321 309 -1, 309 321 322 310 -1, 310 322 323 311 -1, 311 323 312 300 -1, 312 324 325 313 -1, 313 325 326 314 -1, 314 326 327 315 -1, 315 327 328 316 -1, 316 328 329 317 -1, 317 329 330 318 -1, 318 330 331 319 -1, 319 331 332 320 -1, 320 332 333 321 -1, 321 333 334 322 -1, 322 334 335 323 -1, 323 335 324 312 -1, 324 336 337 325 -1, 325 337 338 326 -1, 326 338 339 327 -1, 327 339 340 328 -1, 328 340 341 329 -1, 329 341 342 330 -1, 330 342 343 331 -1, 331 343 344 332 -1, 332 344 345 333 -1, 333 345 346 334 -1, 334 346 347 335 -1, 335 347 336 324 -1, 336 348 349 337 -1, 337 349 350 338 -1, 338 350 351 339 -1, 339 351 352 340 -1, 340 352 353 341 -1, 341 353 354 342 -1, 342 354 355 343 -1, 343 355 356 344 -1, 344 356 357 345 -1, 345 357 358 346 -1, 346 358 359 347 -1, 347 359 348 336 -1, 348 360 361 349 -1, 349 361 362 350 -1, 350 362 363 351 -1, 351 363 364 352 -1, 352 364 365 353 -1, 353 365 366 354 -1, 354 366 367 355 -1, 355 367 368 356 -1, 356 368 369 357 -1, 357 369 370 358 -1, 358 370 371 359 -1, 359 371 360 348 -1, 360 372 373 361 -1, 361 373 374 362 -1, 362 374 375 363 -1, 363 375 376 364 -1, 364 376 377 365 -1, 365 377 378 366 -1, 366 378 379 367 -1, 367 379 380 368 -1, 368 380 381 369 -1, 369 381 382 370 -1, 370 382 383 371 -1, 371 383 372 360 -1, 372 384 385 373 -1, 373 385 386 374 -1, 374 386 387 375 -1, 375 387 388 376 -1, 376 388 389 377 -1, 377 389 390 378 -1, 378 390 391 379 -1, 379 391 392 380 -1, 380 392 393 381 -1, 381 393 394 382 -1, 382 394 395 383 -1, 383 395 384 372 -1, 384 396 397 385 -1, 385 397 398 386 -1, 386 398 399 387 -1, 387 399 400 388 -1, 388 400 401 389 -1, 389 401 402 390 -1, 390 402 403 391 -1, 391 403 404 392 -1, 392 404 405 393 -1, 393 405 406 394 -1, 394 406 407 395 -1, 395 407 396 384 -1, 396 408 409 397 -1, 397 409 410 398 -1, 398 410 411 399 -1, 399 411 412 400 -1, 400 412 413 401 -1, 401 413 414 402 -1, 402 414 415 403 -1, 403 415 416 404 -1, 404 416 417 405 -1, 405 417 418 406 -1, 406 418 419 407 -1, 407 419 408 396 -1, 408 420 421 409 -1, 409 421 422 410 -1, 410 422 423 411 -1, 411 423 424 412 -1, 412 424 425 413 -1, 413 425 426 414 -1, 414 426 427 415 -1, 415 427 428 416 -1, 416 428 429 417 -1, 417 429 430 418 -1, 418 430 431 419 -1, 419 431 420 408 -1, 420 432 433 421 -1, 421 433 434 422 -1, 422 434 435 423 -1, 423 435 436 424 -1, 424 436 437 425 -1, 425 437 438 426 -1, 426 438 439 427 -1, 427 439 440 428 -1, 428 440 441 429 -1, 429 441 442 430 -1, 430 442 443 431 -1, 431 443 432 420 -1, 432 444 445 433 -1, 433 445 446 434 -1, 434 446 447 435 -1, 435 447 448 436 -1, 436 448 449 437 -1, 437 449 450 438 -1, 438 450 451 439 -1, 439 451 452 440 -1, 440 452 453 441 -1, 441 453 454 442 -1, 442 454 455 443 -1, 443 455 444 432 -1, 444 456 457 445 -1, 445 457 458 446 -1, 446 458 459 447 -1, 447 459 460 448 -1, 448 460 461 449 -1, 449 461 462 450 -1, 450 462 463 451 -1, 451 463 464 452 -1, 452 464 465 453 -1, 453 465 466 454 -1, 454 466 467 455 -1, 455 467 456 444 -1, 456 468 469 457 -1, 457 469 470 458 -1, 458 470 471 459 -1, 459 471 472 460 -1, 460 472 473 461 -1, 461 473 474 462 -1, 462 474 475 463 -1, 463 475 476 464 -1, 464 476 477 465 -1, 465 477 478 466 -1, 466 478 479 467 -1, 467 479 468 456 -1, 468 480 481 469 -1, 469 481 482 470 -1, 470 482 483 471 -1, 471 483 484 472 -1, 472 484 485 473 -1, 473 485 486 474 -1, 474 486 487 475 -1, 475 487 488 476 -1, 476 488 489 477 -1, 477 489 490 478 -1, 478 490 491 479 -1, 479 491 480 468 -1, 480 492 493 481 -1, 481 493 494 482 -1, 482 494 495 483 -1, 483 495 496 484 -1, 484 496 497 485 -1, 485 497 498 486 -1, 486 498 499 487 -1, 487 499 500 488 -1, 488 500 501 489 -1, 489 501 502 490 -1, 490 502 503 491 -1, 491 503 492 480 -1, 492 504 505 493 -1, 493 505 506 494 -1, 494 506 507 495 -1, 495 507 508 496 -1, 496 508 509 497 -1, 497 509 510 498 -1, 498 510 511 499 -1, 499 511 512 500 -1, 500 512 513 501 -1, 501 513 514 502 -1, 502 514 515 503 -1, 503 515 504 492 -1, 504 516 517 505 -1, 505 517 518 506 -1, 506 518 519 507 -1, 507 519 520 508 -1, 508 520 521 509 -1, 509 521 522 510 -1, 510 522 523 511 -1, 511 523 524 512 -1, 512 524 525 513 -1, 513 525 526 514 -1, 514 526 527 515 -1, 515 527 516 504 -1, 516 528 529 517 -1, 517 529 530 518 -1, 518 530 531 519 -1, 519 531 532 520 -1, 520 532 533 521 -1, 521 533 534 522 -1, 522 534 535 523 -1, 523 535 536 524 -1, 524 536 537 525 -1, 525 537 538 526 -1, 526 538 539 527 -1, 527 539 528 516 -1, 528 540 541 529 -1, 529 541 542 530 -1, 530 542 543 531 -1, 531 543 544 532 -1, 532 544 545 533 -1, 533 545 546 534 -1, 534 546 547 535 -1, 535 547 548 536 -1, 536 548 549 537 -1, 537 549 550 538 -1, 538 550 551 539 -1, 539 551 540 528 -1, 540 552 553 541 -1, 541 553 554 542 -1, 542 554 555 543 -1, 543 555 556 544 -1, 544 556 557 545 -1, 545 557 558 546 -1, 546 558 559 547 -1, 547 559 560 548 -1, 548 560 561 549 -1, 549 561 562 550 -1, 550 562 563 551 -1, 551 563 552 540 -1, 552 564 565 553 -1, 553 565 566 554 -1, 554 566 567 555 -1, 555 567 568 556 -1, 556 568 569 557 -1, 557 569 570 558 -1, 558 570 571 559 -1, 559 571 572 560 -1, 560 572 573 561 -1, 561 573 574 562 -1, 562 574 575 563 -1, 563 575 564 552 -1, 564 576 577 565 -1, 565 577 578 566 -1, 566 578 579 567 -1, 567 579 580 568 -1, 568 580 581 569 -1, 569 581 582 570 -1, 570 582 583 571 -1, 571 583 584 572 -1, 572 584 585 573 -1, 573 585 586 574 -1, 574 586 587 575 -1, 575 587 576 564 -1, 576 588 589 577 -1, 577 589 590 578 -1, 578 590 591 579 -1, 579 591 592 580 -1, 580 592 593 581 -1, 581 593 594 582 -1, 582 594 595 583 -1, 583 595 596 584 -1, 584 596 597 585 -1, 585 597 598 586 -1, 586 598 599 587 -1, 587 599 588 576 -1, 588 600 601 589 -1, 589 601 602 590 -1, 590 602 603 591 -1, 591 603 604 592 -1, 592 604 605 593 -1, 593 605 606 594 -1, 594 606 607 595 -1, 595 607 608 596 -1, 596 608 609 597 -1, 597 609 610 598 -1, 598 610 611 599 -1, 599 611 600 588 -1, 600 612 613 601 -1, 601 613 614 602 -1, 602 614 615 603 -1, 603 615 616 604 -1, 604 616 617 605 -1, 605 617 618 606 -1, 606 618 619 607 -1, 607 619 620 608 -1, 608 620 621 609 -1, 609 621 622 610 -1, 610 622 623 611 -1, 611 623 612 600 -1, 612 624 625 613 -1, 613 625 626 614 -1, 614 626 627 615 -1, 615 627 628 616 -1, 616 628 629 617 -1, 617 629 630 618 -1, 618 630 631 619 -1, 619 631 632 620 -1, 620 632 633 621 -1, 621 633 634 622 -1, 622 634 635 623 -1, 623 635 624 612 -1, 624 636 637 625 -1, 625 637 638 626 -1, 626 638 639 627 -1, 627 639 640 628 -1, 628 640 641 629 -1, 629 641 642 630 -1, 630 642 643 631 -1, 631 643 644 632 -1, 632 644 645 633 -1, 633 645 646 634 -1, 634 646 647 635 -1, 635 647 636 624 -1, 636 648 649 637 -1, 637 649 650 638 -1, 638 650 651 639 -1, 639 651 652 640 -1, 640 652 653 641 -1, 641 653 654 642 -1, 642 654 655 643 -1, 643 655 656 644 -1, 644 656 657 645 -1, 645 657 658 646 -1, 646 658 659 647 -1, 647 659 648 636 -1, 648 660 661 649 -1, 649 661 662 650 -1, 650 662 663 651 -1, 651 663 664 652 -1, 652 664 665 653 -1, 653 665 666 654 -1, 654 666 667 655 -1, 655 667 668 656 -1, 656 668 669 657 -1, 657 669 670 658 -1, 658 670 671 659 -1, 659 671 660 648 -1, 660 672 673 661 -1, 661 673 674 662 -1, 662 674 675 663 -1, 663 675 676 664 -1, 664 676 677 665 -1, 665 677 678 666 -1, 666 678 679 667 -1, 667 679 680 668 -1, 668 680 681 669 -1, 669 681 682 670 -1, 670 682 683 671 -1, 671 683 672 660 -1, 672 684 685 673 -1, 673 685 686 674 -1, 674 686 687 675 -1, 675 687 688 676 -1, 676 688 689 677 -1, 677 689 690 678 -1, 678 690 691 679 -1, 679 691 692 680 -1, 680 692 693 681 -1, 681 693 694 682 -1, 682 694 695 683 -1, 683 695 684 672 -1, 684 696 697 685 -1, 685 697 698 686 -1, 686 698 699 687 -1, 687 699 700 688 -1, 688 700 701 689 -1, 689 701 702 690 -1, 690 702 703 691 -1, 691 703 704 692 -1, 692 704 705 693 -1, 693 705 706 694 -1, 694 706 707 695 -1, 695 707 696 684 -1, 696 708 709 697 -1, 697 709 710 698 -1, 698 710 711 699 -1, 699 711 712 700 -1, 700 712 713 701 -1, 701 713 714 702 -1, 702 714 715 703 -1, 703 715 716 704 -1, 704 716 717 705 -1, 705 717 718 706 -1, 706 718 719 707 -1, 707 719 708 696 -1, 708 720 721 709 -1, 709 721 722 710 -1, 710 722 723 711 -1, 711 723 724 712 -1, 712 724 725 713 -1, 713 725 726 714 -1, 714 726 727 715 -1, 715 727 728 716 -1, 716 728 729 717 -1, 717 729 730 718 -1, 718 730 731 719 -1, 719 731 720 708 -1, 720 732 733 721 -1, 721 733 734 722 -1, 722 734 735 723 -1, 723 735 736 724 -1, 724 736 737 725 -1, 725 737 738 726 -1, 726 738 739 727 -1, 727 739 740 728 -1, 728 740 741 729 -1, 729 741 742 730 -1, 730 742 743 731 -1, 731 743 732 720 -1, 732 744 745 733 -1, 733 745 746 734 -1, 734 746 747 735 -1, 735 747 748 736 -1, 736 748 749 737 -1, 737 749 750 738 -1, 738 750 751 739 -1, 739 751 752 740 -1, 740 752 753 741 -1, 741 753 754 742 -1, 742 754 755 743 -1, 743 755 744 732 -1, 744 756 757 745 -1, 745 757 758 746 -1, 746 758 759 747 -1, 747 759 760 748 -1, 748 760 761 749 -1, 749 761 762 750 -1, 750 762 763 751 -1, 751 763 764 752 -1, 752 764 765 753 -1, 753 765 766 754 -1, 754 766 767 755 -1, 755 767 756 744 -1, 756 768 769 757 -1, 757 769 770 758 -1, 758 770 771 759 -1, 759 771 772 760 -1, 760 772 773 761 -1, 761 773 774 762 -1, 762 774 775 763 -1, 763 775 776 764 -1, 764 776 777 765 -1, 765 777 778 766 -1, 766 778 779 767 -1, 767 779 768 756 -1, 768 780 781 769 -1, 769 781 782 770 -1, 770 782 783 771 -1, 771 783 784 772 -1, 772 784 785 773 -1, 773 785 786 774 -1, 774 786 787 775 -1, 775 787 788 776 -1, 776 788 789 777 -1, 777 789 790 778 -1, 778 790 791 779 -1, 779 791 780 768 -1, 780 792 793 781 -1, 781 793 794 782 -1, 782 794 795 783 -1, 783 795 796 784 -1, 784 796 797 785 -1, 785 797 798 786 -1, 786 798 799 787 -1, 787 799 800 788 -1, 788 800 801 789 -1, 789 801 802 790 -1, 790 802 803 791 -1, 791 803 792 780 -1, 792 804 805 793 -1, 793 805 806 794 -1, 794 806 807 795 -1, 795 807 808 796 -1, 796 808 809 797 -1, 797 809 810 798 -1, 798 810 811 799 -1, 799 811 812 800 -1, 800 812 813 801 -1, 801 813 814 802 -1, 802 814 815 803 -1, 803 815 804 792 -1, 804 816 817 805 -1, 805 817 818 806 -1, 806 818 819 807 -1, 807 819 820 808 -1, 808 820 821 809 -1, 809 821 822 810 -1, 810 822 823 811 -1, 811 823 824 812 -1, 812 824 825 813 -1, 813 825 826 814 -1, 814 826 827 815 -1, 815 827 816 804 -1, 816 828 829 817 -1, 817 829 830 818 -1, 818 830 831 819 -1, 819 831 832 820 -1, 820 832 833 821 -1, 821 833 834 822 -1, 822 834 835 823 -1, 823 835 836 824 -1, 824 836 837 825 -1, 825 837 838 826 -1, 826 838 839 827 -1, 827 839 828 816 -1, 828 840 841 829 -1, 829 841 842 830 -1, 830 842 843 831 -1, 831 843 844 832 -1, 832 844 845 833 -1, 833 845 846 834 -1, 834 846 847 835 -1, 835 847 848 836 -1, 836 848 849 837 -1, 837 849 850 838 -1, 838 850 851 839 -1, 839 851 840 828 -1, 840 852 853 841 -1, 841 853 854 842 -1, 842 854 855 843 -1, 843 855 856 844 -1, 844 856 857 845 -1, 845 857 858 846 -1, 846 858 859 847 -1, 847 859 860 848 -1, 848 860 861 849 -1, 849 861 862 850 -1, 850 862 863 851 -1, 851 863 852 840 -1, 852 864 865 853 -1, 853 865 866 854 -1, 854 866 867 855 -1, 855 867 868 856 -1, 856 868 869 857 -1, 857 869 870 858 -1, 858 870 871 859 -1, 859 871 872 860 -1, 860 872 873 861 -1, 861 873 874 862 -1, 862 874 875 863 -1, 863 875 864 852 -1, 864 876 877 865 -1, 865 877 878 866 -1, 866 878 879 867 -1, 867 879 880 868 -1, 868 880 881 869 -1, 869 881 882 870 -1, 870 882 883 871 -1, 871 883 884 872 -1, 872 884 885 873 -1, 873 885 886 874 -1, 874 886 887 875 -1, 875 887 876 864 -1, 876 888 889 877 -1, 877 889 890 878 -1, 878 890 891 879 -1, 879 891 892 880 -1, 880 892 893 881 -1, 881 893 894 882 -1, 882 894 895 883 -1, 883 895 896 884 -1, 884 896 897 885 -1, 885 897 898 886 -1, 886 898 899 887 -1, 887 899 888 876 -1, 888 900 901 889 -1, 889 901 902 890 -1, 890 902 903 891 -1, 891 903 904 892 -1, 892 904 905 893 -1, 893 905 906 894 -1, 894 906 907 895 -1, 895 907 908 896 -1, 896 908 909 897 -1, 897 909 910 898 -1, 898 910 911 899 -1, 899 911 900 888 -1, 900 912 913 901 -1, 901 913 914 902 -1, 902 914 915 903 -1, 903 915 916 904 -1, 904 916 917 905 -1, 905 917 918 906 -1, 906 918 919 907 -1, 907 919 920 908 -1, 908 920 921 909 -1, 909 921 922 910 -1, 910 922 923 911 -1, 911 923 912 900 -1, 912 924 925 913 -1, 913 925 926 914 -1, 914 926 927 915 -1, 915 927 928 916 -1, 916 928 929 917 -1, 917 929 930 918 -1, 918 930 931 919 -1, 919 931 932 920 -1, 920 932 933 921 -1, 921 933 934 922 -1, 922 934 935 923 -1, 923 935 924 912 -1, 924 936 937 925 -1, 925 937 938 926 -1, 926 938 939 927 -1, 927 939 940 928 -1, 928 940 941 929 -1, 929 941 942 930 -1, 930 942 943 931 -1, 931 943 944 932 -1, 932 944 945 933 -1, 933 945 946 934 -1, 934 946 947 935 -1, 935 947 936 924 -1, 936 948 949 937 -1, 937 949 950 938 -1, 938 950 951 939 -1, 939 951 952 940 -1, 940 952 953 941 -1, 941 953 954 942 -1, 942 954 955 943 -1, 943 955 956 944 -1, 944 956 957 945 -1, 945 957 958 946 -1, 946 958 959 947 -1, 947 959 948 936 -1, 948 960 961 949 -1, 949 961 962 950 -1, 950 962 963 951 -1, 951 963 964 952 -1, 952 964 965 953 -1, 953 965 966 954 -1, 954 966 967 955 -1, 955 967 968 956 -1, 956 968 969 957 -1, 957 969 970 958 -1, 958 970 971 959 -1, 959 971 960 948 -1, 960 972 973 961 -1, 961 973 974 962 -1, 962 974 975 963 -1, 963 975 976 964 -1, 964 976 977 965 -1, 965 977 978 966 -1, 966 978 979 967 -1, 967 979 980 968 -1, 968 980 981 969 -1, 969 981 982 970 -1, 970 982 983 971 -1, 971 983 972 960 -1, 972 984 985 973 -1, 973 985 986 974 -1, 974 986 987 975 -1, 975 987 988 976 -1, 976 988 989 977 -1, 977 989 990 978 -1, 978 990 991 979 -1, 979 991 992 980 -1, 980 992 993 981 -1, 981 993 994 982 -1, 982 994 995 983 -1, 983 995 984 972 -1, 984 996 997 985 -1, 985 997 998 986 -1, 986 998 999 987 -1, 987 999 1000 988 -1, 988 1000 1001 989 -1, 989 1001 1002 990 -1, 990 1002 1003 991 -1, 991 1003 1004 992 -1, 992 1004 1005 993 -1, 993 1005 1006 994 -1, 994 1006 1007 995 -1, 995 1007 996 984 -1, 996 1008 1009 997 -1, 997 1009 1010 998 -1, 998 1010 1011 999 -1, 999 1011 1012 1000 -1, 1000 1012 1013 1001 -1, 1001 1013 1014 1002 -1, 1002 1014 1015 1003 -1, 1003 1015 1016 1004 -1, 1004 1016 1017 1005 -1, 1005 1017 1018 1006 -1, 1006 1018 1019 1007 -1, 1007 1019 1008 996 -1, 1008 1020 1021 1009 -1, 1009 1021 1022 1010 -1, 1010 1022 1023 1011 -1, 1011 1023 1024 1012 -1, 1012 1024 1025 1013 -1, 1013 1025 1026 1014 -1, 1014 1026 1027 1015 -1, 1015 1027 1028 1016 -1, 1016 1028 1029 1017 -1, 1017 1029 1030 1018 -1, 1018 1030 1031 1019 -1, 1019 1031 1020 1008 -1, 1020 1032 1033 1021 -1, 1021 1033 1034 1022 -1, 1022 1034 1035 1023 -1, 1023 1035 1036 1024 -1, 1024 1036 1037 1025 -1, 1025 1037 1038 1026 -1, 1026 1038 1039 1027 -1, 1027 1039 1040 1028 -1, 1028 1040 1041 1029 -1, 1029 1041 1042 1030 -1, 1030 1042 1043 1031 -1, 1031 1043 1032 1020 -1, 1032 1044 1045 1033 -1, 1033 1045 1046 1034 -1, 1034 1046 1047 1035 -1, 1035 1047 1048 1036 -1, 1036 1048 1049 1037 -1, 1037 1049 1050 1038 -1, 1038 1050 1051 1039 -1, 1039 1051 1052 1040 -1, 1040 1052 1053 1041 -1, 1041 1053 1054 1042 -1, 1042 1054 1055 1043 -1, 1043 1055 1044 1032 -1, 1044 1056 1057 1045 -1, 1045 1057 1058 1046 -1, 1046 1058 1059 1047 -1, 1047 1059 1060 1048 -1, 1048 1060 1061 1049 -1, 1049 1061 1062 1050 -1, 1050 1062 1063 1051 -1, 1051 1063 1064 1052 -1, 1052 1064 1065 1053 -1, 1053 1065 1066 1054 -1, 1054 1066 1067 1055 -1, 1055 1067 1056 1044 -1, 1056 1068 1069 1057 -1, 1057 1069 1070 1058 -1, 1058 1070 1071 1059 -1, 1059 1071 1072 1060 -1, 1060 1072 1073 1061 -1, 1061 1073 1074 1062 -1, 1062 1074 1075 1063 -1, 1063 1075 1076 1064 -1, 1064 1076 1077 1065 -1, 1065 1077 1078 1066 -1, 1066 1078 1079 1067 -1, 1067 1079 1068 1056 -1, 1068 1080 1081 1069 -1, 1069 1081 1082 1070 -1, 1070 1082 1083 1071 -1, 1071 1083 1084 1072 -1, 1072 1084 1085 1073 -1, 1073 1085 1086 1074 -1, 1074 1086 1087 1075 -1, 1075 1087 1088 1076 -1, 1076 1088 1089 1077 -1, 1077 1089 1090 1078 -1, 1078 1090 1091 1079 -1, 1079 1091 1080 1068 -1, 1080 1092 1093 1081 -1, 1081 1093 1094 1082 -1, 1082 1094 1095 1083 -1, 1083 1095 1096 1084 -1, 1084 1096 1097 1085 -1, 1085 1097 1098 1086 -1, 1086 1098 1099 1087 -1, 1087 1099 1100 1088 -1, 1088 1100 1101 1089 -1, 1089 1101 1102 1090 -1, 1090 1102 1103 1091 -1, 1091 1103 1092 1080 -1, 1092 1104 1105 1093 -1, 1093 1105 1106 1094 -1, 1094 1106 1107 1095 -1, 1095 1107 1108 1096 -1, 1096 1108 1109 1097 -1, 1097 1109 1110 1098 -1, 1098 1110 1111 1099 -1, 1099 1111 1112 1100 -1, 1100 1112 1113 1101 -1, 1101 1113 1114 1102 -1, 1102 1114 1115 1103 -1, 1103 1115 1104 1092 -1, 1104 1116 1117 1105 -1, 1105 1117 1118 1106 -1, 1106 1118 1119 1107 -1, 1107 1119 1120 1108 -1, 1108 1120 1121 1109 -1, 1109 1121 1122 1110 -1, 1110 1122 1123 1111 -1, 1111 1123 1124 1112 -1, 1112 1124 1125 1113 -1, 1113 1125 1126 1114 -1, 1114 1126 1127 1115 -1, 1115 1127 1116 1104 -1, 1116 1128 1129 1117 -1, 1117 1129 1130 1118 -1, 1118 1130 1131 1119 -1, 1119 1131 1132 1120 -1, 1120 1132 1133 1121 -1, 1121 1133 1134 1122 -1, 1122 1134 1135 1123 -1, 1123 1135 1136 1124 -1, 1124 1136 1137 1125 -1, 1125 1137 1138 1126 -1, 1126 1138 1139 1127 -1, 1127 1139 1128 1116 -1, 1128 1140 1141 1129 -1, 1129 1141 1142 1130 -1, 1130 1142 1143 1131 -1, 1131 1143 1144 1132 -1, 1132 1144 1145 1133 -1, 1133 1145 1146 1134 -1, 1134 1146 1147 1135 -1, 1135 1147 1148 1136 -1, 1136 1148 1149 1137 -1, 1137 1149 1150 1138 -1, 1138 1150 1151 1139 -1, 1139 1151 1140 1128 -1, 1140 0 1 1141 -1, 1141 1 2 1142 -1, 1142 2 3 1143 -1, 1143 3 4 1144 -1, 1144 4 5 1145 -1, 1145 5 6 1146 -1, 1146 6 7 1147 -1, 1147 7 8 1148 -1, 1148 8 9 1149 -1, 1149 9 10 1150 -1, 1150 10 11 1151 -1, 1151 11 0 1140 -1 ] } }