frequency_hz,parallel_per_bank,total_devices,phase_voltage_rms_v,line_voltage_rms_v,phase_current_rms_a,peak_device_a,conduction_w,overlap_w,coss_w,deadtime_w,gate_drive_w,fet_loss_w,total_modeled_loss_w,efficiency_estimate_pct,hottest_device_w,junction_estimate_c,required_max_sink_k_per_w,loss_budget_w,remaining_other_loss_budget_w,minimum_pulse_margin_ns,passes_screen,failed_constraints
10000.0,1,6,30.49397993866986,52.81712257876227,204.95848730044858,289.8550724637682,207.9395085066163,2.07593404032907,0.192,0.44286592860353496,0.010199999999999999,210.6503084755489,210.6605084755489,98.88896007403653,42.13006169510978,110.55607403413174,0.1685682640125107,94.22110552763652,-116.43940294791238,173.53928239478236,False,user_peak_current_limit;efficiency_target
11000.0,1,6,30.49397993866986,52.81712257876227,204.95848730044858,289.8550724637682,207.9395085066163,2.2835274443619773,0.2112,0.4871525214638885,0.011219999999999999,210.92138847244215,210.93260847244215,98.88754096210337,42.18427769448843,110.62113323338612,0.16817168647878755,94.22110552763652,-116.71150294480563,155.03571126798397,False,user_peak_current_limit;efficiency_target
12000.0,1,6,30.49397993866986,52.81712257876227,204.95848730044858,289.8550724637682,207.9395085066163,2.491120848394884,0.2304,0.531439114324242,0.01224,211.1924684693354,211.2047084693354,98.88612189089969,42.23849369386708,110.6861924326405,0.16777612701391306,94.22110552763652,-116.98360294169888,139.61606866231864,False,user_peak_current_limit;efficiency_target
13000.0,1,6,30.49397993866986,52.81712257876227,204.95848730044858,289.8550724637682,207.9395085066163,2.6987142524277914,0.2496,0.5757257071845955,0.01326,211.46354846622867,211.47680846622868,98.8847028604238,42.29270969324573,110.75125163189489,0.1673815817026294,94.22110552763652,-117.25570293859215,126.56867876521719,False,user_peak_current_limit;efficiency_target
14000.0,1,6,30.49397993866986,52.81712257876227,204.95848730044858,289.8550724637682,207.9395085066163,2.906307656460698,0.2688,0.620012300044949,0.01428,211.73462846312196,211.74890846312198,98.8832838706739,42.346925692624396,110.81631083114927,0.16698804664972935,94.22110552763652,-117.52780293548545,115.38520171055883,False,user_peak_current_limit;efficiency_target
15000.0,1,6,30.49397993866986,52.81712257876227,204.95848730044858,289.8550724637682,207.9395085066163,3.113901060493605,0.288,0.6642988929053024,0.0153,212.00570846001523,212.02100846001522,98.88186492164827,42.401141692003044,110.88137003040366,0.16659551797992814,94.22110552763652,-117.7999029323787,105.6928549298549,False,user_peak_current_limit;efficiency_target
16000.0,1,6,30.49397993866986,52.81712257876227,204.95848730044858,289.8550724637682,207.9395085066163,3.3214944645265123,0.3072,0.7085854857656559,0.01632,212.2767884569085,212.2931084569085,98.88044601334514,42.45535769138169,110.94642922965804,0.16620399183773593,94.22110552763652,-118.07200292927197,97.21205149673898,False,user_peak_current_limit;efficiency_target
17000.0,1,6,30.49397993866986,52.81712257876227,204.95848730044858,289.8550724637682,207.9395085066163,3.529087868559419,0.32639999999999997,0.7528720786260095,0.01734,212.54786845380175,212.56520845380174,98.87902714576276,42.509573690760355,111.01148842891243,0.16581346438733185,94.22110552763652,-118.34410292616522,89.72898964398965,False,user_peak_current_limit;efficiency_target
18000.0,1,6,30.49397993866986,52.81712257876227,204.95848730044858,289.8550724637682,207.9395085066163,3.7366812725923264,0.34559999999999996,0.797158671486363,0.018359999999999998,212.818948450695,212.837308450695,98.87760831889938,42.563789690139,111.0765476281668,0.16542393181243886,94.22110552763652,-118.61620292305847,83.07737910821244,False,user_peak_current_limit;efficiency_target
19000.0,1,6,30.49397993866986,52.81712257876227,204.95848730044858,289.8550724637682,207.9395085066163,3.9442746766252332,0.36479999999999996,0.8414452643467164,0.019379999999999998,213.09002844758825,213.10940844758827,98.87618953275324,42.61800568951765,111.14160682742119,0.16503539031619885,94.22110552763652,-118.88830291995174,77.12593810251703,False,user_peak_current_limit;efficiency_target
20000.0,1,6,30.49397993866986,52.81712257876227,204.95848730044858,289.8550724637682,207.9395085066163,4.15186808065814,0.384,0.8857318572070699,0.020399999999999998,213.36110844448152,213.3815084444815,98.87477078732259,42.6722216888963,111.20666602667556,0.1646478361210501,94.22110552763652,-119.16040291684499,71.76964119739118,False,user_peak_current_limit;efficiency_target
21000.0,1,6,30.49397993866986,52.81712257876227,204.95848730044858,289.8550724637682,207.9395085066163,4.359461484691047,0.4032,0.9300184500674235,0.021419999999999998,213.63218844137478,213.6536084413748,98.87335208260569,42.72643768827495,111.27172522592994,0.16426126546860417,94.22110552763652,-119.43250291373826,66.92346780703922,False,user_peak_current_limit;efficiency_target
22000.0,1,6,30.49397993866986,52.81712257876227,204.95848730044858,289.8550724637682,207.9395085066163,4.567054888723955,0.4224,0.974305042927777,0.022439999999999998,213.90326843826804,213.92570843826803,98.87193341860076,42.78065368765361,111.33678442518433,0.1638756746195248,94.22110552763652,-119.70460291063151,62.51785563399198,False,user_peak_current_limit;efficiency_target
23000.0,1,6,30.49397993866986,52.81712257876227,204.95848730044858,289.8550724637682,207.9395085066163,4.774648292756861,0.4416,1.0185916357881304,0.023459999999999998,214.1743484351613,214.1978084351613,98.8705147953061,42.83486968703226,111.40184362443871,0.1634910598534071,94.22110552763652,-119.97670290752478,58.4953401716445,False,user_peak_current_limit;efficiency_target
24000.0,1,6,30.49397993866986,52.81712257876227,204.95848730044858,289.8550724637682,207.9395085066163,4.982241696789768,0.4608,1.062878228648484,0.02448,214.44542843205457,214.46990843205458,98.8690962127199,42.88908568641091,111.46690282369309,0.1631074174686581,94.22110552763652,-120.24880290441806,54.80803433115931,False,user_peak_current_limit;efficiency_target
25000.0,1,6,30.49397993866986,52.81712257876227,204.95848730044858,289.8550724637682,207.9395085066163,5.189835100822675,0.48,1.1071648215088374,0.0255,214.7165084289478,214.7420084289478,98.86767767084042,42.94330168578956,111.53196202294745,0.1627247437823779,94.22110552763652,-120.52090290131127,51.41571295791294,False,user_peak_current_limit;efficiency_target
26000.0,1,6,30.49397993866986,52.81712257876227,204.95848730044858,289.8550724637682,207.9395085066163,5.397428504855583,0.4992,1.151451414369191,0.02652,214.98758842584107,215.01410842584107,98.86625916966594,42.99751768516821,111.59702122220186,0.16234303513024165,94.22110552763652,-120.79300289820455,48.28433938260859,False,user_peak_current_limit;efficiency_target
27000.0,1,6,30.49397993866986,52.81712257876227,204.95848730044858,289.8550724637682,207.9395085066163,5.60502190888849,0.5184,1.1957380072295445,0.02754,215.25866842273436,215.28620842273435,98.86484070919467,43.05173368454687,111.66208042145625,0.161962287866383,94.22110552763652,-121.06510289509782,45.38491940547494,False,user_peak_current_limit;efficiency_target
28000.0,1,6,30.49397993866986,52.81712257876227,204.95848730044858,289.8550724637682,207.9395085066163,5.812615312921396,0.5376,1.240024600089898,0.02856,215.5297484196276,215.5583084196276,98.86342228942488,43.105949683925516,111.72713962071063,0.16158249836327776,94.22110552763652,-121.33720289199107,42.69260085527941,False,user_peak_current_limit;efficiency_target
29000.0,1,6,30.49397993866986,52.81712257876227,204.95848730044858,289.8550724637682,207.9395085066163,6.020208716954303,0.5568,1.2843111929502515,0.02958,215.80082841652086,215.83040841652087,98.8620039103548,43.160165683304164,111.792198819965,0.1612036630116285,94.22110552763652,-121.60930288888434,40.18595944647667,False,user_peak_current_limit;efficiency_target
30000.0,1,6,30.49397993866986,52.81712257876227,204.95848730044858,289.8550724637682,207.9395085066163,6.22780212098721,0.576,1.3285977858106048,0.0306,216.07190841341412,216.1025084134141,98.86058557198271,43.21438168268283,111.85725801921939,0.16082577822025051,94.22110552763652,-121.88140288577759,37.846427464927444,False,user_peak_current_limit;efficiency_target
31000.0,1,6,30.49397993866986,52.81712257876227,204.95848730044858,289.8550724637682,207.9395085066163,6.435395525020118,0.5952,1.3728843786709584,0.03162,216.34298841030738,216.3746084103074,98.85916727430681,43.268597682061475,111.92231721847378,0.1604488404159585,94.22110552763652,-122.15350288267086,35.657833030574956,False,user_peak_current_limit;efficiency_target
32000.0,1,6,30.49397993866986,52.81712257876227,204.95848730044858,289.8550724637682,207.9395085066163,6.642988929053025,0.6144,1.4171709715313119,0.03264,216.61406840720062,216.6467084072006,98.8577490173254,43.322813681440124,111.98737641772814,0.16007284604345345,94.22110552763652,-122.42560287956408,33.606025748369476,False,user_peak_current_limit;efficiency_target
33000.0,1,6,30.49397993866986,52.81712257876227,204.95848730044858,289.8550724637682,207.9395085066163,6.8505823330859315,0.6335999999999999,1.4614575643916654,0.03366,216.8851484040939,216.9188084040939,98.8563308010367,43.37702968081879,112.05243561698255,0.15969779156521102,94.22110552763652,-122.69770287645738,31.67857042266132,False,user_peak_current_limit;efficiency_target
34000.0,1,6,30.49397993866986,52.81712257876227,204.95848730044858,289.8550724637682,207.9395085066163,7.058175737118838,0.6527999999999999,1.505744157252019,0.03468,217.15622840098717,217.19090840098718,98.85491262543897,43.431245680197435,112.11749481623693,0.15932367346137108,94.22110552763652,-122.96980287335066,29.864494821994814,False,user_peak_current_limit;efficiency_target
35000.0,1,6,30.49397993866986,52.81712257876227,204.95848730044858,289.8550724637682,207.9395085066163,7.265769141151745,0.6719999999999999,1.5500307501123725,0.0357,217.4273083978804,217.4630083978804,98.85349449053045,43.48546167957608,112.18255401549129,0.1589504882296269,94.22110552763652,-123.24190287024388,28.15408068422353,False,user_peak_current_limit;efficiency_target
36000.0,1,6,30.49397993866986,52.81712257876227,204.95848730044858,289.8550724637682,207.9395085066163,7.473362545184653,0.6911999999999999,1.594317342972726,0.036719999999999996,217.69838839477367,217.73510839477368,98.8520763963094,43.53967767895473,112.24761321474568,0.15857823238511615,94.22110552763652,-123.51400286713715,26.538689554106213,False,user_peak_current_limit;efficiency_target
37000.0,1,6,30.49397993866986,52.81712257876227,204.95848730044858,289.8550724637682,207.9395085066163,7.68095594921756,0.7103999999999999,1.6386039358330795,0.037739999999999996,217.96946839166694,218.00720839166695,98.85065834277404,43.59389367833338,112.31267241400006,0.15820690246031255,94.22110552763652,-123.78610286403043,25.01061686345469,False,user_peak_current_limit;efficiency_target
38000.0,1,6,30.49397993866986,52.81712257876227,204.95848730044858,289.8550724637682,207.9395085066163,7.8885493532504665,0.7295999999999999,1.6828905286934328,0.038759999999999996,218.2405483885602,218.2793083885602,98.84924032992267,43.64810967771204,112.37773161325445,0.15783649500491811,94.22110552763652,-124.05820286092367,23.562969051258516,False,user_peak_current_limit;efficiency_target
39000.0,1,6,30.49397993866986,52.81712257876227,204.95848730044858,289.8550724637682,207.9395085066163,8.096142757283374,0.7488,1.7271771215537863,0.039779999999999996,218.51162838545346,218.55140838545347,98.84782235775349,43.70232567709069,112.44279081250883,0.15746700658575621,94.22110552763652,-124.33030285781695,22.189559588405732,False,user_peak_current_limit;efficiency_target
40000.0,1,6,30.49397993866986,52.81712257876227,204.95848730044858,289.8550724637682,207.9395085066163,8.30373616131628,0.768,1.7714637144141399,0.040799999999999996,218.78270838234673,218.82350838234672,98.84640442626477,43.75654167646934,112.50785001176321,0.15709843378666558,94.22110552763652,-124.60240285471019,20.88482059869559,False,user_peak_current_limit;efficiency_target
41000.0,1,6,30.49397993866986,52.81712257876227,204.95848730044858,289.8550724637682,207.9395085066163,8.511329565349188,0.7872,1.8157503072744934,0.041819999999999996,219.05378837924002,219.09560837924002,98.84498653545475,43.810757675848,112.5729092110176,0.15673077320839493,94.22110552763652,-124.8745028516035,19.643727413361553,False,user_peak_current_limit;efficiency_target
42000.0,1,6,30.49397993866986,52.81712257876227,204.95848730044858,289.8550724637682,207.9395085066163,8.718922969382094,0.8064,1.860036900134847,0.042839999999999996,219.32486837613325,219.36770837613327,98.84356868532171,43.86497367522665,112.63796841027198,0.15636402146849868,94.22110552763652,-125.14660284849674,18.461733903519608,False,user_peak_current_limit;efficiency_target
43000.0,1,6,30.49397993866986,52.81712257876227,204.95848730044858,289.8550724637682,207.9395085066163,8.926516373415001,0.8256,1.9043234929952004,0.043859999999999996,219.59594837302652,219.6398083730265,98.84215087586387,43.9191896746053,112.70302760952637,0.15599817520123294,94.22110552763652,-125.41870284538999,17.3347168359959,False,user_peak_current_limit;efficiency_target
44000.0,1,6,30.49397993866986,52.81712257876227,204.95848730044858,289.8550724637682,207.9395085066163,9.13410977744791,0.8448,1.948610085855554,0.044879999999999996,219.86702836991978,219.9119083699198,98.84073310707949,43.973405673983955,112.76808680878075,0.1556332310574527,94.22110552763652,-125.69080284228326,16.258927816995993,False,user_peak_current_limit;efficiency_target
45000.0,1,6,30.49397993866986,52.81712257876227,204.95848730044858,289.8550724637682,207.9395085066163,9.341703181480815,0.864,1.9928966787159075,0.045899999999999996,220.13810836681304,220.18400836681303,98.8393153789668,44.02762167336261,112.83314600803513,0.15526918570450968,94.22110552763652,-125.96290283917651,15.230951643284966,False,user_peak_current_limit;efficiency_target
46000.0,1,6,30.49397993866986,52.81712257876227,204.95848730044858,289.8550724637682,207.9395085066163,9.549296585513723,0.8832,2.037183271576261,0.046919999999999996,220.40918836370628,220.45610836370628,98.83789769152408,44.08183767274126,112.8982052072895,0.15490603582615087,94.22110552763652,-126.23500283606975,14.247670085822252,False,user_peak_current_limit;efficiency_target
47000.0,1,6,30.49397993866986,52.81712257876227,204.95848730044858,289.8550724637682,207.9395085066163,9.75688998954663,0.9024,2.0814698644366145,0.047939999999999997,220.68026836059957,220.72820836059958,98.83648004474955,44.136053672119914,112.9632644065439,0.15454377812241754,94.22110552763652,-126.50710283296306,13.306230296762205,False,user_peak_current_limit;efficiency_target
48000.0,1,6,30.49397993866986,52.81712257876227,204.95848730044858,289.8550724637682,207.9395085066163,9.964483393579536,0.9216,2.125756457296968,0.04896,220.95134835749283,221.00030835749283,98.8350624386415,44.19026967149856,113.02832360579828,0.15418240930954583,94.22110552763652,-126.7792028298563,12.404017165579656,False,user_peak_current_limit;efficiency_target
49000.0,1,6,30.49397993866986,52.81712257876227,204.95848730044858,289.8550724637682,207.9395085066163,10.172076797612444,0.9408,2.1700430501573216,0.04998,221.22242835438607,221.27240835438607,98.83364487319814,44.24448567087722,113.09338280505267,0.15382192611986703,94.22110552763652,-127.05130282674955,11.538629060159664,False,user_peak_current_limit;efficiency_target
50000.0,1,6,30.49397993866986,52.81712257876227,204.95848730044858,289.8550724637682,207.9395085066163,10.37967020164535,0.96,2.214329643017675,0.051,221.49350835127933,221.54450835127932,98.83222734841776,44.298701670255866,113.15844200430703,0.15346232530170933,94.22110552763652,-127.3234028236428,10.70785647895647,False,user_peak_current_limit;efficiency_target
51000.0,1,6,30.49397993866986,52.81712257876227,204.95848730044858,289.8550724637682,207.9395085066163,10.587263605678258,0.9792,2.258616235878028,0.05202,221.7645883481726,221.8166083481726,98.83080986429856,44.352917669634515,113.22350120356141,0.15310360361929995,94.22110552763652,-127.59550282053607,9.909663214663208,False,user_peak_current_limit;efficiency_target
52000.0,1,6,30.49397993866986,52.81712257876227,204.95848730044858,289.8550724637682,207.9395085066163,10.794857009711166,0.9984,2.302902828738382,0.05304,222.03566834506586,222.08870834506587,98.82939242083884,44.40713366901317,113.2885604028158,0.15274575785266825,94.22110552763652,-127.86760281742934,9.142169691304296,False,user_peak_current_limit;efficiency_target
53000.0,1,6,30.49397993866986,52.81712257876227,204.95848730044858,289.8550724637682,207.9395085066163,11.002450413744072,1.0176,2.3471894215987352,0.05406,222.3067483419591,222.36080834195909,98.82797501803681,44.46134966839181,113.35361960207018,0.15238878479754922,94.22110552763652,-128.13970281432256,8.403638187694787,False,user_peak_current_limit;efficiency_target
54000.0,1,6,30.49397993866986,52.81712257876227,204.95848730044858,289.8550724637682,207.9395085066163,11.21004381777698,1.0368,2.391476014459089,0.05508,222.57782833885238,222.6329083388524,98.82655765589077,44.515565667770474,113.41867880132457,0.1520326812652877,94.22110552763652,-128.41180281121586,7.692459702737471,False,user_peak_current_limit;efficiency_target
55000.0,1,6,30.49397993866986,52.81712257876227,204.95848730044858,289.8550724637682,207.9395085066163,11.417637221809885,1.056,2.4357626073194423,0.0561,222.84890833574565,222.90500833574563,98.82514033439891,44.56978166714913,113.48373800057895,0.15167744408274403,94.22110552763652,-128.6839028081091,7.007142253596794,False,user_peak_current_limit;efficiency_target
56000.0,1,6,30.49397993866986,52.81712257876227,204.95848730044858,289.8550724637682,207.9395085066163,11.625230625842793,1.0752,2.480049200179796,0.05712,223.11998833263888,223.17710833263888,98.82372305355952,44.62399766652777,113.54879719983333,0.1513230700921991,94.22110552763652,-128.95600280500236,6.346300427639707,False,user_peak_current_limit;efficiency_target
57000.0,1,6,30.49397993866986,52.81712257876227,204.95848730044858,289.8550724637682,207.9395085066163,11.8328240298757,1.0944,2.5243357930401493,0.05814,223.39106832953215,223.44920832953215,98.82230581337083,44.67821366590643,113.61385639908772,0.15096955615126104,94.22110552763652,-129.22810280189563,5.708646034172345,False,user_peak_current_limit;efficiency_target
58000.0,1,6,30.49397993866986,52.81712257876227,204.95848730044858,289.8550724637682,207.9395085066163,12.040417433908607,1.1136,2.568622385900503,0.05916,223.6621483264254,223.7213083264254,98.82088861383113,44.73242966528508,113.6789155983421,0.1506168991327726,94.22110552763652,-129.50020279878888,5.092979723238339,False,user_peak_current_limit;efficiency_target
59000.0,1,6,30.49397993866986,52.81712257876227,204.95848730044858,289.8550724637682,207.9395085066163,12.248010837941514,1.1328,2.6129089787608564,0.06018,223.93322832331867,223.99340832331868,98.81947145493862,44.78664566466373,113.74397479759648,0.1502650959247186,94.22110552763652,-129.77230279568215,4.498183456742774,False,user_peak_current_limit;efficiency_target
60000.0,1,6,30.49397993866986,52.81712257876227,204.95848730044858,289.8550724637682,207.9395085066163,12.45560424197442,1.152,2.6571955716212097,0.0612,224.2043083202119,224.26550832021192,98.8180543366916,44.84086166404238,113.80903399685086,0.14991414343013448,94.22110552763652,-130.0444027925754,3.923213732463724,False,user_peak_current_limit;efficiency_target
61000.0,1,6,30.49397993866986,52.81712257876227,204.95848730044858,289.8550724637682,207.9395085066163,12.663197646007328,1.1712,2.7014821644815634,0.06222,224.4753883171052,224.5376083171052,98.81663725908828,44.89507766342104,113.87409319610524,0.14956403856701536,94.22110552763652,-130.31650278946867,3.367095474554487,False,user_peak_current_limit;efficiency_target
62000.0,1,6,30.49397993866986,52.81712257876227,204.95848730044858,289.8550724637682,207.9395085066163,12.870791050040236,1.1904,2.7457687573419167,0.06324,224.74646831399846,224.80970831399847,98.81522022212694,44.94929366279969,113.93915239535963,0.1492147782682263,94.22110552763652,-130.58860278636195,2.828916515287479,False,user_peak_current_limit;efficiency_target
63000.0,1,6,30.49397993866986,52.81712257876227,204.95848730044858,289.8550724637682,207.9395085066163,13.078384454073142,1.2096,2.7900553502022705,0.06426,225.0175483108917,225.0818083108917,98.8138032258058,45.00350966217834,114.004211594614,0.1488663594814119,94.22110552763652,-130.86070278325516,2.307822602346407,False,user_peak_current_limit;efficiency_target
64000.0,1,6,30.49397993866986,52.81712257876227,204.95848730044858,289.8550724637682,207.9395085066163,13.28597785810605,1.2288,2.8343419430626238,0.06528,225.28862830778496,225.35390830778496,98.81238627012316,45.05772566155699,114.06927079386838,0.148518779168908,94.22110552763652,-131.13280278014844,1.8030128741847407,False,user_peak_current_limit;efficiency_target
65000.0,1,6,30.49397993866986,52.81712257876227,204.95848730044858,289.8550724637682,207.9395085066163,13.493571262138955,1.248,2.8786285359229775,0.0663,225.55970830467822,225.62600830467824,98.81096935507722,45.11194166093565,114.13432999312278,0.1481720343076533,94.22110552763652,-131.4049027770417,1.313735753043441,False,user_peak_current_limit;efficiency_target
66000.0,1,6,30.49397993866986,52.81712257876227,204.95848730044858,289.8550724637682,207.9395085066163,13.701164666171863,1.2671999999999999,2.922915128783331,0.06732,225.83078830157152,225.8981083015715,98.80955248066627,45.166157660314305,114.19938919237717,0.1478261218891015,94.22110552763652,-131.677002773935,0.8392852113306605,False,user_peak_current_limit;efficiency_target
67000.0,1,6,30.49397993866986,52.81712257876227,204.95848730044858,289.8550724637682,207.9395085066163,13.90875807020477,1.2864,2.9672017216436846,0.06834,226.10186829846475,226.17020829846476,98.80813564688856,45.220373659692946,114.26444839163153,0.14748103891913464,94.22110552763652,-131.94910277082823,0.3789973723555764,False,user_peak_current_limit;efficiency_target
68000.0,1,6,30.49397993866986,52.81712257876227,204.95848730044858,289.8550724637682,207.9395085066163,14.116351474237677,1.3055999999999999,3.011488314504038,0.06936,226.37294829535804,226.44230829535803,98.8067188537423,45.2745896590716,114.32950759088592,0.14713678241797623,94.22110552763652,-132.2212027677215,-0.06775258900259229,False,user_peak_current_limit;efficiency_target;SVM_minimum_pulse_deadtime
69000.0,1,6,30.49397993866986,52.81712257876227,204.95848730044858,289.8550724637682,207.9395085066163,14.323944878270584,1.3248,3.055774907364391,0.07038,226.6440282922513,226.7144082922513,98.80530210122579,45.328805658450264,114.39456679014032,0.14679334942010594,94.22110552763652,-132.49330276461478,-0.5015532761185,False,user_peak_current_limit;efficiency_target;SVM_minimum_pulse_deadtime
70000.0,1,6,30.49397993866986,52.81712257876227,204.95848730044858,289.8550724637682,207.9395085066163,14.53153828230349,1.3439999999999999,3.100061500224745,0.0714,226.91510828914454,226.98650828914455,98.80388538933725,45.383021657828905,114.4596259893947,0.1464507369741742,94.22110552763652,-132.76540276150803,-0.9229596578882348,False,user_peak_current_limit;efficiency_target;SVM_minimum_pulse_deadtime
71000.0,1,6,30.49397993866986,52.81712257876227,204.95848730044858,289.8550724637682,207.9395085066163,14.739131686336398,1.3632,3.144348093085098,0.07242,227.1861882860378,227.2586082860378,98.80246871807496,45.43723765720756,114.52468518864907,0.14610894214291772,94.22110552763652,-133.03750275840127,-1.332495437354597,False,user_peak_current_limit;efficiency_target;SVM_minimum_pulse_deadtime
72000.0,1,6,30.49397993866986,52.81712257876227,204.95848730044858,289.8550724637682,207.9395085066163,14.946725090369306,1.3823999999999999,3.188634685945452,0.07343999999999999,227.45726828293107,227.53070828293107,98.80105208743716,45.49145365658621,114.58974438790344,0.14576796200307554,94.22110552763652,-133.30960275529455,-1.7306552229468934,False,user_peak_current_limit;efficiency_target;SVM_minimum_pulse_deadtime
73000.0,1,6,30.49397993866986,52.81712257876227,204.95848730044858,289.8550724637682,207.9395085066163,15.154318494402212,1.4016,3.2329212788058053,0.07446,227.72834827982433,227.80280827982432,98.7996354974221,45.545669655964865,114.65480358715784,0.14542779364530567,94.22110552763652,-133.5817027521878,-2.117906521262692,False,user_peak_current_limit;efficiency_target;SVM_minimum_pulse_deadtime
74000.0,1,6,30.49397993866986,52.81712257876227,204.95848730044858,289.8550724637682,207.9395085066163,15.36191189843512,1.4207999999999998,3.277207871666159,0.07547999999999999,227.99942827671757,228.07490827671757,98.79821894802802,45.59988565534351,114.71986278641222,0.1450884341741025,94.22110552763652,-133.85380274908104,-2.494691568272655,False,user_peak_current_limit;efficiency_target;SVM_minimum_pulse_deadtime
75000.0,1,6,30.49397993866986,52.81712257876227,204.95848730044858,289.8550724637682,207.9395085066163,15.569505302468025,1.44,3.3214944645265123,0.0765,228.27050827361086,228.34700827361087,98.79680243925321,45.65410165472217,114.78492198566661,0.1447498807077143,94.22110552763652,-134.12590274597434,-2.861429014029019,False,user_peak_current_limit;efficiency_target;SVM_minimum_pulse_deadtime
76000.0,1,6,30.49397993866986,52.81712257876227,204.95848730044858,289.8550724637682,207.9395085066163,15.777098706500933,1.4591999999999998,3.3657810573868656,0.07751999999999999,228.54158827050412,228.6191082705041,98.79538597109588,45.70831765410082,114.84998118492098,0.14441213037806214,94.22110552763652,-134.3980027428676,-3.218515474370742,False,user_peak_current_limit;efficiency_target;SVM_minimum_pulse_deadtime
77000.0,1,6,30.49397993866986,52.81712257876227,204.95848730044858,289.8550724637682,207.9395085066163,15.98469211053384,1.4784,3.4100676502472194,0.07854,228.81266826739736,228.89120826739736,98.79396954355433,45.76253365347947,114.91504038417537,0.1440751803306583,94.22110552763652,-134.67010273976084,-3.5663269617165776,False,user_peak_current_limit;efficiency_target;SVM_minimum_pulse_deadtime
78000.0,1,6,30.49397993866986,52.81712257876227,204.95848730044858,289.8550724637682,207.9395085066163,16.19228551456675,1.4976,3.4543542431075727,0.07955999999999999,229.08374826429062,229.1633082642906,98.79255315662675,45.81674965285812,114.98009958342975,0.1437390277245265,94.22110552763652,-134.94220273665408,-3.905220205797135,False,user_peak_current_limit;efficiency_target;SVM_minimum_pulse_deadtime
79000.0,1,6,30.49397993866986,52.81712257876227,204.95848730044858,289.8550724637682,207.9395085066163,16.399878918599654,1.5168,3.4986408359679264,0.08058,229.35482826118388,229.43540826118388,98.79113681031146,45.87096565223678,115.04515878268413,0.14340366973212149,94.22110552763652,-135.21430273354736,-4.2355338740781825,False,user_peak_current_limit;efficiency_target;SVM_minimum_pulse_deadtime
80000.0,1,6,30.49397993866986,52.81712257876227,204.95848730044858,289.8550724637682,207.9395085066163,16.60747232263256,1.536,3.5429274288282797,0.08159999999999999,229.62590825807715,229.70750825807716,98.78972050460666,45.925181651615425,115.11021798193852,0.1430691035392502,94.22110552763652,-135.48640273044063,-4.557589700652206,False,user_peak_current_limit;efficiency_target;SVM_minimum_pulse_deadtime
81000.0,1,6,30.49397993866986,52.81712257876227,204.95848730044858,289.8550724637682,207.9395085066163,16.81506572666547,1.5552,3.5872140216886335,0.08262,229.8969882549704,229.9796082549704,98.78830423951065,45.97939765099408,115.1752771811929,0.14273532634499267,94.22110552763652,-135.75850272733388,-4.871693531508351,False,user_peak_current_limit;efficiency_target;SVM_minimum_pulse_deadtime
82000.0,1,6,30.49397993866986,52.81712257876227,204.95848730044858,289.8550724637682,207.9395085066163,17.022659130698376,1.5744,3.6315006145489868,0.08363999999999999,230.16806825186367,230.25170825186368,98.78688801502163,46.033613650372736,115.24033638044727,0.14240233536162417,94.22110552763652,-136.03060272422715,-5.178136293319223,False,user_peak_current_limit;efficiency_target;SVM_minimum_pulse_deadtime
83000.0,1,6,30.49397993866986,52.81712257876227,204.95848730044858,289.8550724637682,207.9395085066163,17.23025253473128,1.5936,3.6757872074093405,0.08466,230.43914824875694,230.52380824875695,98.78547183113791,46.087829649751384,115.30539557970167,0.1420701278145374,94.22110552763652,-136.30270272112043,-5.4771948921948965,False,user_peak_current_limit;efficiency_target;SVM_minimum_pulse_deadtime
84000.0,1,6,30.49397993866986,52.81712257876227,204.95848730044858,289.8550724637682,207.9395085066163,17.437845938764188,1.6128,3.720073800269694,0.08567999999999999,230.71022824565017,230.79590824565017,98.7840556878577,46.14204564913003,115.37045477895603,0.14173870094216562,94.22110552763652,-136.57480271801364,-5.769133048240197,False,user_peak_current_limit;efficiency_target;SVM_minimum_pulse_deadtime
85000.0,1,6,30.49397993866986,52.81712257876227,204.95848730044858,289.8550724637682,207.9395085066163,17.645439342797097,1.632,3.764360393130047,0.0867,230.98130824254343,231.06800824254344,98.7826395851793,46.19626164850869,115.43551397821042,0.14140805199590575,94.22110552763652,-136.84690271490692,-6.054202071202076,False,user_peak_current_limit;efficiency_target;SVM_minimum_pulse_deadtime
86000.0,1,6,30.49397993866986,52.81712257876227,204.95848730044858,289.8550724637682,207.9395085066163,17.853032746830003,1.6512,3.808646985990401,0.08771999999999999,231.2523882394367,231.3401082394367,98.78122352310089,46.25047764788734,115.50057317746482,0.14107817824004296,94.22110552763652,-137.11900271180016,-6.332641582002052,False,user_peak_current_limit;efficiency_target;SVM_minimum_pulse_deadtime
87000.0,1,6,30.49397993866986,52.81712257876227,204.95848730044858,289.8550724637682,207.9395085066163,18.06062615086291,1.6703999999999999,3.852933578850754,0.08874,231.52346823632996,231.61220823632996,98.77980750162081,46.30469364726599,115.56563237671918,0.14074907695167466,94.22110552763652,-137.39110270869344,-6.604680184507776,False,user_peak_current_limit;efficiency_target;SVM_minimum_pulse_deadtime
88000.0,1,6,30.49397993866986,52.81712257876227,204.95848730044858,289.8550724637682,207.9395085066163,18.26821955489582,1.6896,3.897220171711108,0.08975999999999999,231.79454823322322,231.88430823322324,98.77839152073724,46.35890964664464,115.63069157597357,0.14042074542063593,94.22110552763652,-137.6632027055867,-6.870536091502005,False,user_peak_current_limit;efficiency_target;SVM_minimum_pulse_deadtime
89000.0,1,6,30.49397993866986,52.81712257876227,204.95848730044858,289.8550724637682,207.9395085066163,18.475812958928724,1.7087999999999999,3.941506764571461,0.09078,232.0656282301165,232.15640823011648,98.7769755804485,46.413125646023296,115.69575077522796,0.14009318094942497,94.22110552763652,-137.93530270247996,-7.130417708451421,False,user_peak_current_limit;efficiency_target;SVM_minimum_pulse_deadtime
90000.0,1,6,30.49397993866986,52.81712257876227,204.95848730044858,289.8550724637682,207.9395085066163,18.68340636296163,1.728,3.985793357431815,0.09179999999999999,232.33670822700975,232.42850822700976,98.77555968075278,46.46734164540195,115.76080997448233,0.13976638085312937,94.22110552763652,-138.20740269937323,-7.384524178357518,False,user_peak_current_limit;efficiency_target;SVM_minimum_pulse_deadtime
91000.0,1,6,30.49397993866986,52.81712257876227,204.95848730044858,289.8550724637682,207.9395085066163,18.89099976699454,1.7471999999999999,4.030079950292168,0.09282,232.60778822390301,232.700608223903,98.77414382164838,46.5215576447806,115.82586917373672,0.1394403424593525,94.22110552763652,-138.47950269626648,-7.633045890683259,False,user_peak_current_limit;efficiency_target;SVM_minimum_pulse_deadtime
92000.0,1,6,30.49397993866986,52.81712257876227,204.95848730044858,289.8550724637682,207.9395085066163,19.098593171027446,1.7664,4.074366543152522,0.09383999999999999,232.87886822079628,232.97270822079628,98.77272800313354,46.57577364415925,115.8909283729911,0.139115063108141,94.22110552763652,-138.75160269315975,-7.876164957088874,False,user_peak_current_limit;efficiency_target;SVM_minimum_pulse_deadtime
93000.0,1,6,30.49397993866986,52.81712257876227,204.95848730044858,289.8550724637682,207.9395085066163,19.30618657506035,1.7855999999999999,4.118653136012875,0.09486,233.14994821768954,233.24480821768955,98.77131222520651,46.62998964353791,115.95598757224548,0.13879054015191208,94.22110552763652,-139.02370269005303,-8.114055656475015,False,user_peak_current_limit;efficiency_target;SVM_minimum_pulse_deadtime
94000.0,1,6,30.49397993866986,52.81712257876227,204.95848730044858,289.8550724637682,207.9395085066163,19.51377997909326,1.8048,4.162939728873229,0.09587999999999999,233.4210282145828,233.5169082145828,98.76989648786555,46.68420564291656,116.02104677149987,0.13846677095538204,94.22110552763652,-139.29580268694627,-8.346884851618897,False,user_peak_current_limit;efficiency_target;SVM_minimum_pulse_deadtime
95000.0,1,6,30.49397993866986,52.81712257876227,204.95848730044858,289.8550724637682,207.9395085066163,19.721373383126167,1.8239999999999998,4.207226321733582,0.0969,233.69210821147607,233.78900821147607,98.76848079110893,46.73842164229521,116.08610597075425,0.1381437528954947,94.22110552763652,-139.56790268383955,-8.574812379496594,False,user_peak_current_limit;efficiency_target;SVM_minimum_pulse_deadtime
96000.0,1,6,30.49397993866986,52.81712257876227,204.95848730044858,289.8550724637682,207.9395085066163,19.928966787159073,1.8432,4.251512914593936,0.09792,233.96318820836933,234.06110820836932,98.76706513493487,46.79263764167387,116.15116517000865,0.13782148336135053,94.22110552763652,-139.8400026807328,-8.797991417210172,False,user_peak_current_limit;efficiency_target;SVM_minimum_pulse_deadtime
97000.0,1,6,30.49397993866986,52.81712257876227,204.95848730044858,289.8550724637682,207.9395085066163,20.13656019119198,1.8623999999999998,4.295799507454289,0.09894,234.2342682052626,234.3332082052626,98.76564951934166,46.84685364105252,116.21622436926302,0.13749995975413656,94.22110552763652,-140.11210267762607,-9.01656882528017,False,user_peak_current_limit;efficiency_target;SVM_minimum_pulse_deadtime
98000.0,1,6,30.49397993866986,52.81712257876227,204.95848730044858,289.8550724637682,207.9395085066163,20.34415359522489,1.8816,4.340086100314643,0.09996,234.50534820215583,234.60530820215584,98.76423394432753,46.90106964043117,116.2812835685174,0.13717917948705635,94.22110552763652,-140.38420267451932,-9.230685469920168,False,user_peak_current_limit;efficiency_target;SVM_minimum_pulse_deadtime
99000.0,1,6,30.49397993866986,52.81712257876227,204.95848730044858,289.8550724637682,207.9395085066163,20.551746999257794,1.9007999999999998,4.3843726931749964,0.10098,234.77642819904912,234.8774081990491,98.76281840989076,46.95528563980982,116.34634276777179,0.1368591399852605,94.22110552763652,-140.6563026714126,-9.440476525779559,False,user_peak_current_limit;efficiency_target;SVM_minimum_pulse_deadtime
100000.0,1,6,30.49397993866986,52.81712257876227,204.95848730044858,289.8550724637682,207.9395085066163,20.7593404032907,1.92,4.42865928603535,0.102,235.04750819594236,235.14950819594236,98.76140291602955,47.009501639188464,116.41140196702617,0.1365398386857781,94.22110552763652,-140.92840266830584,-9.646071760521766,False,user_peak_current_limit;efficiency_target;SVM_minimum_pulse_deadtime
10000.0,2,12,30.49397993866986,52.81712257876227,204.95848730044858,144.9275362318841,103.96975425330815,2.07593404032907,0.384,0.44286592860353496,0.020399999999999998,106.87255422224077,106.89295422224076,99.43313591225375,10.687255422224075,78.16833421778092,0.5382010528618314,94.22110552763652,-12.671848694604236,173.53928239478236,False,user_peak_current_limit;efficiency_target
11000.0,2,12,30.49397993866986,52.81712257876227,204.95848730044858,144.9275362318841,103.96975425330815,2.2835274443619773,0.4224,0.4871525214638885,0.022439999999999998,107.16283421913401,107.18527421913402,99.43159452134316,10.7162834219134,78.21768181725278,0.5365535731080374,94.22110552763652,-12.964168691497491,155.03571126798397,False,user_peak_current_limit;efficiency_target
12000.0,2,12,30.49397993866986,52.81712257876227,204.95848730044858,144.9275362318841,103.96975425330815,2.491120848394884,0.4608,0.531439114324242,0.02448,107.45311421602729,107.47759421602728,99.43005317822045,10.745311421602729,78.26702941672464,0.534914994546569,94.22110552763652,-13.25648868839076,139.61606866231864,False,user_peak_current_limit;efficiency_target
13000.0,2,12,30.49397993866986,52.81712257876227,204.95848730044858,144.9275362318841,103.96975425330815,2.6987142524277914,0.4992,0.5757257071845955,0.02652,107.74339421292053,107.76991421292054,99.42851188288337,10.774339421292053,78.3163770161965,0.5332852452332083,94.22110552763652,-13.548808685284015,126.56867876521719,False,user_peak_current_limit;efficiency_target
14000.0,2,12,30.49397993866986,52.81712257876227,204.95848730044858,144.9275362318841,103.96975425330815,2.906307656460698,0.5376,0.620012300044949,0.02856,108.0336742098138,108.0622342098138,99.42697063532974,10.80336742098138,78.36572461566834,0.5316642539969764,94.22110552763652,-13.84112868217727,115.38520171055883,False,user_peak_current_limit;efficiency_target
15000.0,2,12,30.49397993866986,52.81712257876227,204.95848730044858,144.9275362318841,103.96975425330815,3.113901060493605,0.576,0.6642988929053024,0.0306,108.32395420670706,108.35455420670706,99.42542943555732,10.832395420670705,78.4150722151402,0.5300519504297732,94.22110552763652,-14.13344867907054,105.6928549298549,False,user_peak_current_limit;efficiency_target
16000.0,2,12,30.49397993866986,52.81712257876227,204.95848730044858,144.9275362318841,103.96975425330815,3.3214944645265123,0.6144,0.7085854857656559,0.03264,108.61423420360032,108.64687420360032,99.42388828356388,10.861423420360031,78.46441981461206,0.5284482648761831,94.22110552763652,-14.425768675963795,97.21205149673898,False,user_peak_current_limit;efficiency_target
17000.0,2,12,30.49397993866986,52.81712257876227,204.95848730044858,144.9275362318841,103.96975425330815,3.529087868559419,0.6527999999999999,0.7528720786260095,0.03468,108.90451420049358,108.93919420049357,99.4223471793472,10.890451420049358,78.51376741408392,0.5268531284234442,94.22110552763652,-14.71808867285705,89.72898964398965,False,user_peak_current_limit;efficiency_target
18000.0,2,12,30.49397993866986,52.81712257876227,204.95848730044858,144.9275362318841,103.96975425330815,3.7366812725923264,0.6911999999999999,0.797158671486363,0.036719999999999996,109.19479419738683,109.23151419738683,99.42080612290508,10.919479419738682,78.56311501355576,0.5252664728915761,94.22110552763652,-15.010408669750305,83.07737910821244,False,user_peak_current_limit;efficiency_target
19000.0,2,12,30.49397993866986,52.81712257876227,204.95848730044858,144.9275362318841,103.96975425330815,3.9442746766252332,0.7295999999999999,0.8414452643467164,0.038759999999999996,109.4850741942801,109.5238341942801,99.41926511423527,10.94850741942801,78.61246261302762,0.5236882308236663,94.22110552763652,-15.302728666643574,77.12593810251703,False,user_peak_current_limit;efficiency_target
20000.0,2,12,30.49397993866986,52.81712257876227,204.95848730044858,144.9275362318841,103.96975425330815,4.15186808065814,0.768,0.8857318572070699,0.040799999999999996,109.77535419117336,109.81615419117337,99.41772415333557,10.977535419117336,78.66181021249947,0.5221183354763105,94.22110552763652,-15.595048663536843,71.76964119739118,False,user_peak_current_limit;efficiency_target
21000.0,2,12,30.49397993866986,52.81712257876227,204.95848730044858,144.9275362318841,103.96975425330815,4.359461484691047,0.8064,0.9300184500674235,0.042839999999999996,110.06563418806662,110.10847418806662,99.41618324020374,11.006563418806662,78.71115781197133,0.5205567208102031,94.22110552763652,-15.887368660430099,66.92346780703922,False,user_peak_current_limit;efficiency_target
22000.0,2,12,30.49397993866986,52.81712257876227,204.95848730044858,144.9275362318841,103.96975425330815,4.567054888723955,0.8448,0.974305042927777,0.044879999999999996,110.3559141849599,110.4007941849599,99.41464237483756,11.035591418495988,78.76050541144318,0.5190033214808769,94.22110552763652,-16.179688657323382,62.51785563399198,False,user_peak_current_limit;efficiency_target
23000.0,2,12,30.49397993866986,52.81712257876227,204.95848730044858,144.9275362318841,103.96975425330815,4.774648292756861,0.8832,1.0185916357881304,0.046919999999999996,110.64619418185315,110.69311418185315,99.41310155723482,11.064619418185314,78.80985301091503,0.5174580728295897,94.22110552763652,-16.472008654216623,58.4953401716445,False,user_peak_current_limit;efficiency_target
24000.0,2,12,30.49397993866986,52.81712257876227,204.95848730044858,144.9275362318841,103.96975425330815,4.982241696789768,0.9216,1.062878228648484,0.04896,110.93647417874641,110.9854341787464,99.4115607873933,11.09364741787464,78.85920061038689,0.5159209108743509,94.22110552763652,-16.764328651109878,54.80803433115931,False,user_peak_current_limit;efficiency_target
25000.0,2,12,30.49397993866986,52.81712257876227,204.95848730044858,144.9275362318841,103.96975425330815,5.189835100822675,0.96,1.1071648215088374,0.051,111.22675417563966,111.27775417563966,99.41002006531076,11.122675417563965,78.90854820985874,0.5143917723010926,94.22110552763652,-17.056648648003133,51.41571295791294,False,user_peak_current_limit;efficiency_target
26000.0,2,12,30.49397993866986,52.81712257876227,204.95848730044858,144.9275362318841,103.96975425330815,5.397428504855583,0.9984,1.151451414369191,0.05304,111.51703417253293,111.57007417253293,99.40847939098501,11.151703417253293,78.9578958093306,0.5128705944549747,94.22110552763652,-17.348968644896402,48.28433938260859,False,user_peak_current_limit;efficiency_target
27000.0,2,12,30.49397993866986,52.81712257876227,204.95848730044858,144.9275362318841,103.96975425330815,5.60502190888849,1.0368,1.1957380072295445,0.05508,111.80731416942619,111.8623941694262,99.40693876441381,11.180731416942619,79.00724340880245,0.5113573153318293,94.22110552763652,-17.64128864178967,45.38491940547494,False,user_peak_current_limit;efficiency_target
28000.0,2,12,30.49397993866986,52.81712257876227,204.95848730044858,144.9275362318841,103.96975425330815,5.812615312921396,1.0752,1.240024600089898,0.05712,112.09759416631944,112.15471416631944,99.40539818559496,11.209759416631943,79.0565910082743,0.5098518735697339,94.22110552763652,-17.933608638682912,42.69260085527941,False,user_peak_current_limit;efficiency_target
29000.0,2,12,30.49397993866986,52.81712257876227,204.95848730044858,144.9275362318841,103.96975425330815,6.020208716954303,1.1136,1.2843111929502515,0.05916,112.38787416321271,112.44703416321272,99.4038576545262,11.238787416321271,79.10593860774617,0.5083542084407188,94.22110552763652,-18.225928635576196,40.18595944647667,False,user_peak_current_limit;efficiency_target
30000.0,2,12,30.49397993866986,52.81712257876227,204.95848730044858,144.9275362318841,103.96975425330815,6.22780212098721,1.152,1.3285977858106048,0.0612,112.67815416010596,112.73935416010596,99.40231717120535,11.267815416010595,79.15528620721801,0.5068642598426009,94.22110552763652,-18.518248632469437,37.846427464927444,False,user_peak_current_limit;efficiency_target
31000.0,2,12,30.49397993866986,52.81712257876227,204.95848730044858,144.9275362318841,103.96975425330815,6.435395525020118,1.1904,1.3728843786709584,0.06324,112.96843415699922,113.03167415699922,99.40077673563017,11.296843415699922,79.20463380668987,0.505381968290943,94.22110552763652,-18.81056862936269,35.657833030574956,False,user_peak_current_limit;efficiency_target
32000.0,2,12,30.49397993866986,52.81712257876227,204.95848730044858,144.9275362318841,103.96975425330815,6.642988929053025,1.2288,1.4171709715313119,0.06528,113.25871415389248,113.32399415389249,99.39923634779844,11.32587141538925,79.25398140616171,0.5039072749111383,94.22110552763652,-19.10288862625596,33.606025748369476,False,user_peak_current_limit;efficiency_target
33000.0,2,12,30.49397993866986,52.81712257876227,204.95848730044858,144.9275362318841,103.96975425330815,6.8505823330859315,1.2671999999999999,1.4614575643916654,0.06732,113.54899415078576,113.61631415078575,99.39769600770795,11.354899415078576,79.30332900563359,0.5024401214306151,94.22110552763652,-19.39520862314923,31.67857042266132,False,user_peak_current_limit;efficiency_target
34000.0,2,12,30.49397993866986,52.81712257876227,204.95848730044858,144.9275362318841,103.96975425330815,7.058175737118838,1.3055999999999999,1.505744157252019,0.06936,113.83927414767902,113.90863414767902,99.39615571535646,11.383927414767902,79.35267660510543,0.5009804501711612,94.22110552763652,-19.6875286200425,29.864494821994814,False,user_peak_current_limit;efficiency_target
35000.0,2,12,30.49397993866986,52.81712257876227,204.95848730044858,144.9275362318841,103.96975425330815,7.265769141151745,1.3439999999999999,1.5500307501123725,0.0714,114.12955414457227,114.20095414457226,99.39461547074178,11.412955414457228,79.40202420457729,0.4995282040413653,94.22110552763652,-19.97984861693574,28.15408068422353,False,user_peak_current_limit;efficiency_target
36000.0,2,12,30.49397993866986,52.81712257876227,204.95848730044858,144.9275362318841,103.96975425330815,7.473362545184653,1.3823999999999999,1.594317342972726,0.07343999999999999,114.41983414146554,114.49327414146555,99.39307527386167,11.441983414146554,79.45137180404915,0.4980833265291731,94.22110552763652,-20.272168613829024,26.538689554106213,False,user_peak_current_limit;efficiency_target
37000.0,2,12,30.49397993866986,52.81712257876227,204.95848730044858,144.9275362318841,103.96975425330815,7.68095594921756,1.4207999999999998,1.6386039358330795,0.07547999999999999,114.71011413835879,114.78559413835879,99.39153512471393,11.471011413835878,79.500719403521,0.496645761694558,94.22110552763652,-20.564488610722265,25.01061686345469,False,user_peak_current_limit;efficiency_target
38000.0,2,12,30.49397993866986,52.81712257876227,204.95848730044858,144.9275362318841,103.96975425330815,7.8885493532504665,1.4591999999999998,1.6828905286934328,0.07751999999999999,115.00039413525205,115.07791413525206,99.38999502329632,11.500039413525206,79.55006700299285,0.49521545416230006,94.22110552763652,-20.856808607615534,23.562969051258516,False,user_peak_current_limit;efficiency_target
39000.0,2,12,30.49397993866986,52.81712257876227,204.95848730044858,144.9275362318841,103.96975425330815,8.096142757283374,1.4976,1.7271771215537863,0.07955999999999999,115.29067413214531,115.37023413214531,99.38845496960664,11.52906741321453,79.5994146024647,0.4937923491148771,94.22110552763652,-21.14912860450879,22.189559588405732,False,user_peak_current_limit;efficiency_target
40000.0,2,12,30.49397993866986,52.81712257876227,204.95848730044858,144.9275362318841,103.96975425330815,8.30373616131628,1.536,1.7714637144141399,0.08159999999999999,115.58095412903857,115.66255412903857,99.38691496364265,11.558095412903857,79.64876220193655,0.49237639228546043,94.22110552763652,-21.441448601402044,20.88482059869559,False,user_peak_current_limit;efficiency_target
41000.0,2,12,30.49397993866986,52.81712257876227,204.95848730044858,144.9275362318841,103.96975425330815,8.511329565349188,1.5744,1.8157503072744934,0.08363999999999999,115.87123412593184,115.95487412593184,99.38537500540214,11.587123412593185,79.69810980140842,0.4909675299510173,94.22110552763652,-21.733768598295313,19.643727413361553,False,user_peak_current_limit;efficiency_target
42000.0,2,12,30.49397993866986,52.81712257876227,204.95848730044858,144.9275362318841,103.96975425330815,8.718922969382094,1.6128,1.860036900134847,0.08567999999999999,116.16151412282508,116.24719412282508,99.3838350948829,11.616151412282509,79.74745740088026,0.4895657089255164,94.22110552763652,-22.026088595188554,18.461733903519608,False,user_peak_current_limit;efficiency_target
43000.0,2,12,30.49397993866986,52.81712257876227,204.95848730044858,144.9275362318841,103.96975425330815,8.926516373415001,1.6512,1.9043234929952004,0.08771999999999999,116.45179411971836,116.53951411971836,99.3822952320827,11.645179411971835,79.79680500035212,0.48817087655323455,94.22110552763652,-22.318408592081838,17.3347168359959,False,user_peak_current_limit;efficiency_target
44000.0,2,12,30.49397993866986,52.81712257876227,204.95848730044858,144.9275362318841,103.96975425330815,9.13410977744791,1.6896,1.948610085855554,0.08975999999999999,116.7420741166116,116.8318341166116,99.38075541699934,11.67420741166116,79.84615259982397,0.48678298070216436,94.22110552763652,-22.61072858897508,16.258927816995993,False,user_peak_current_limit;efficiency_target
45000.0,2,12,30.49397993866986,52.81712257876227,204.95848730044858,144.9275362318841,103.96975425330815,9.341703181480815,1.728,1.9928966787159075,0.09179999999999999,117.03235411350487,117.12415411350487,99.37921564963058,11.703235411350487,79.89550019929584,0.48540196975751826,94.22110552763652,-22.903048585868348,15.230951643284966,False,user_peak_current_limit;efficiency_target
46000.0,2,12,30.49397993866986,52.81712257876227,204.95848730044858,144.9275362318841,103.96975425330815,9.549296585513723,1.7664,2.037183271576261,0.09383999999999999,117.32263411039813,117.41647411039813,99.37767592997422,11.732263411039812,79.94484779876768,0.4840277926153309,94.22110552763652,-23.195368582761603,14.247670085822252,False,user_peak_current_limit;efficiency_target
47000.0,2,12,30.49397993866986,52.81712257876227,204.95848730044858,144.9275362318841,103.96975425330815,9.75688998954663,1.8048,2.0814698644366145,0.09587999999999999,117.6129141072914,117.7087941072914,99.37613625802804,11.761291410729141,79.99419539823954,0.4826603986761547,94.22110552763652,-23.487688579654872,13.306230296762205,False,user_peak_current_limit;efficiency_target
48000.0,2,12,30.49397993866986,52.81712257876227,204.95848730044858,144.9275362318841,103.96975425330815,9.964483393579536,1.8432,2.125756457296968,0.09792,117.90319410418466,118.00111410418467,99.3745966337898,11.790319410418466,80.04354299771138,0.4812997378388496,94.22110552763652,-23.78000857654814,12.404017165579656,False,user_peak_current_limit;efficiency_target
49000.0,2,12,30.49397993866986,52.81712257876227,204.95848730044858,144.9275362318841,103.96975425330815,10.172076797612444,1.8816,2.1700430501573216,0.09996,118.19347410107792,118.29343410107792,99.37305705725733,11.819347410107792,80.09289059718324,0.4799457604944637,94.22110552763652,-24.072328573441396,11.538629060159664,False,user_peak_current_limit;efficiency_target
50000.0,2,12,30.49397993866986,52.81712257876227,204.95848730044858,144.9275362318841,103.96975425330815,10.37967020164535,1.92,2.214329643017675,0.102,118.48375409797119,118.58575409797119,99.37151752842836,11.84837540979712,80.1422381966551,0.47859841752020416,94.22110552763652,-24.364648570334666,10.70785647895647,False,user_peak_current_limit;efficiency_target
51000.0,2,12,30.49397993866986,52.81712257876227,204.95848730044858,144.9275362318841,103.96975425330815,10.587263605678258,1.9584,2.258616235878028,0.10404,118.77403409486443,118.87807409486443,99.36997804730069,11.877403409486444,80.19158579612696,0.4772576602734964,94.22110552763652,-24.656968567227906,9.909663214663208,False,user_peak_current_limit;efficiency_target
52000.0,2,12,30.49397993866986,52.81712257876227,204.95848730044858,144.9275362318841,103.96975425330815,10.794857009711166,1.9968,2.302902828738382,0.10608,119.0643140917577,119.1703940917577,99.36843861387212,11.906431409175768,80.2409333955988,0.47592344058613,94.22110552763652,-24.949288564121176,9.142169691304296,False,user_peak_current_limit;efficiency_target
53000.0,2,12,30.49397993866986,52.81712257876227,204.95848730044858,144.9275362318841,103.96975425330815,11.002450413744072,2.0352,2.3471894215987352,0.10812,119.35459408865097,119.46271408865097,99.36689922814041,11.935459408865098,80.29028099507067,0.4745957107584905,94.22110552763652,-25.241608561014445,8.403638187694787,False,user_peak_current_limit;efficiency_target
54000.0,2,12,30.49397993866986,52.81712257876227,204.95848730044858,144.9275362318841,103.96975425330815,11.21004381777698,2.0736,2.391476014459089,0.11016,119.64487408554422,119.75503408554421,99.36535989010338,11.964487408554422,80.33962859454252,0.47327442355387506,94.22110552763652,-25.533928557907686,7.692459702737471,False,user_peak_current_limit;efficiency_target
55000.0,2,12,30.49397993866986,52.81712257876227,204.95848730044858,144.9275362318841,103.96975425330815,11.417637221809885,2.112,2.4357626073194423,0.1122,119.93515408243748,120.04735408243748,99.36382059975877,11.993515408243747,80.38897619401438,0.47195953219289005,94.22110552763652,-25.826248554800955,7.007142253596794,False,user_peak_current_limit;efficiency_target
56000.0,2,12,30.49397993866986,52.81712257876227,204.95848730044858,144.9275362318841,103.96975425330815,11.625230625842793,2.1504,2.480049200179796,0.11424,120.22543407933074,120.33967407933073,99.36228135710438,12.022543407933073,80.43832379348622,0.47065099034793056,94.22110552763652,-26.11856855169421,6.346300427639707,False,user_peak_current_limit;efficiency_target
57000.0,2,12,30.49397993866986,52.81712257876227,204.95848730044858,144.9275362318841,103.96975425330815,11.8328240298757,2.1888,2.5243357930401493,0.11628,120.515714076224,120.631994076224,99.36074216213802,12.0515714076224,80.48767139295808,0.4693487521377393,94.22110552763652,-26.41088854858748,5.708646034172345,False,user_peak_current_limit;efficiency_target
58000.0,2,12,30.49397993866986,52.81712257876227,204.95848730044858,144.9275362318841,103.96975425330815,12.040417433908607,2.2272,2.568622385900503,0.11832,120.80599407311725,120.92431407311724,99.35920301485743,12.080599407311725,80.53701899242994,0.46805277212204444,94.22110552763652,-26.70320854548072,5.092979723238339,False,user_peak_current_limit;efficiency_target
59000.0,2,12,30.49397993866986,52.81712257876227,204.95848730044858,144.9275362318841,103.96975425330815,12.248010837941514,2.2656,2.6129089787608564,0.12036,121.09627407001054,121.21663407001054,99.35766391526042,12.109627407001055,80.5863665919018,0.46676300529627307,94.22110552763652,-26.995528542374018,4.498183456742774,False,user_peak_current_limit;efficiency_target
60000.0,2,12,30.49397993866986,52.81712257876227,204.95848730044858,144.9275362318841,103.96975425330815,12.45560424197442,2.304,2.6571955716212097,0.1224,121.3865540669038,121.5089540669038,99.35612486334476,12.13865540669038,80.63571419137364,0.46547940708634333,94.22110552763652,-27.287848539267273,3.923213732463724,False,user_peak_current_limit;efficiency_target
61000.0,2,12,30.49397993866986,52.81712257876227,204.95848730044858,144.9275362318841,103.96975425330815,12.663197646007328,2.3424,2.7014821644815634,0.12444,121.67683406379705,121.80127406379705,99.35458585910825,12.167683406379703,80.6850617908455,0.4642019333435278,94.22110552763652,-27.580168536160528,3.367095474554487,False,user_peak_current_limit;efficiency_target
62000.0,2,12,30.49397993866986,52.81712257876227,204.95848730044858,144.9275362318841,103.96975425330815,12.870791050040236,2.3808,2.7457687573419167,0.12648,121.9671140606903,122.09359406069031,99.35304690254867,12.19671140606903,80.73440939031735,0.4629305403393925,94.22110552763652,-27.872488533053783,2.828916515287479,False,user_peak_current_limit;efficiency_target
63000.0,2,12,30.49397993866986,52.81712257876227,204.95848730044858,144.9275362318841,103.96975425330815,13.078384454073142,2.4192,2.7900553502022705,0.12852,122.25739405758357,122.38591405758356,99.35150799366379,12.225739405758357,80.78375698978921,0.46166518476080737,94.22110552763652,-28.164808529947038,2.307822602346407,False,user_peak_current_limit;efficiency_target
64000.0,2,12,30.49397993866986,52.81712257876227,204.95848730044858,144.9275362318841,103.96975425330815,13.28597785810605,2.4576,2.8343419430626238,0.13056,122.54767405447683,122.67823405447683,99.3499691324514,12.254767405447682,80.83310458926105,0.4604058237050275,94.22110552763652,-28.457128526840307,1.8030128741847407,False,user_peak_current_limit;efficiency_target
65000.0,2,12,30.49397993866986,52.81712257876227,204.95848730044858,144.9275362318841,103.96975425330815,13.493571262138955,2.496,2.8786285359229775,0.1326,122.83795405137008,122.97055405137007,99.34843031890931,12.283795405137006,80.88245218873291,0.45915241467484397,94.22110552763652,-28.749448523733548,1.313735753043441,False,user_peak_current_limit;efficiency_target
66000.0,2,12,30.49397993866986,52.81712257876227,204.95848730044858,144.9275362318841,103.96975425330815,13.701164666171863,2.5343999999999998,2.922915128783331,0.13464,123.12823404826335,123.26287404826336,99.34689155303528,12.312823404826336,80.93179978820477,0.45790491557380364,94.22110552763652,-29.04176852062683,0.8392852113306605,False,user_peak_current_limit;efficiency_target
67000.0,2,12,30.49397993866986,52.81712257876227,204.95848730044858,144.9275362318841,103.96975425330815,13.90875807020477,2.5728,2.9672017216436846,0.13668,123.41851404515661,123.55519404515661,99.34535283482712,12.34185140451566,80.98114738767663,0.4566632847014968,94.22110552763652,-29.334088517520087,0.3789973723555764,False,user_peak_current_limit;efficiency_target
68000.0,2,12,30.49397993866986,52.81712257876227,204.95848730044858,144.9275362318841,103.96975425330815,14.116351474237677,2.6111999999999997,3.011488314504038,0.13872,123.70879404204986,123.84751404204987,99.34381416428258,12.370879404204985,81.03049498714847,0.4554274807489098,94.22110552763652,-29.626408514413342,-0.06775258900259229,False,user_peak_current_limit;efficiency_target;SVM_minimum_pulse_deadtime
69000.0,2,12,30.49397993866986,52.81712257876227,204.95848730044858,144.9275362318841,103.96975425330815,14.323944878270584,2.6496,3.055774907364391,0.14076,123.99907403894314,124.13983403894314,99.34227554139946,12.399907403894314,81.07984258662034,0.454197462793844,94.22110552763652,-29.91872851130661,-0.5015532761185,False,user_peak_current_limit;efficiency_target;SVM_minimum_pulse_deadtime
70000.0,2,12,30.49397993866986,52.81712257876227,204.95848730044858,144.9275362318841,103.96975425330815,14.53153828230349,2.6879999999999997,3.100061500224745,0.1428,124.28935403583638,124.43215403583638,99.34073696617554,12.428935403583639,81.12919018609219,0.45297319029639926,94.22110552763652,-30.211048508199852,-0.9229596578882348,False,user_peak_current_limit;efficiency_target;SVM_minimum_pulse_deadtime
71000.0,2,12,30.49397993866986,52.81712257876227,204.95848730044858,144.9275362318841,103.96975425330815,14.739131686336398,2.7264,3.144348093085098,0.14484,124.57963403272964,124.72447403272965,99.33919843860862,12.457963403272963,81.17853778556405,0.45175462309451925,94.22110552763652,-30.50336850509312,-1.332495437354597,False,user_peak_current_limit;efficiency_target;SVM_minimum_pulse_deadtime
72000.0,2,12,30.49397993866986,52.81712257876227,204.95848730044858,144.9275362318841,103.96975425330815,14.946725090369306,2.7647999999999997,3.188634685945452,0.14687999999999998,124.86991402962289,125.01679402962289,99.33765995869648,12.486991402962287,81.22788538503589,0.4505417213996003,94.22110552763652,-30.795688501986362,-1.7306552229468934,False,user_peak_current_limit;efficiency_target;SVM_minimum_pulse_deadtime
73000.0,2,12,30.49397993866986,52.81712257876227,204.95848730044858,144.9275362318841,103.96975425330815,15.154318494402212,2.8032,3.2329212788058053,0.14892,125.16019402651617,125.30911402651617,99.3361215264369,12.516019402651617,81.27723298450775,0.4493344457921601,94.22110552763652,-31.088008498879645,-2.117906521262692,False,user_peak_current_limit;efficiency_target;SVM_minimum_pulse_deadtime
74000.0,2,12,30.49397993866986,52.81712257876227,204.95848730044858,144.9275362318841,103.96975425330815,15.36191189843512,2.8415999999999997,3.277207871666159,0.15095999999999998,125.45047402340944,125.60143402340944,99.33458314182766,12.545047402340943,81.3265805839796,0.44813275721756785,94.22110552763652,-31.380328495772915,-2.494691568272655,False,user_peak_current_limit;efficiency_target;SVM_minimum_pulse_deadtime
75000.0,2,12,30.49397993866986,52.81712257876227,204.95848730044858,144.9275362318841,103.96975425330815,15.569505302468025,2.88,3.3214944645265123,0.153,125.74075402030269,125.8937540203027,99.33304480486657,12.57407540203027,81.37592818345146,0.4469366169818323,94.22110552763652,-31.67264849266617,-2.861429014029019,False,user_peak_current_limit;efficiency_target;SVM_minimum_pulse_deadtime
76000.0,2,12,30.49397993866986,52.81712257876227,204.95848730044858,144.9275362318841,103.96975425330815,15.777098706500933,2.9183999999999997,3.3657810573868656,0.15503999999999998,126.03103401719596,126.18607401719596,99.33150651555142,12.603103401719595,81.42527578292331,0.4457459867474487,94.22110552763652,-31.96496848955944,-3.218515474370742,False,user_peak_current_limit;efficiency_target;SVM_minimum_pulse_deadtime
77000.0,2,12,30.49397993866986,52.81712257876227,204.95848730044858,144.9275362318841,103.96975425330815,15.98469211053384,2.9568,3.4100676502472194,0.15708,126.32131401408921,126.4783940140892,99.32996827387997,12.63213140140892,81.47462338239517,0.44456082852930306,94.22110552763652,-32.25728848645268,-3.5663269617165776,False,user_peak_current_limit;efficiency_target;SVM_minimum_pulse_deadtime
78000.0,2,12,30.49397993866986,52.81712257876227,204.95848730044858,144.9275362318841,103.96975425330815,16.19228551456675,2.9952,3.4543542431075727,0.15911999999999998,126.61159401098247,126.77071401098247,99.32843007985001,12.661159401098248,81.52397098186702,0.44338110469063213,94.22110552763652,-32.54960848334595,-3.905220205797135,False,user_peak_current_limit;efficiency_target;SVM_minimum_pulse_deadtime
79000.0,2,12,30.49397993866986,52.81712257876227,204.95848730044858,144.9275362318841,103.96975425330815,16.399878918599654,3.0336,3.4986408359679264,0.16116,126.90187400787573,127.06303400787573,99.32689193345932,12.690187400787574,81.57331858133888,0.4422067779390397,94.22110552763652,-32.841928480239204,-4.2355338740781825,False,user_peak_current_limit;efficiency_target;SVM_minimum_pulse_deadtime
80000.0,2,12,30.49397993866986,52.81712257876227,204.95848730044858,144.9275362318841,103.96975425330815,16.60747232263256,3.072,3.5429274288282797,0.16319999999999998,127.192154004769,127.355354004769,99.32535383470571,12.719215400476898,81.62266618081073,0.44103781132256686,94.22110552763652,-33.13424847713247,-4.557589700652206,False,user_peak_current_limit;efficiency_target;SVM_minimum_pulse_deadtime
81000.0,2,12,30.49397993866986,52.81712257876227,204.95848730044858,144.9275362318841,103.96975425330815,16.81506572666547,3.1104,3.5872140216886335,0.16524,127.48243400166226,127.64767400166225,99.32381578358697,12.748243400166226,81.67201378028258,0.43987416822581576,94.22110552763652,-33.42656847402573,-4.871693531508351,False,user_peak_current_limit;efficiency_target;SVM_minimum_pulse_deadtime
82000.0,2,12,30.49397993866986,52.81712257876227,204.95848730044858,144.9275362318841,103.96975425330815,17.022659130698376,3.1488,3.6315006145489868,0.16727999999999998,127.7727139985555,127.93999399855551,99.32227778010085,12.77727139985555,81.72136137975443,0.4387158123661272,94.22110552763652,-33.718888470918984,-5.178136293319223,False,user_peak_current_limit;efficiency_target;SVM_minimum_pulse_deadtime
83000.0,2,12,30.49397993866986,52.81712257876227,204.95848730044858,144.9275362318841,103.96975425330815,17.23025253473128,3.1872,3.6757872074093405,0.16932,128.06299399544878,128.23231399544878,99.32073982424518,12.806299399544876,81.7707089792263,0.4375627077898087,94.22110552763652,-34.01120846781225,-5.4771948921948965,False,user_peak_current_limit;efficiency_target;SVM_minimum_pulse_deadtime
84000.0,2,12,30.49397993866986,52.81712257876227,204.95848730044858,144.9275362318841,103.96975425330815,17.437845938764188,3.2256,3.720073800269694,0.17135999999999998,128.35327399234203,128.52463399234202,99.31920191601772,12.8353273992342,81.82005657869814,0.43641481886841554,94.22110552763652,-34.303528464705494,-5.769133048240197,False,user_peak_current_limit;efficiency_target;SVM_minimum_pulse_deadtime
85000.0,2,12,30.49397993866986,52.81712257876227,204.95848730044858,144.9275362318841,103.96975425330815,17.645439342797097,3.264,3.764360393130047,0.1734,128.6435539892353,128.8169539892353,99.31766405541626,12.86435539892353,81.86940417817,0.4352721102950802,94.22110552763652,-34.59584846159876,-6.054202071202076,False,user_peak_current_limit;efficiency_target;SVM_minimum_pulse_deadtime
86000.0,2,12,30.49397993866986,52.81712257876227,204.95848730044858,144.9275362318841,103.96975425330815,17.853032746830003,3.3024,3.808646985990401,0.17543999999999998,128.93383398612858,129.10927398612858,99.31612624243863,12.893383398612857,81.91875177764186,0.4341345470808932,94.22110552763652,-34.88816845849206,-6.332641582002052,False,user_peak_current_limit;efficiency_target;SVM_minimum_pulse_deadtime
87000.0,2,12,30.49397993866986,52.81712257876227,204.95848730044858,144.9275362318841,103.96975425330815,18.06062615086291,3.3407999999999998,3.852933578850754,0.17748,129.22411398302182,129.40159398302183,99.31458847708255,12.922411398302183,81.96809937711372,0.43300209455133165,94.22110552763652,-35.1804884553853,-6.604680184507776,False,user_peak_current_limit;efficiency_target;SVM_minimum_pulse_deadtime
88000.0,2,12,30.49397993866986,52.81712257876227,204.95848730044858,144.9275362318841,103.96975425330815,18.26821955489582,3.3792,3.897220171711108,0.17951999999999999,129.51439397991507,129.69391397991507,99.31305075934584,12.951439397991507,82.01744697658556,0.4318747183427359,94.22110552763652,-35.47280845227854,-6.870536091502005,False,user_peak_current_limit;efficiency_target;SVM_minimum_pulse_deadtime
89000.0,2,12,30.49397993866986,52.81712257876227,204.95848730044858,144.9275362318841,103.96975425330815,18.475812958928724,3.4175999999999997,3.941506764571461,0.18156,129.80467397680835,129.98623397680834,99.3115130892263,12.980467397680833,82.06679457605742,0.4307523843988336,94.22110552763652,-35.76512844917181,-7.130417708451421,False,user_peak_current_limit;efficiency_target;SVM_minimum_pulse_deadtime
90000.0,2,12,30.49397993866986,52.81712257876227,204.95848730044858,144.9275362318841,103.96975425330815,18.68340636296163,3.456,3.985793357431815,0.18359999999999999,130.0949539737016,130.2785539737016,99.3099754667217,13.009495397370157,82.11614217552926,0.42963505896731097,94.22110552763652,-36.05744844606508,-7.384524178357518,False,user_peak_current_limit;efficiency_target;SVM_minimum_pulse_deadtime
91000.0,2,12,30.49397993866986,52.81712257876227,204.95848730044858,144.9275362318841,103.96975425330815,18.89099976699454,3.4943999999999997,4.030079950292168,0.18564,130.38523397059487,130.57087397059487,99.30843789182983,13.038523397059487,82.16548977500113,0.4285227085964284,94.22110552763652,-36.34976844295835,-7.633045890683259,False,user_peak_current_limit;efficiency_target;SVM_minimum_pulse_deadtime
92000.0,2,12,30.49397993866986,52.81712257876227,204.95848730044858,144.9275362318841,103.96975425330815,19.098593171027446,3.5328,4.074366543152522,0.18767999999999999,130.67551396748811,130.86319396748812,99.30690036454848,13.067551396748811,82.21483737447298,0.4274153001316827,94.22110552763652,-36.64208843985159,-7.876164957088874,False,user_peak_current_limit;efficiency_target;SVM_minimum_pulse_deadtime
93000.0,2,12,30.49397993866986,52.81712257876227,204.95848730044858,144.9275362318841,103.96975425330815,19.30618657506035,3.5711999999999997,4.118653136012875,0.18972,130.9657939643814,131.15551396438138,99.30536288487545,13.09657939643814,82.26418497394484,0.42631280071251254,94.22110552763652,-36.93440843674486,-8.114055656475015,False,user_peak_current_limit;efficiency_target;SVM_minimum_pulse_deadtime
94000.0,2,12,30.49397993866986,52.81712257876227,204.95848730044858,144.9275362318841,103.96975425330815,19.51377997909326,3.6096,4.162939728873229,0.19175999999999999,131.25607396127464,131.44783396127463,99.30382545280851,13.125607396127464,82.3135325734167,0.42521517776904855,94.22110552763652,-37.2267284336381,-8.346884851618897,False,user_peak_current_limit;efficiency_target;SVM_minimum_pulse_deadtime
95000.0,2,12,30.49397993866986,52.81712257876227,204.95848730044858,144.9275362318841,103.96975425330815,19.721373383126167,3.6479999999999997,4.207226321733582,0.1938,131.54635395816788,131.7401539581679,99.30228806834548,13.154635395816788,82.36288017288855,0.4241223990189054,94.22110552763652,-37.51904843053137,-8.574812379496594,False,user_peak_current_limit;efficiency_target;SVM_minimum_pulse_deadtime
96000.0,2,12,30.49397993866986,52.81712257876227,204.95848730044858,144.9275362318841,103.96975425330815,19.928966787159073,3.6864,4.251512914593936,0.19584,131.83663395506116,132.03247395506116,99.30075073148413,13.183663395506114,82.4122277723604,0.4230344324640175,94.22110552763652,-37.81136842742464,-8.797991417210172,False,user_peak_current_limit;efficiency_target;SVM_minimum_pulse_deadtime
97000.0,2,12,30.49397993866986,52.81712257876227,204.95848730044858,144.9275362318841,103.96975425330815,20.13656019119198,3.7247999999999997,4.295799507454289,0.19788,132.1269139519544,132.3247939519544,99.29921344222224,13.21269139519544,82.46157537183224,0.4219512463875157,94.22110552763652,-38.10368842431788,-9.01656882528017,False,user_peak_current_limit;efficiency_target;SVM_minimum_pulse_deadtime
98000.0,2,12,30.49397993866986,52.81712257876227,204.95848730044858,144.9275362318841,103.96975425330815,20.34415359522489,3.7632,4.340086100314643,0.19992,132.41719394884768,132.61711394884767,99.2976762005576,13.241719394884768,82.5109229713041,0.4208728093506443,94.22110552763652,-38.39600842121115,-9.230685469920168,False,user_peak_current_limit;efficiency_target;SVM_minimum_pulse_deadtime
99000.0,2,12,30.49397993866986,52.81712257876227,204.95848730044858,144.9275362318841,103.96975425330815,20.551746999257794,3.8015999999999996,4.3843726931749964,0.20196,132.70747394574096,132.90943394574097,99.296139006488,13.270747394574096,82.56027057077597,0.4197990901897208,94.22110552763652,-38.68832841810445,-9.440476525779559,False,user_peak_current_limit;efficiency_target;SVM_minimum_pulse_deadtime
100000.0,2,12,30.49397993866986,52.81712257876227,204.95848730044858,144.9275362318841,103.96975425330815,20.7593404032907,3.84,4.42865928603535,0.204,132.9977539426342,133.2017539426342,99.29460186001126,13.29977539426342,82.60961817024781,0.418730058013133,94.22110552763652,-38.98064841499769,-9.646071760521766,False,user_peak_current_limit;efficiency_target;SVM_minimum_pulse_deadtime
10000.0,3,18,30.49397993866986,52.81712257876227,204.95848730044858,96.61835748792272,69.31316950220544,2.07593404032907,0.576,0.44286592860353496,0.030600000000000002,72.40796947113805,72.43856947113805,99.61514779711578,4.8271979647425365,70.61983552243359,0.851024574708485,94.22110552763652,21.782536056498472,173.53928239478236,False,user_peak_current_limit
11000.0,3,18,30.49397993866986,52.81712257876227,204.95848730044858,96.61835748792272,69.31316950220544,2.2835274443619773,0.6335999999999999,0.4871525214638885,0.03366,72.7174494680313,72.7511094680313,99.61349374995754,4.84782996453542,70.66522592197792,0.8472040682877527,94.22110552763652,21.469996059605222,155.03571126798397,False,user_peak_current_limit
12000.0,3,18,30.49397993866986,52.81712257876227,204.95848730044858,96.61835748792272,69.31316950220544,2.491120848394884,0.6911999999999999,0.531439114324242,0.03672,73.02692946492456,73.06364946492457,99.6118397577272,4.868461964328304,70.71061632152227,0.8434159436287592,94.22110552763652,21.157456062711958,139.61606866231864,False,user_peak_current_limit
13000.0,3,18,30.49397993866986,52.81712257876227,204.95848730044858,96.61835748792272,69.31316950220544,2.6987142524277914,0.7488,0.5757257071845955,0.03978,73.33640946181782,73.37618946181782,99.61018582042207,4.889093964121188,70.75600672106663,0.8396597907779383,94.22110552763652,20.84491606581871,126.56867876521719,False,user_peak_current_limit
14000.0,3,18,30.49397993866986,52.81712257876227,204.95848730044858,96.61835748792272,69.31316950220544,2.906307656460698,0.8064,0.620012300044949,0.04284,73.64588945871108,73.68872945871108,99.60853193803939,4.909725963914072,70.80139712061096,0.8359352066726685,94.22110552763652,20.532376068925444,115.38520171055883,False,user_peak_current_limit
15000.0,3,18,30.49397993866986,52.81712257876227,204.95848730044858,96.61835748792272,69.31316950220544,3.113901060493605,0.864,0.6642988929053024,0.0459,73.95536945560436,74.00126945560436,99.60687811057642,4.930357963706957,70.8467875201553,0.8322417949970901,94.22110552763652,20.219836072032166,105.6928549298549,False,user_peak_current_limit
16000.0,3,18,30.49397993866986,52.81712257876227,204.95848730044858,96.61835748792272,69.31316950220544,3.3214944645265123,0.9216,0.7085854857656559,0.048960000000000004,74.2648494524976,74.3138094524976,99.60522433803041,4.95098996349984,70.89217791969965,0.8285791660415284,94.22110552763652,19.90729607513893,97.21205149673898,False,user_peak_current_limit
17000.0,3,18,30.49397993866986,52.81712257876227,204.95848730044858,96.61835748792272,69.31316950220544,3.529087868559419,0.9792,0.7528720786260095,0.052020000000000004,74.57432944939087,74.62634944939087,99.60357062039867,4.9716219632927245,70.937568319244,0.8249469365654161,94.22110552763652,19.594756078245652,89.72898964398965,False,user_peak_current_limit
18000.0,3,18,30.49397993866986,52.81712257876227,204.95848730044858,96.61835748792272,69.31316950220544,3.7366812725923264,1.0368,0.797158671486363,0.055080000000000004,74.88380944628412,74.93888944628412,99.60191695767844,4.9922539630856075,70.98295871878834,0.8213447296636175,94.22110552763652,19.282216081352402,83.07737910821244,False,user_peak_current_limit
19000.0,3,18,30.49397993866986,52.81712257876227,204.95848730044858,96.61835748792272,69.31316950220544,3.9442746766252332,1.0944,0.8414452643467164,0.058140000000000004,75.19328944317738,75.25142944317737,99.60026334986696,5.012885962878492,71.02834911833268,0.8177721746360493,94.22110552763652,18.969676084459152,77.12593810251703,False,user_peak_current_limit
20000.0,3,18,30.49397993866986,52.81712257876227,204.95848730044858,96.61835748792272,69.31316950220544,4.15186808065814,1.152,0.8857318572070699,0.061200000000000004,75.50276944007065,75.56396944007065,99.59860979696154,5.033517962671376,71.07373951787703,0.8142289068605125,94.22110552763652,18.657136087565874,71.76964119739118,False,user_peak_current_limit
21000.0,3,18,30.49397993866986,52.81712257876227,204.95848730044858,96.61835748792272,69.31316950220544,4.359461484691047,1.2096,0.9300184500674235,0.06426000000000001,75.81224943696391,75.87650943696391,99.59695629895943,5.054149962464261,71.11912991742136,0.8107145676686364,94.22110552763652,18.34459609067261,66.92346780703922,False,user_peak_current_limit
22000.0,3,18,30.49397993866986,52.81712257876227,204.95848730044858,96.61835748792272,69.31316950220544,4.567054888723955,1.2671999999999999,0.974305042927777,0.06732,76.12172943385718,76.18904943385718,99.59530285585787,5.074781962257146,71.16452031696572,0.8072288042248486,94.22110552763652,18.032056093779346,62.51785563399198,False,user_peak_current_limit
23000.0,3,18,30.49397993866986,52.81712257876227,204.95848730044858,96.61835748792272,69.31316950220544,4.774648292756861,1.3248,1.0185916357881304,0.07038000000000001,76.43120943075043,76.50158943075043,99.59364946765416,5.095413962050029,71.20991071651007,0.8037712694082879,94.22110552763652,17.719516096886096,58.4953401716445,False,user_peak_current_limit
24000.0,3,18,30.49397993866986,52.81712257876227,204.95848730044858,96.61835748792272,69.31316950220544,4.982241696789768,1.3823999999999999,1.062878228648484,0.07344,76.7406894276437,76.8141294276437,99.59199613434555,5.1160459618429135,71.2553011160544,0.8003416216975705,94.22110552763652,17.406976099992818,54.80803433115931,False,user_peak_current_limit
25000.0,3,18,30.49397993866986,52.81712257876227,204.95848730044858,96.61835748792272,69.31316950220544,5.189835100822675,1.44,1.1071648215088374,0.07650000000000001,77.05016942453695,77.12666942453694,99.5903428559293,5.1366779616357965,71.30069151559876,0.7969395250583379,94.22110552763652,17.094436103099582,51.41571295791294,False,user_peak_current_limit
26000.0,3,18,30.49397993866986,52.81712257876227,204.95848730044858,96.61835748792272,69.31316950220544,5.397428504855583,1.4976,1.151451414369191,0.07956,77.35964942143022,77.43920942143022,99.58868963240269,5.157309961428681,71.3460819151431,0.7935646488334998,94.22110552763652,16.781896106206304,48.28433938260859,False,user_peak_current_limit
27000.0,3,18,30.49397993866986,52.81712257876227,204.95848730044858,96.61835748792272,69.31316950220544,5.60502190888849,1.5552,1.1957380072295445,0.08262000000000001,77.66912941832348,77.75174941832348,99.587036463763,5.177941961221565,71.39147231468743,0.7902166676361044,94.22110552763652,16.46935610931304,45.38491940547494,False,user_peak_current_limit
28000.0,3,18,30.49397993866986,52.81712257876227,204.95848730044858,96.61835748792272,69.31316950220544,5.812615312921396,1.6128,1.240024600089898,0.08568,77.97860941521674,78.06428941521673,99.58538335000746,5.198573961014449,71.4368627142318,0.7868952612447575,94.22110552763652,16.15681611241979,42.69260085527941,False,user_peak_current_limit
29000.0,3,18,30.49397993866986,52.81712257876227,204.95848730044858,96.61835748792272,69.31316950220544,6.020208716954303,1.6703999999999999,1.2843111929502515,0.08874000000000001,78.28808941211,78.37682941211,99.58373029113335,5.219205960807333,71.48225311377612,0.7836001145015231,94.22110552763652,15.844276115526526,40.18595944647667,False,user_peak_current_limit
30000.0,3,18,30.49397993866986,52.81712257876227,204.95848730044858,96.61835748792272,69.31316950220544,6.22780212098721,1.728,1.3285977858106048,0.0918,78.59756940900324,78.68936940900325,99.58207728713795,5.239837960600217,71.52764351332047,0.7803309172122356,94.22110552763652,15.531736118633276,37.846427464927444,False,user_peak_current_limit
31000.0,3,18,30.49397993866986,52.81712257876227,204.95848730044858,96.61835748792272,69.31316950220544,6.435395525020118,1.7855999999999999,1.3728843786709584,0.09486000000000001,78.90704940589652,79.00190940589651,99.58042433801852,5.260469960393101,71.57303391286483,0.7770873640491583,94.22110552763652,15.219196121740012,35.657833030574956,False,user_peak_current_limit
32000.0,3,18,30.49397993866986,52.81712257876227,204.95848730044858,96.61835748792272,69.31316950220544,6.642988929053025,1.8432,1.4171709715313119,0.09792000000000001,79.21652940278976,79.31444940278976,99.57877144377231,5.2811019601859845,71.61842431240916,0.7738691544559247,94.22110552763652,14.906656124846762,33.606025748369476,False,user_peak_current_limit
33000.0,3,18,30.49397993866986,52.81712257876227,204.95848730044858,96.61835748792272,69.31316950220544,6.8505823330859315,1.9007999999999998,1.4614575643916654,0.10098000000000001,79.52600939968305,79.62698939968305,99.57711860439663,5.301733959978869,71.66381471195352,0.7706759925546957,94.22110552763652,14.59411612795347,31.67857042266132,False,user_peak_current_limit
34000.0,3,18,30.49397993866986,52.81712257876227,204.95848730044858,96.61835748792272,69.31316950220544,7.058175737118838,1.9584,1.505744157252019,0.10404000000000001,79.8354893965763,79.9395293965763,99.5754658198887,5.322365959771754,71.70920511149785,0.7675075870554816,94.22110552763652,14.28157613106022,29.864494821994814,False,user_peak_current_limit
35000.0,3,18,30.49397993866986,52.81712257876227,204.95848730044858,96.61835748792272,69.31316950220544,7.265769141151745,2.016,1.5500307501123725,0.10710000000000001,80.14496939346957,80.25206939346957,99.57381309024582,5.342997959564637,71.7545955110422,0.7643636511675602,94.22110552763652,13.969036134166956,28.15408068422353,False,user_peak_current_limit
36000.0,3,18,30.49397993866986,52.81712257876227,204.95848730044858,96.61835748792272,69.31316950220544,7.473362545184653,2.0736,1.594317342972726,0.11016000000000001,80.45444939036283,80.56460939036282,99.57216041546525,5.363629959357522,71.79998591058656,0.7612439025129414,94.22110552763652,13.656496137273706,26.538689554106213,False,user_peak_current_limit
37000.0,3,18,30.49397993866986,52.81712257876227,204.95848730044858,96.61835748792272,69.31316950220544,7.68095594921756,2.1311999999999998,1.6386039358330795,0.11322000000000002,80.76392938725608,80.87714938725608,99.57050779554426,5.384261959150405,71.84537631013089,0.7581480630418224,94.22110552763652,13.343956140380442,25.01061686345469,False,user_peak_current_limit
38000.0,3,18,30.49397993866986,52.81712257876227,204.95848730044858,96.61835748792272,69.31316950220544,7.8885493532504665,2.1888,1.6828905286934328,0.11628000000000001,81.07340938414934,81.18968938414935,99.56885523048011,5.40489395894329,71.89076670967523,0.7550758589499771,94.22110552763652,13.031416143487178,23.562969051258516,False,user_peak_current_limit
39000.0,3,18,30.49397993866986,52.81712257876227,204.95848730044858,96.61835748792272,69.31316950220544,8.096142757283374,2.2464,1.7271771215537863,0.11934000000000002,81.38288938104259,81.50222938104258,99.56720272027006,5.425525958736172,71.93615710921958,0.7520270205980321,94.22110552763652,12.718876146593942,22.189559588405732,False,user_peak_current_limit
40000.0,3,18,30.49397993866986,52.81712257876227,204.95848730044858,96.61835748792272,69.31316950220544,8.30373616131628,2.304,1.7714637144141399,0.12240000000000001,81.69236937793586,81.81476937793586,99.56555026491141,5.446157958529057,71.98154750876392,0.749001282432576,94.22110552763652,12.406336149700664,20.88482059869559,False,user_peak_current_limit
41000.0,3,18,30.49397993866986,52.81712257876227,204.95848730044858,96.61835748792272,69.31316950220544,8.511329565349188,2.3615999999999997,1.8157503072744934,0.12546000000000002,82.00184937482912,82.12730937482912,99.56389786440141,5.46678995832194,72.02693790830827,0.7459983829090576,94.22110552763652,12.0937961528074,19.643727413361553,False,user_peak_current_limit
42000.0,3,18,30.49397993866986,52.81712257876227,204.95848730044858,96.61835748792272,69.31316950220544,8.718922969382094,2.4192,1.860036900134847,0.12852000000000002,82.31132937172238,82.43984937172237,99.56224551873731,5.487421958114825,72.07232830785262,0.7430180644164205,94.22110552763652,11.78125615591415,18.461733903519608,False,user_peak_current_limit
43000.0,3,18,30.49397993866986,52.81712257876227,204.95848730044858,96.61835748792272,69.31316950220544,8.926516373415001,2.4768,1.9043234929952004,0.13158,82.62080936861564,82.75238936861564,99.56059322791643,5.50805395790771,72.11771870739696,0.7400600732034334,94.22110552763652,11.468716159020886,17.3347168359959,False,user_peak_current_limit
44000.0,3,18,30.49397993866986,52.81712257876227,204.95848730044858,96.61835748792272,69.31316950220544,9.13410977744791,2.5343999999999998,1.948610085855554,0.13464,82.9302893655089,83.0649293655089,99.558940991936,5.528685957700593,72.16310910694129,0.7371241593066695,94.22110552763652,11.156176162127622,16.258927816995993,False,user_peak_current_limit
45000.0,3,18,30.49397993866986,52.81712257876227,204.95848730044858,96.61835748792272,69.31316950220544,9.341703181480815,2.592,1.9928966787159075,0.13770000000000002,83.23976936240216,83.37746936240215,99.55728881079328,5.549317957493478,72.20849950648565,0.7342100764800926,94.22110552763652,10.843636165234372,15.230951643284966,False,user_peak_current_limit
46000.0,3,18,30.49397993866986,52.81712257876227,204.95848730044858,96.61835748792272,69.31316950220544,9.549296585513723,2.6496,2.037183271576261,0.14076000000000002,83.54924935929543,83.69000935929543,99.55563668448559,5.5699499572863616,72.25388990603,0.7313175821262078,94.22110552763652,10.531096168341094,14.247670085822252,False,user_peak_current_limit
47000.0,3,18,30.49397993866986,52.81712257876227,204.95848730044858,96.61835748792272,69.31316950220544,9.75688998954663,2.7072,2.0814698644366145,0.14382,83.85872935618869,84.0025493561887,99.55398461301016,5.590581957079246,72.29928030557434,0.7284464372287367,94.22110552763652,10.21855617144783,13.306230296762205,False,user_peak_current_limit
48000.0,3,18,30.49397993866986,52.81712257876227,204.95848730044858,96.61835748792272,69.31316950220544,9.964483393579536,2.7647999999999997,2.125756457296968,0.14688,84.16820935308195,84.31508935308194,99.55233259636425,5.611213956872129,72.34467070511869,0.7255964062867788,94.22110552763652,9.90601617455458,12.404017165579656,False,user_peak_current_limit
49000.0,3,18,30.49397993866986,52.81712257876227,204.95848730044858,96.61835748792272,69.31316950220544,10.172076797612444,2.8224,2.1700430501573216,0.14994000000000002,84.47768934997521,84.62762934997521,99.55068063454517,5.631845956665014,72.39006110466303,0.7227672572504188,94.22110552763652,9.593476177661316,11.538629060159664,False,user_peak_current_limit
50000.0,3,18,30.49397993866986,52.81712257876227,204.95848730044858,96.61835748792272,69.31316950220544,10.37967020164535,2.88,2.214329643017675,0.15300000000000002,84.78716934686847,84.94016934686847,99.54902872755017,5.652477956457897,72.43545150420738,0.7199587614577446,94.22110552763652,9.280936180768052,10.70785647895647,False,user_peak_current_limit
51000.0,3,18,30.49397993866986,52.81712257876227,204.95848730044858,96.61835748792272,69.31316950220544,10.587263605678258,2.9375999999999998,2.258616235878028,0.15606,85.09664934376173,85.25270934376172,99.54737687537651,5.673109956250782,72.48084190375172,0.7171706935732407,94.22110552763652,8.968396183874802,9.909663214663208,False,user_peak_current_limit
52000.0,3,18,30.49397993866986,52.81712257876227,204.95848730044858,96.61835748792272,69.31316950220544,10.794857009711166,2.9952,2.302902828738382,0.15912,85.40612934065499,85.56524934065499,99.54572507802148,5.693741956043665,72.52623230329606,0.7144028315275189,94.22110552763652,8.655856186981538,9.142169691304296,False,user_peak_current_limit
53000.0,3,18,30.49397993866986,52.81712257876227,204.95848730044858,96.61835748792272,69.31316950220544,11.002450413744072,3.0528,2.3471894215987352,0.16218000000000002,85.71560933754826,85.87778933754826,99.54407333548235,5.7143739558365505,72.57162270284041,0.7116549564583566,94.22110552763652,8.34331619008826,8.403638187694787,False,user_peak_current_limit
54000.0,3,18,30.49397993866986,52.81712257876227,204.95848730044858,96.61835748792272,69.31316950220544,11.21004381777698,3.1104,2.391476014459089,0.16524000000000003,86.0250893344415,86.1903293344415,99.54242164775638,5.7350059556294335,72.61701310238476,0.7089268526530073,94.22110552763652,8.030776193195024,7.692459702737471,False,user_peak_current_limit
55000.0,3,18,30.49397993866986,52.81712257876227,204.95848730044858,96.61835748792272,69.31316950220544,11.417637221809885,3.1679999999999997,2.4357626073194423,0.16830000000000003,86.33456933133478,86.50286933133478,99.54077001484083,5.755637955422318,72.66240350192909,0.7062183074917497,94.22110552763652,7.718236196301746,7.007142253596794,False,user_peak_current_limit
56000.0,3,18,30.49397993866986,52.81712257876227,204.95848730044858,96.61835748792272,69.31316950220544,11.625230625842793,3.2256,2.480049200179796,0.17136,86.64404932822802,86.81540932822803,99.53911843673302,5.776269955215201,72.70779390147345,0.703529111392652,94.22110552763652,7.405696199408496,6.346300427639707,False,user_peak_current_limit
57000.0,3,18,30.49397993866986,52.81712257876227,204.95848730044858,96.61835748792272,69.31316950220544,11.8328240298757,3.2832,2.5243357930401493,0.17442000000000002,86.95352932512128,87.12794932512128,99.53746691343018,5.796901955008085,72.75318430101778,0.700859057757508,94.22110552763652,7.093156202515246,5.708646034172345,False,user_peak_current_limit
58000.0,3,18,30.49397993866986,52.81712257876227,204.95848730044858,96.61835748792272,69.31316950220544,12.040417433908607,3.3407999999999998,2.568622385900503,0.17748000000000003,87.26300932201454,87.44048932201454,99.53581544492957,5.817533954800969,72.79857470056213,0.6982079429189315,94.22110552763652,6.780616205621982,5.092979723238339,False,user_peak_current_limit
59000.0,3,18,30.49397993866986,52.81712257876227,204.95848730044858,96.61835748792272,69.31316950220544,12.248010837941514,3.3983999999999996,2.6129089787608564,0.18054000000000003,87.57248931890781,87.7530293189078,99.53416403122851,5.838165954593854,72.84396510010649,0.6955755660885672,94.22110552763652,6.468076208728718,4.498183456742774,False,user_peak_current_limit
60000.0,3,18,30.49397993866986,52.81712257876227,204.95848730044858,96.61835748792272,69.31316950220544,12.45560424197442,3.456,2.6571955716212097,0.1836,87.88196931580109,88.06556931580108,99.53251267232424,5.8587979543867394,72.88935549965082,0.6929617293063975,94.22110552763652,6.1555362118354395,3.923213732463724,False,user_peak_current_limit
61000.0,3,18,30.49397993866986,52.81712257876227,204.95848730044858,96.61835748792272,69.31316950220544,12.663197646007328,3.5136,2.7014821644815634,0.18666000000000002,88.19144931269433,88.37810931269433,99.53086136821405,5.8794299541796216,72.93474589919516,0.6903662373911178,94.22110552763652,5.84299621494219,3.367095474554487,False,user_peak_current_limit
62000.0,3,18,30.49397993866986,52.81712257876227,204.95848730044858,96.61835748792272,69.31316950220544,12.870791050040236,3.5711999999999997,2.7457687573419167,0.18972000000000003,88.5009293095876,88.6906493095876,99.52921011889518,5.900061953972507,72.98013629873952,0.6877888978915501,94.22110552763652,5.530456218048926,2.828916515287479,False,user_peak_current_limit
63000.0,3,18,30.49397993866986,52.81712257876227,204.95848730044858,96.61835748792272,69.31316950220544,13.078384454073142,3.6288,2.7900553502022705,0.19278000000000003,88.81040930648085,89.00318930648085,99.52755892436495,5.920693953765389,73.02552669828385,0.6852295210390766,94.22110552763652,5.217916221155676,2.307822602346407,False,user_peak_current_limit
64000.0,3,18,30.49397993866986,52.81712257876227,204.95848730044858,96.61835748792272,69.31316950220544,13.28597785810605,3.6864,2.8343419430626238,0.19584000000000001,89.11988930337412,89.31572930337413,99.52590778462061,5.941325953558275,73.07091709782821,0.6826879197010598,94.22110552763652,4.9053762242623975,1.8030128741847407,False,user_peak_current_limit
65000.0,3,18,30.49397993866986,52.81712257876227,204.95848730044858,96.61835748792272,69.31316950220544,13.493571262138955,3.7439999999999998,2.8786285359229775,0.19890000000000002,89.42936930026737,89.62826930026736,99.5242566996594,5.961957953351158,73.11630749737255,0.6801639093352337,94.22110552763652,4.592836227369162,1.313735753043441,False,user_peak_current_limit
66000.0,3,18,30.49397993866986,52.81712257876227,204.95848730044858,96.61835748792272,69.31316950220544,13.701164666171863,3.8015999999999996,2.922915128783331,0.20196000000000003,89.73884929716063,89.94080929716063,99.52260566947866,5.982589953144042,73.16169789691689,0.6776573079450362,94.22110552763652,4.280296230475898,0.8392852113306605,False,user_peak_current_limit
67000.0,3,18,30.49397993866986,52.81712257876227,204.95848730044858,96.61835748792272,69.31316950220544,13.90875807020477,3.8592,2.9672017216436846,0.20502000000000004,90.0483292940539,90.2533492940539,99.52095469407563,6.003221952936927,73.20708829646125,0.6751679360358634,94.22110552763652,3.9677562335826195,0.3789973723555764,False,user_peak_current_limit
68000.0,3,18,30.49397993866986,52.81712257876227,204.95848730044858,96.61835748792272,69.31316950220544,14.116351474237677,3.9168,3.011488314504038,0.20808000000000001,90.35780929094715,90.56588929094714,99.51930377344756,6.02385395272981,73.25247869600558,0.6726956165722241,94.22110552763652,3.655216236689384,-0.06775258900259229,False,user_peak_current_limit;SVM_minimum_pulse_deadtime
69000.0,3,18,30.49397993866986,52.81712257876227,204.95848730044858,96.61835748792272,69.31316950220544,14.323944878270584,3.9743999999999997,3.055774907364391,0.21114000000000002,90.66728928784042,90.87842928784042,99.51765290759177,6.044485952522694,73.29786909554993,0.6702401749357688,94.22110552763652,3.3426762397961056,-0.5015532761185,False,user_peak_current_limit;SVM_minimum_pulse_deadtime
70000.0,3,18,30.49397993866986,52.81712257876227,204.95848730044858,96.61835748792272,69.31316950220544,14.53153828230349,4.032,3.100061500224745,0.21420000000000003,90.97676928473366,91.19096928473367,99.5160020965055,6.065117952315577,73.34325949509426,0.6678014388841788,94.22110552763652,3.0301362429028558,-0.9229596578882348,False,user_peak_current_limit;SVM_minimum_pulse_deadtime
71000.0,3,18,30.49397993866986,52.81712257876227,204.95848730044858,96.61835748792272,69.31316950220544,14.739131686336398,4.0896,3.144348093085098,0.21726000000000004,91.28624928162694,91.50350928162693,99.51435134018605,6.085749952108462,73.38864989463862,0.6653792385108885,94.22110552763652,2.7175962460095917,-1.332495437354597,False,user_peak_current_limit;SVM_minimum_pulse_deadtime
72000.0,3,18,30.49397993866986,52.81712257876227,204.95848730044858,96.61835748792272,69.31316950220544,14.946725090369306,4.1472,3.188634685945452,0.22032000000000002,91.5957292785202,91.8160492785202,99.51270063863066,6.106381951901346,73.43404029418296,0.6629734062056275,94.22110552763652,2.4050562491163276,-1.7306552229468934,False,user_peak_current_limit;SVM_minimum_pulse_deadtime
73000.0,3,18,30.49397993866986,52.81712257876227,204.95848730044858,96.61835748792272,69.31316950220544,15.154318494402212,4.2048,3.2329212788058053,0.22338000000000002,91.90520927541345,92.12858927541346,99.51104999183664,6.12701395169423,73.47943069372731,0.6605837766157562,94.22110552763652,2.0925162522230636,-2.117906521262692,False,user_peak_current_limit;SVM_minimum_pulse_deadtime
74000.0,3,18,30.49397993866986,52.81712257876227,204.95848730044858,96.61835748792272,69.31316950220544,15.36191189843512,4.2623999999999995,3.277207871666159,0.22644000000000003,92.21468927230673,92.44112927230672,99.50939939980125,6.147645951487115,73.52482109327165,0.6582101866083825,94.22110552763652,1.7799762553297995,-2.494691568272655,False,user_peak_current_limit;SVM_minimum_pulse_deadtime
75000.0,3,18,30.49397993866986,52.81712257876227,204.95848730044858,96.61835748792272,69.31316950220544,15.569505302468025,4.319999999999999,3.3214944645265123,0.22950000000000004,92.52416926919997,92.75366926919997,99.50774886252175,6.168277951279998,73.57021149281599,0.6558524752332392,94.22110552763652,1.4674362584365497,-2.861429014029019,False,user_peak_current_limit;SVM_minimum_pulse_deadtime
76000.0,3,18,30.49397993866986,52.81712257876227,204.95848730044858,96.61835748792272,69.31316950220544,15.777098706500933,4.3776,3.3657810573868656,0.23256000000000002,92.83364926609325,93.06620926609325,99.50609837999546,6.188909951072882,73.61560189236035,0.6535104836863006,94.22110552763652,1.1548962615432714,-3.218515474370742,False,user_peak_current_limit;SVM_minimum_pulse_deadtime
77000.0,3,18,30.49397993866986,52.81712257876227,204.95848730044858,96.61835748792272,69.31316950220544,15.98469211053384,4.4352,3.4100676502472194,0.23562000000000002,93.14312926298649,93.37874926298649,99.50444795221962,6.209541950865765,73.66099229190469,0.6511840552741293,94.22110552763652,0.8423562646500358,-3.5663269617165776,False,user_peak_current_limit;SVM_minimum_pulse_deadtime
78000.0,3,18,30.49397993866986,52.81712257876227,204.95848730044858,96.61835748792272,69.31316950220544,16.19228551456675,4.4928,3.4543542431075727,0.23868000000000003,93.45260925987976,93.69128925987977,99.5027975791915,6.230173950658651,73.70638269144902,0.6488730353789264,94.22110552763652,0.5298162677567575,-3.905220205797135,False,user_peak_current_limit;SVM_minimum_pulse_deadtime
79000.0,3,18,30.49397993866986,52.81712257876227,204.95848730044858,96.61835748792272,69.31316950220544,16.399878918599654,4.5504,3.4986408359679264,0.24174000000000004,93.76208925677302,94.00382925677302,99.5011472609084,6.250805950451535,73.75177309099338,0.6465772714242781,94.22110552763652,0.21727627086350765,-4.2355338740781825,False,user_peak_current_limit;SVM_minimum_pulse_deadtime
80000.0,3,18,30.49397993866986,52.81712257876227,204.95848730044858,96.61835748792272,69.31316950220544,16.60747232263256,4.608,3.5429274288282797,0.24480000000000002,94.07156925366628,94.31636925366628,99.49949699736759,6.271437950244419,73.79716349053771,0.6442966128415758,94.22110552763652,-0.09526372602975641,-4.557589700652206,False,user_peak_current_limit;efficiency_target;SVM_minimum_pulse_deadtime
81000.0,3,18,30.49397993866986,52.81712257876227,204.95848730044858,96.61835748792272,69.31316950220544,16.81506572666547,4.6655999999999995,3.5872140216886335,0.24786000000000002,94.38104925055954,94.62890925055954,99.49784678856632,6.292069950037303,73.84255389008206,0.6420309110370972,94.22110552763652,-0.4078037229230205,-4.871693531508351,False,user_peak_current_limit;efficiency_target;SVM_minimum_pulse_deadtime
82000.0,3,18,30.49397993866986,52.81712257876227,204.95848730044858,96.61835748792272,69.31316950220544,17.022659130698376,4.723199999999999,3.6315006145489868,0.25092000000000003,94.6905292474528,94.9414492474528,99.49619663450191,6.312701949830187,73.88794428962642,0.6397800193597346,94.22110552763652,-0.7203437198162703,-5.178136293319223,False,user_peak_current_limit;efficiency_target;SVM_minimum_pulse_deadtime
83000.0,3,18,30.49397993866986,52.81712257876227,204.95848730044858,96.61835748792272,69.31316950220544,17.23025253473128,4.7808,3.6757872074093405,0.25398000000000004,95.00000924434606,95.25398924434606,99.49454653517161,6.3333339496230705,73.93333468917075,0.6375437930693516,94.22110552763652,-1.0328837167095344,-5.4771948921948965,False,user_peak_current_limit;efficiency_target;SVM_minimum_pulse_deadtime
84000.0,3,18,30.49397993866986,52.81712257876227,204.95848730044858,96.61835748792272,69.31316950220544,17.437845938764188,4.8384,3.720073800269694,0.25704000000000005,95.3094892412393,95.56652924123931,99.4928964905727,6.3539659494159535,73.9787250887151,0.6353220893057582,94.22110552763652,-1.3454237136027842,-5.769133048240197,False,user_peak_current_limit;efficiency_target;SVM_minimum_pulse_deadtime
85000.0,3,18,30.49397993866986,52.81712257876227,204.95848730044858,96.61835748792272,69.31316950220544,17.645439342797097,4.896,3.764360393130047,0.26010000000000005,95.61896923813259,95.87906923813259,99.49124650070245,6.374597949208839,74.02411548825945,0.6331147670582868,94.22110552763652,-1.6579637104960625,-6.054202071202076,False,user_peak_current_limit;efficiency_target;SVM_minimum_pulse_deadtime
86000.0,3,18,30.49397993866986,52.81712257876227,204.95848730044858,96.61835748792272,69.31316950220544,17.853032746830003,4.9536,3.808646985990401,0.26316,95.92844923502585,96.19160923502585,99.48959656555816,6.395229949001723,74.06950588780379,0.63092168713596,94.22110552763652,-1.9705037073893266,-6.332641582002052,False,user_peak_current_limit;efficiency_target;SVM_minimum_pulse_deadtime
87000.0,3,18,30.49397993866986,52.81712257876227,204.95848730044858,96.61835748792272,69.31316950220544,18.06062615086291,5.0112,3.852933578850754,0.26622,96.23792923191911,96.50414923191911,99.48794668513709,6.415861948794607,74.11489628734813,0.6287427121382291,94.22110552763652,-2.2830437042825906,-6.604680184507776,False,user_peak_current_limit;efficiency_target;SVM_minimum_pulse_deadtime
88000.0,3,18,30.49397993866986,52.81712257876227,204.95848730044858,96.61835748792272,69.31316950220544,18.26821955489582,5.0687999999999995,3.897220171711108,0.26928,96.54740922881237,96.81668922881236,99.48629685943651,6.436493948587491,74.16028668689249,0.6265777064262804,94.22110552763652,-2.5955837011758405,-6.870536091502005,False,user_peak_current_limit;efficiency_target;SVM_minimum_pulse_deadtime
89000.0,3,18,30.49397993866986,52.81712257876227,204.95848730044858,96.61835748792272,69.31316950220544,18.475812958928724,5.126399999999999,3.941506764571461,0.27234,96.85688922570563,97.12922922570563,99.48464708845371,6.457125948380376,74.20567708643682,0.624426536094889,94.22110552763652,-2.9081236980691045,-7.130417708451421,False,user_peak_current_limit;efficiency_target;SVM_minimum_pulse_deadtime
90000.0,3,18,30.49397993866986,52.81712257876227,204.95848730044858,96.61835748792272,69.31316950220544,18.68340636296163,5.184,3.985793357431815,0.27540000000000003,97.16636922259889,97.4417692225989,99.48299737218598,6.477757948173259,74.25106748598118,0.6222890689448102,94.22110552763652,-3.2206636949623686,-7.384524178357518,False,user_peak_current_limit;efficiency_target;SVM_minimum_pulse_deadtime
91000.0,3,18,30.49397993866986,52.81712257876227,204.95848730044858,96.61835748792272,69.31316950220544,18.89099976699454,5.2416,4.030079950292168,0.27846000000000004,97.47584921949215,97.75430921949214,99.48134771063056,6.498389947966143,74.29645788552551,0.6201651744556984,94.22110552763652,-3.5332036918556184,-7.633045890683259,False,user_peak_current_limit;efficiency_target;SVM_minimum_pulse_deadtime
92000.0,3,18,30.49397993866986,52.81712257876227,204.95848730044858,96.61835748792272,69.31316950220544,19.098593171027446,5.2992,4.074366543152522,0.28152000000000005,97.7853292163854,98.0668492163854,99.47969810378477,6.519021947759026,74.34184828506986,0.6180547237595393,94.22110552763652,-3.8457436887488825,-7.876164957088874,False,user_peak_current_limit;efficiency_target;SVM_minimum_pulse_deadtime
93000.0,3,18,30.49397993866986,52.81712257876227,204.95848730044858,96.61835748792272,69.31316950220544,19.30618657506035,5.3568,4.118653136012875,0.28458000000000006,98.09480921327867,98.37938921327867,99.47804855164588,6.539653947551911,74.3872386846142,0.6159575896145845,94.22110552763652,-4.158283685642147,-8.114055656475015,False,user_peak_current_limit;efficiency_target;SVM_minimum_pulse_deadtime
94000.0,3,18,30.49397993866986,52.81712257876227,204.95848730044858,96.61835748792272,69.31316950220544,19.51377997909326,5.4144,4.162939728873229,0.28764,98.40428921017192,98.69192921017192,99.47639905421116,6.560285947344794,74.43262908415855,0.6138736463797796,94.22110552763652,-4.470823682535396,-8.346884851618897,False,user_peak_current_limit;efficiency_target;SVM_minimum_pulse_deadtime
95000.0,3,18,30.49397993866986,52.81712257876227,204.95848730044858,96.61835748792272,69.31316950220544,19.721373383126167,5.4719999999999995,4.207226321733582,0.2907,98.71376920706518,99.00446920706518,99.47474961147786,6.580917947137679,74.4780194837029,0.6118027699896715,94.22110552763652,-4.7833636794286605,-8.574812379496594,False,user_peak_current_limit;efficiency_target;SVM_minimum_pulse_deadtime
96000.0,3,18,30.49397993866986,52.81712257876227,204.95848730044858,96.61835748792272,69.31316950220544,19.928966787159073,5.529599999999999,4.251512914593936,0.29376,99.02324920395844,99.31700920395845,99.47310022344331,6.601549946930562,74.52340988324724,0.6097448379297876,94.22110552763652,-5.0959036763219245,-8.797991417210172,False,user_peak_current_limit;efficiency_target;SVM_minimum_pulse_deadtime
97000.0,3,18,30.49397993866986,52.81712257876227,204.95848730044858,96.61835748792272,69.31316950220544,20.13656019119198,5.5872,4.295799507454289,0.29682000000000003,99.3327292008517,99.6295492008517,99.47145089010476,6.622181946723447,74.56880028279159,0.607699729212474,94.22110552763652,-5.408443673215174,-9.01656882528017,False,user_peak_current_limit;efficiency_target;SVM_minimum_pulse_deadtime
98000.0,3,18,30.49397993866986,52.81712257876227,204.95848730044858,96.61835748792272,69.31316950220544,20.34415359522489,5.6448,4.340086100314643,0.29988000000000004,99.64220919774496,99.94208919774496,99.46980161145949,6.642813946516331,74.61419068233593,0.6056673243531856,94.22110552763652,-5.7209836701084384,-9.230685469920168,False,user_peak_current_limit;efficiency_target;SVM_minimum_pulse_deadtime
99000.0,3,18,30.49397993866986,52.81712257876227,204.95848730044858,96.61835748792272,69.31316950220544,20.551746999257794,5.7024,4.3843726931749964,0.30294000000000004,99.95168919463822,100.25462919463823,99.4681523875048,6.663445946309214,74.65958108188028,0.603647505347215,94.22110552763652,-6.0335236670017025,-9.440476525779559,False,user_peak_current_limit;efficiency_target;SVM_minimum_pulse_deadtime
100000.0,3,18,30.49397993866986,52.81712257876227,204.95848730044858,96.61835748792272,69.31316950220544,20.7593404032907,5.76,4.42865928603535,0.30600000000000005,100.2611691915315,100.56716919153149,99.46650321823795,6.6840779461021,74.70497148142462,0.6016401556468536,94.22110552763652,-6.346063663894967,-9.646071760521766,False,user_peak_current_limit;efficiency_target;SVM_minimum_pulse_deadtime
10000.0,4,24,30.49397993866986,52.81712257876227,204.95848730044858,72.46376811594205,51.98487712665408,2.07593404032907,0.768,0.44286592860353496,0.040799999999999996,55.27167709558668,55.31247709558668,99.7058678117529,2.7635838547793337,67.4616764079042,1.141009186180278,94.22110552763652,38.908628432049845,173.53928239478236,False,user_peak_current_limit
11000.0,4,24,30.49397993866986,52.81712257876227,204.95848730044858,72.46376811594205,51.98487712665408,2.2835274443619773,0.8448,0.4871525214638885,0.044879999999999996,55.600357092479946,55.645237092479945,99.7041035476798,2.780017854623997,67.5060482074848,1.134057239900198,94.22110552763652,38.57586843515658,155.03571126798397,False,user_peak_current_limit
12000.0,4,24,30.49397993866986,52.81712257876227,204.95848730044858,72.46376811594205,51.98487712665408,2.491120848394884,0.9216,0.531439114324242,0.04896,55.9290370893732,55.977997089373204,99.7023393460418,2.79645185446866,67.55042000706537,1.1271870030791273,94.22110552763652,38.24310843826332,139.61606866231864,False,user_peak_current_limit
13000.0,4,24,30.49397993866986,52.81712257876227,204.95848730044858,72.46376811594205,51.98487712665408,2.6987142524277914,0.9984,0.5757257071845955,0.05304,56.25771708626646,56.31075708626646,99.70057520683557,2.812885854313323,67.59479180664597,1.1203970435794255,94.22110552763652,37.91034844137006,126.56867876521719,False,user_peak_current_limit
14000.0,4,24,30.49397993866986,52.81712257876227,204.95848730044858,72.46376811594205,51.98487712665408,2.906307656460698,1.0752,0.620012300044949,0.05712,56.586397083159724,56.64351708315972,99.6988111300578,2.829319854157986,67.63916360622656,1.1136859625375264,94.22110552763652,37.5775884444768,115.38520171055883,False,user_peak_current_limit
15000.0,4,24,30.49397993866986,52.81712257876227,204.95848730044858,72.46376811594205,51.98487712665408,3.113901060493605,1.152,0.6642988929053024,0.0612,56.91507708005298,56.97627708005298,99.6970471157052,2.845753854002649,67.68353540580716,1.1070523934031629,94.22110552763652,37.244828447583544,105.6928549298549,False,user_peak_current_limit
16000.0,4,24,30.49397993866986,52.81712257876227,204.95848730044858,72.46376811594205,51.98487712665408,3.3214944645265123,1.2288,0.7085854857656559,0.06528,57.24375707694624,57.30903707694624,99.69528316377443,2.862187853847312,67.72790720538774,1.1004950010116898,94.22110552763652,36.912068450690285,97.21205149673898,False,user_peak_current_limit
17000.0,4,24,30.49397993866986,52.81712257876227,204.95848730044858,72.46376811594205,51.98487712665408,3.529087868559419,1.3055999999999999,0.7528720786260095,0.06936,57.57243707383951,57.64179707383951,99.69351927426219,2.878621853691975,67.77227900496833,1.0940124806881855,94.22110552763652,36.57930845379701,89.72898964398965,False,user_peak_current_limit
18000.0,4,24,30.49397993866986,52.81712257876227,204.95848730044858,72.46376811594205,51.98487712665408,3.7366812725923264,1.3823999999999999,0.797158671486363,0.07343999999999999,57.90111707073277,57.974557070732764,99.69175544716518,2.8950558535366384,67.81665080454893,1.0876035573820648,94.22110552763652,36.24654845690376,83.07737910821244,False,user_peak_current_limit
19000.0,4,24,30.49397993866986,52.81712257876227,204.95848730044858,72.46376811594205,51.98487712665408,3.9442746766252332,1.4591999999999998,0.8414452643467164,0.07751999999999999,58.22979706762603,58.30731706762603,99.68999168248004,2.9114898533813016,67.86102260412952,1.0812669848310015,94.22110552763652,35.913788460010494,77.12593810251703,False,user_peak_current_limit
20000.0,4,24,30.49397993866986,52.81712257876227,204.95848730044858,72.46376811594205,51.98487712665408,4.15186808065814,1.536,0.8857318572070699,0.08159999999999999,58.55847706451929,58.64007706451929,99.6882279802035,2.9279238532259644,67.9053944037101,1.0750015447530081,94.22110552763652,35.581028463117235,71.76964119739118,False,user_peak_current_limit
21000.0,4,24,30.49397993866986,52.81712257876227,204.95848730044858,72.46376811594205,51.98487712665408,4.359461484691047,1.6128,0.9300184500674235,0.08567999999999999,58.887157061412545,58.97283706141255,99.68646434033222,2.944357853070627,67.9497662032907,1.0688060460655702,94.22110552763652,35.248268466223976,66.92346780703922,False,user_peak_current_limit
22000.0,4,24,30.49397993866986,52.81712257876227,204.95848730044858,72.46376811594205,51.98487712665408,4.567054888723955,1.6896,0.974305042927777,0.08975999999999999,59.2158370583058,59.3055970583058,99.68470076286293,2.9607918529152903,67.99413800287128,1.0626793241307884,94.22110552763652,34.915508469330724,62.51785563399198,False,user_peak_current_limit
23000.0,4,24,30.49397993866986,52.81712257876227,204.95848730044858,72.46376811594205,51.98487712665408,4.774648292756861,1.7664,1.0185916357881304,0.09383999999999999,59.544517055199066,59.638357055199066,99.68293724779228,2.9772258527599536,68.03850980245187,1.0566202400255187,94.22110552763652,34.58274847243746,58.4953401716445,False,user_peak_current_limit
24000.0,4,24,30.49397993866986,52.81712257876227,204.95848730044858,72.46376811594205,51.98487712665408,4.982241696789768,1.8432,1.062878228648484,0.09792,59.87319705209234,59.97111705209234,99.68117379511696,2.9936598526046168,68.08288160203246,1.050627679835555,94.22110552763652,34.249988475544185,54.80803433115931,False,user_peak_current_limit
25000.0,4,24,30.49397993866986,52.81712257876227,204.95848730044858,72.46376811594205,51.98487712665408,5.189835100822675,1.92,1.1071648215088374,0.102,60.201877048985594,60.30387704898559,99.67941040483369,3.01009385244928,68.12725340161306,1.0447005539729306,94.22110552763652,33.917228478650934,51.41571295791294,False,user_peak_current_limit
26000.0,4,24,30.49397993866986,52.81712257876227,204.95848730044858,72.46376811594205,51.98487712665408,5.397428504855583,1.9968,1.151451414369191,0.10608,60.53055704587885,60.63663704587885,99.67764707693912,3.0265278522939423,68.17162520119365,1.0388377965154618,94.22110552763652,33.584468481757675,48.28433938260859,False,user_peak_current_limit
27000.0,4,24,30.49397993866986,52.81712257876227,204.95848730044858,72.46376811594205,51.98487712665408,5.60502190888849,2.0736,1.1957380072295445,0.11016,60.85923704277211,60.96939704277211,99.67588381142996,3.042961852138605,68.21599700077422,1.0330383645676948,94.22110552763652,33.251708484864416,45.38491940547494,False,user_peak_current_limit
28000.0,4,24,30.49397993866986,52.81712257876227,204.95848730044858,72.46376811594205,51.98487712665408,5.812615312921396,2.1504,1.240024600089898,0.11424,61.187917039665365,61.30215703966537,99.67412060830289,3.0593958519832682,68.26036880035483,1.0273012376424489,94.22110552763652,32.91894848797116,42.69260085527941,False,user_peak_current_limit
29000.0,4,24,30.49397993866986,52.81712257876227,204.95848730044858,72.46376811594205,51.98487712665408,6.020208716954303,2.2272,1.2843111929502515,0.11832,61.51659703655863,61.634917036558626,99.67235746755462,3.0758298518279314,68.30474059993541,1.0216254170621828,94.22110552763652,32.5861884910779,40.18595944647667,False,user_peak_current_limit
30000.0,4,24,30.49397993866986,52.81712257876227,204.95848730044858,72.46376811594205,51.98487712665408,6.22780212098721,2.304,1.3285977858106048,0.1224,61.8452770334519,61.9676770334519,99.67059438918182,3.0922638516725947,68.34911239951602,1.016009925379455,94.22110552763652,32.253428494184625,37.846427464927444,False,user_peak_current_limit
31000.0,4,24,30.49397993866986,52.81712257876227,204.95848730044858,72.46376811594205,51.98487712665408,6.435395525020118,2.3808,1.3728843786709584,0.12648,62.17395703034516,62.30043703034516,99.66883137318118,3.108697851517258,68.39348419909659,1.0104538058157622,94.22110552763652,31.920668497291366,35.657833030574956,False,user_peak_current_limit
32000.0,4,24,30.49397993866986,52.81712257876227,204.95848730044858,72.46376811594205,51.98487712665408,6.642988929053025,2.4576,1.4171709715313119,0.13056,62.502637027238414,62.63319702723842,99.6670684195494,3.1251318513619206,68.4378559986772,1.0049561217180845,94.22110552763652,31.587908500398107,33.606025748369476,False,user_peak_current_limit
33000.0,4,24,30.49397993866986,52.81712257876227,204.95848730044858,72.46376811594205,51.98487712665408,6.8505823330859315,2.5343999999999998,1.4614575643916654,0.13464,62.83131702413167,62.96595702413167,99.66530552828316,3.1415658512065834,68.48222779825778,0.9995159560324893,94.22110552763652,31.255148503504856,31.67857042266132,False,user_peak_current_limit
34000.0,4,24,30.49397993866986,52.81712257876227,204.95848730044858,72.46376811594205,51.98487712665408,7.058175737118838,2.6111999999999997,1.505744157252019,0.13872,63.15999702102493,63.29871702102493,99.66354269937915,3.1579998510512466,68.52659959783836,0.9941324107941703,94.22110552763652,30.922388506611597,29.864494821994814,False,user_peak_current_limit
35000.0,4,24,30.49397993866986,52.81712257876227,204.95848730044858,72.46376811594205,51.98487712665408,7.265769141151745,2.6879999999999997,1.5500307501123725,0.1428,63.48867701791819,63.63147701791819,99.66177993283408,3.17443385089591,68.57097139741896,0.9888046066333257,94.22110552763652,30.58962850971833,28.15408068422353,False,user_peak_current_limit
36000.0,4,24,30.49397993866986,52.81712257876227,204.95848730044858,72.46376811594205,51.98487712665408,7.473362545184653,2.7647999999999997,1.594317342972726,0.14687999999999998,63.81735701481145,63.96423701481145,99.66001722864463,3.1908678507405726,68.61534319699955,0.983531682296308,94.22110552763652,30.256868512825072,26.538689554106213,False,user_peak_current_limit
37000.0,4,24,30.49397993866986,52.81712257876227,204.95848730044858,72.46376811594205,51.98487712665408,7.68095594921756,2.8415999999999997,1.6386039358330795,0.15095999999999998,64.14603701170472,64.29699701170472,99.65825458680749,3.207301850585236,68.65971499658015,0.9783127941814933,94.22110552763652,29.924108515931806,25.01061686345469,False,user_peak_current_limit
38000.0,4,24,30.49397993866986,52.81712257876227,204.95848730044858,72.46376811594205,51.98487712665408,7.8885493532504665,2.9183999999999997,1.6828905286934328,0.15503999999999998,64.47471700859798,64.62975700859798,99.65649200731934,3.223735850429899,68.70408679616072,0.9731471158893489,94.22110552763652,29.591348519038547,23.562969051258516,False,user_peak_current_limit
39000.0,4,24,30.49397993866986,52.81712257876227,204.95848730044858,72.46376811594205,51.98487712665408,8.096142757283374,2.9952,1.7271771215537863,0.15911999999999998,64.80339700549123,64.96251700549124,99.6547294901769,3.2401698502745613,68.74845859574131,0.9680338377861905,94.22110552763652,29.25858852214529,22.189559588405732,False,user_peak_current_limit
40000.0,4,24,30.49397993866986,52.81712257876227,204.95848730044858,72.46376811594205,51.98487712665408,8.30373616131628,3.072,1.7714637144141399,0.16319999999999998,65.1320770023845,65.29527700238451,99.65296703537683,3.2566038501192254,68.79283039532191,0.9629721665811506,94.22110552763652,28.925828525252015,20.88482059869559,False,user_peak_current_limit
41000.0,4,24,30.49397993866986,52.81712257876227,204.95848730044858,72.46376811594205,51.98487712665408,8.511329565349188,3.1488,1.8157503072744934,0.16727999999999998,65.46075699927776,65.62803699927777,99.65120464291584,3.2730378499638877,68.83720219490249,0.9579613249158906,94.22110552763652,28.593068528358756,19.643727413361553,False,user_peak_current_limit
42000.0,4,24,30.49397993866986,52.81712257876227,204.95848730044858,72.46376811594205,51.98487712665408,8.718922969382094,3.2256,1.860036900134847,0.17135999999999998,65.78943699617102,65.96079699617103,99.64944231279063,3.289471849808551,68.88157399448309,0.9530005509666094,94.22110552763652,28.260308531465498,18.461733903519608,False,user_peak_current_limit
43000.0,4,24,30.49397993866986,52.81712257876227,204.95848730044858,72.46376811594205,51.98487712665408,8.926516373415001,3.3024,1.9043234929952004,0.17543999999999998,66.11811699306429,66.29355699306429,99.64768004499788,3.305905849653214,68.92594579406368,0.948089098057926,94.22110552763652,27.92754853457224,17.3347168359959,False,user_peak_current_limit
44000.0,4,24,30.49397993866986,52.81712257876227,204.95848730044858,72.46376811594205,51.98487712665408,9.13410977744791,3.3792,1.948610085855554,0.17951999999999999,66.44679698995753,66.62631698995753,99.64591783953429,3.3223398494978764,68.97031759364427,0.9432262342882202,94.22110552763652,27.594788537678994,16.258927816995993,False,user_peak_current_limit
45000.0,4,24,30.49397993866986,52.81712257876227,204.95848730044858,72.46376811594205,51.98487712665408,9.341703181480815,3.456,1.9928966787159075,0.18359999999999999,66.7754769868508,66.9590769868508,99.64415569639654,3.33877384934254,69.01468939322486,0.9384112421660361,94.22110552763652,27.26202854078572,15.230951643284966,False,user_peak_current_limit
46000.0,4,24,30.49397993866986,52.81712257876227,204.95848730044858,72.46376811594205,51.98487712665408,9.549296585513723,3.5328,2.037183271576261,0.18767999999999999,67.10415698374405,67.29183698374405,99.64239361558135,3.3552078491872024,69.05906119280544,0.9336434182571762,94.22110552763652,26.929268543892476,14.247670085822252,False,user_peak_current_limit
47000.0,4,24,30.49397993866986,52.81712257876227,204.95848730044858,72.46376811594205,51.98487712665408,9.75688998954663,3.6096,2.0814698644366145,0.19175999999999999,67.43283698063732,67.62459698063732,99.64063159708539,3.371641849031866,69.10343299238605,0.9289220728421098,94.22110552763652,26.596508546999203,13.306230296762205,False,user_peak_current_limit
48000.0,4,24,30.49397993866986,52.81712257876227,204.95848730044858,72.46376811594205,51.98487712665408,9.964483393579536,3.6864,2.125756457296968,0.19584,67.76151697753059,67.9573569775306,99.63886964090536,3.3880758488765292,69.14780479196664,0.9242465295833578,94.22110552763652,26.26374855010593,12.404017165579656,False,user_peak_current_limit
49000.0,4,24,30.49397993866986,52.81712257876227,204.95848730044858,72.46376811594205,51.98487712665408,10.172076797612444,3.7632,2.1700430501573216,0.19992,68.09019697442383,68.29011697442384,99.63710774703794,3.4045098487211916,69.19217659154721,0.9196161252025078,94.22110552763652,25.930988553212686,11.538629060159664,False,user_peak_current_limit
50000.0,4,24,30.49397993866986,52.81712257876227,204.95848730044858,72.46376811594205,51.98487712665408,10.37967020164535,3.84,2.214329643017675,0.204,68.4188769713171,68.6228769713171,99.63534591547986,3.420943848565855,69.23654839112781,0.9150302091665377,94.22110552763652,25.598228556319427,10.70785647895647,False,user_peak_current_limit
51000.0,4,24,30.49397993866986,52.81712257876227,204.95848730044858,72.46376811594205,51.98487712665408,10.587263605678258,3.9168,2.258616235878028,0.20808,68.74755696821036,68.95563696821036,99.63358414622779,3.437377848410518,69.2809201907084,0.910488143383142,94.22110552763652,25.265468559426168,9.909663214663208,False,user_peak_current_limit
52000.0,4,24,30.49397993866986,52.81712257876227,204.95848730044858,72.46376811594205,51.98487712665408,10.794857009711166,3.9936,2.302902828738382,0.21216,69.07623696510362,69.28839696510362,99.63182243927842,3.453811848255181,69.32529199028899,0.9059893019047509,94.22110552763652,24.93270856253291,9.142169691304296,False,user_peak_current_limit
53000.0,4,24,30.49397993866986,52.81712257876227,204.95848730044858,72.46376811594205,51.98487712665408,11.002450413744072,4.0704,2.3471894215987352,0.21624,69.40491696199689,69.62115696199689,99.63006079462848,3.4702458480998444,69.36966378986958,0.901533070640963,94.22110552763652,24.599948565639636,8.403638187694787,False,user_peak_current_limit
54000.0,4,24,30.49397993866986,52.81712257876227,204.95848730044858,72.46376811594205,51.98487712665408,11.21004381777698,4.1472,2.391476014459089,0.22032,69.73359695889015,69.95391695889015,99.62829921227463,3.4866798479445076,69.41403558945017,0.8971188470791098,94.22110552763652,24.267188568746377,7.692459702737471,False,user_peak_current_limit
55000.0,4,24,30.49397993866986,52.81712257876227,204.95848730044858,72.46376811594205,51.98487712665408,11.417637221809885,4.224,2.4357626073194423,0.2244,70.0622769557834,70.2866769557834,99.62653769221356,3.50311384778917,69.45840738903077,0.8927460400126843,94.22110552763652,23.93442857185312,7.007142253596794,False,user_peak_current_limit
56000.0,4,24,30.49397993866986,52.81712257876227,204.95848730044858,72.46376811594205,51.98487712665408,11.625230625842793,4.3008,2.480049200179796,0.22848,70.39095695267666,70.61943695267666,99.62477623444198,3.5195478476338327,69.50277918861134,0.8884140692773795,94.22110552763652,23.60166857495986,6.346300427639707,False,user_peak_current_limit
57000.0,4,24,30.49397993866986,52.81712257876227,204.95848730044858,72.46376811594205,51.98487712665408,11.8328240298757,4.3776,2.5243357930401493,0.23256,70.71963694956993,70.95219694956994,99.62301483895662,3.5359818474784963,69.54715098819194,0.8841223654944864,94.22110552763652,23.268908578066586,5.708646034172345,False,user_peak_current_limit
58000.0,4,24,30.49397993866986,52.81712257876227,204.95848730044858,72.46376811594205,51.98487712665408,12.040417433908607,4.4544,2.568622385900503,0.23664,71.04831694646317,71.28495694646317,99.62125350575411,3.5524158473231586,69.59152278777253,0.8798703698214169,94.22110552763652,22.936148581173356,5.092979723238339,False,user_peak_current_limit
59000.0,4,24,30.49397993866986,52.81712257876227,204.95848730044858,72.46376811594205,51.98487712665408,12.248010837941514,4.5312,2.6129089787608564,0.24072,71.37699694335645,71.61771694335644,99.61949223483118,3.5688498471678223,69.63589458735312,0.8756575337091147,94.22110552763652,22.603388584280083,4.498183456742774,False,user_peak_current_limit
60000.0,4,24,30.49397993866986,52.81712257876227,204.95848730044858,72.46376811594205,51.98487712665408,12.45560424197442,4.608,2.6571955716212097,0.2448,71.70567694024972,71.95047694024971,99.61773102618457,3.5852838470124855,69.68026638693371,0.8714833186661446,94.22110552763652,22.27062858738681,3.923213732463724,False,user_peak_current_limit
61000.0,4,24,30.49397993866986,52.81712257876227,204.95848730044858,72.46376811594205,51.98487712665408,12.663197646007328,4.6848,2.7014821644815634,0.24888,72.03435693714296,72.28323693714296,99.6159698798109,3.601717846857148,69.7246381865143,0.8673471960292347,94.22110552763652,21.937868590493565,3.367095474554487,False,user_peak_current_limit
62000.0,4,24,30.49397993866986,52.81712257876227,204.95848730044858,72.46376811594205,51.98487712665408,12.870791050040236,4.7616,2.7457687573419167,0.25296,72.36303693403623,72.61599693403623,99.6142087957069,3.6181518467018114,69.7690099860949,0.8632486467400735,94.22110552763652,21.605108593600292,2.828916515287479,False,user_peak_current_limit
63000.0,4,24,30.49397993866986,52.81712257876227,204.95848730044858,72.46376811594205,51.98487712665408,13.078384454073142,4.8384,2.7900553502022705,0.25704,72.69171693092949,72.94875693092949,99.61244777386928,3.634585846546474,69.81338178567547,0.859187161128165,94.22110552763652,21.272348596707033,2.307822602346407,False,user_peak_current_limit
64000.0,4,24,30.49397993866986,52.81712257876227,204.95848730044858,72.46376811594205,51.98487712665408,13.28597785810605,4.9152,2.8343419430626238,0.26112,73.02039692782274,73.28151692782275,99.61068681429474,3.6510198463911374,69.85775358525606,0.855162238699544,94.22110552763652,20.939588599813774,1.8030128741847407,False,user_peak_current_limit
65000.0,4,24,30.49397993866986,52.81712257876227,204.95848730044858,72.46376811594205,51.98487712665408,13.493571262138955,4.992,2.8786285359229775,0.2652,73.349076924716,73.614276924716,99.60892591697994,3.6674538462357997,69.90212538483667,0.8511733879311757,94.22110552763652,20.60682860292053,1.313735753043441,False,user_peak_current_limit
66000.0,4,24,30.49397993866986,52.81712257876227,204.95848730044858,72.46376811594205,51.98487712665408,13.701164666171863,5.0687999999999995,2.922915128783331,0.26928,73.67775692160926,73.94703692160925,99.60716508192161,3.6838878460804625,69.94649718441725,0.847220126070856,94.22110552763652,20.27406860602727,0.8392852113306605,False,user_peak_current_limit
67000.0,4,24,30.49397993866986,52.81712257876227,204.95848730044858,72.46376811594205,51.98487712665408,13.90875807020477,5.1456,2.9672017216436846,0.27336,74.00643691850254,74.27979691850254,99.60540430911647,3.700321845925127,69.99086898399784,0.843301978942445,94.22110552763652,19.941308609133984,0.3789973723555764,False,user_peak_current_limit
68000.0,4,24,30.49397993866986,52.81712257876227,204.95848730044858,72.46376811594205,51.98487712665408,14.116351474237677,5.2223999999999995,3.011488314504038,0.27744,74.33511691539579,74.61255691539579,99.60364359856115,3.716755845769789,70.03524078357843,0.8394184807562688,94.22110552763652,19.60854861224074,-0.06775258900259229,False,user_peak_current_limit;SVM_minimum_pulse_deadtime
69000.0,4,24,30.49397993866986,52.81712257876227,204.95848730044858,72.46376811594205,51.98487712665408,14.323944878270584,5.2992,3.055774907364391,0.28152,74.66379691228906,74.94531691228906,99.6018829502524,3.7331898456144526,70.07961258315902,0.8355691739245252,94.22110552763652,19.275788615347466,-0.5015532761185,False,user_peak_current_limit;SVM_minimum_pulse_deadtime
70000.0,4,24,30.49397993866986,52.81712257876227,204.95848730044858,72.46376811594205,51.98487712665408,14.53153828230349,5.3759999999999994,3.100061500224745,0.2856,74.99247690918232,75.27807690918232,99.60012236418693,3.7496238454591153,70.12398438273961,0.8317536088815489,94.22110552763652,18.943028618454207,-0.9229596578882348,False,user_peak_current_limit;SVM_minimum_pulse_deadtime
71000.0,4,24,30.49397993866986,52.81712257876227,204.95848730044858,72.46376811594205,51.98487712665408,14.739131686336398,5.4528,3.144348093085098,0.28968,75.32115690607557,75.61083690607558,99.59836184036139,3.7660578453037785,70.1683561823202,0.8279713439087785,94.22110552763652,18.610268621560948,-1.332495437354597,False,user_peak_current_limit;SVM_minimum_pulse_deadtime
72000.0,4,24,30.49397993866986,52.81712257876227,204.95848730044858,72.46376811594205,51.98487712665408,14.946725090369306,5.529599999999999,3.188634685945452,0.29375999999999997,75.64983690296884,75.94359690296885,99.59660137877252,3.7824918451484417,70.2127279819008,0.8242219449642872,94.22110552763652,18.277508624667675,-1.7306552229468934,False,user_peak_current_limit;SVM_minimum_pulse_deadtime
73000.0,4,24,30.49397993866986,52.81712257876227,204.95848730044858,72.46376811594205,51.98487712665408,15.154318494402212,5.6064,3.2329212788058053,0.29784,75.97851689986209,76.27635689986208,99.594840979417,3.798925844993104,70.25709978148139,0.8205049855167413,94.22110552763652,17.944748627774445,-2.117906521262692,False,user_peak_current_limit;SVM_minimum_pulse_deadtime
74000.0,4,24,30.49397993866986,52.81712257876227,204.95848730044858,72.46376811594205,51.98487712665408,15.36191189843512,5.683199999999999,3.277207871666159,0.30191999999999997,76.30719689675536,76.60911689675535,99.59308064229157,3.8153598448377677,70.30147158106196,0.8168200463836439,94.22110552763652,17.61198863088117,-2.494691568272655,False,user_peak_current_limit;SVM_minimum_pulse_deadtime
75000.0,4,24,30.49397993866986,52.81712257876227,204.95848730044858,72.46376811594205,51.98487712665408,15.569505302468025,5.76,3.3214944645265123,0.306,76.63587689364861,76.94187689364861,99.59132036739287,3.8317938446824304,70.34584338064256,0.8131667155737475,94.22110552763652,17.279228633987913,-2.861429014029019,False,user_peak_current_limit;SVM_minimum_pulse_deadtime
76000.0,4,24,30.49397993866986,52.81712257876227,204.95848730044858,72.46376811594205,51.98487712665408,15.777098706500933,5.836799999999999,3.3657810573868656,0.31007999999999997,76.96455689054187,77.27463689054187,99.58956015471762,3.8482278445270937,70.39021518022315,0.8095445881334997,94.22110552763652,16.946468637094654,-3.218515474370742,False,user_peak_current_limit;SVM_minimum_pulse_deadtime
77000.0,4,24,30.49397993866986,52.81712257876227,204.95848730044858,72.46376811594205,51.98487712665408,15.98469211053384,5.9136,3.4100676502472194,0.31416,77.29323688743513,77.60739688743513,99.58780000426255,3.8646618443717564,70.43458697980374,0.8059532659974094,94.22110552763652,16.613708640201395,-3.5663269617165776,False,user_peak_current_limit;SVM_minimum_pulse_deadtime
78000.0,4,24,30.49397993866986,52.81712257876227,204.95848730044858,72.46376811594205,51.98487712665408,16.19228551456675,5.9904,3.4543542431075727,0.31823999999999997,77.6219168843284,77.9401568843284,99.58603991602433,3.88109584421642,70.47895877938433,0.8023923578422125,94.22110552763652,16.280948643308122,-3.905220205797135,False,user_peak_current_limit;SVM_minimum_pulse_deadtime
79000.0,4,24,30.49397993866986,52.81712257876227,204.95848730044858,72.46376811594205,51.98487712665408,16.399878918599654,6.0672,3.4986408359679264,0.32232,77.95059688122167,78.27291688122168,99.58427988999966,3.8975298440610833,70.52333057896493,0.7988614789447305,94.22110552763652,15.948188646414849,-4.2355338740781825,False,user_peak_current_limit;SVM_minimum_pulse_deadtime
80000.0,4,24,30.49397993866986,52.81712257876227,204.95848730044858,72.46376811594205,51.98487712665408,16.60747232263256,6.144,3.5429274288282797,0.32639999999999997,78.27927687811493,78.60567687811493,99.58251992618527,3.9139638439057465,70.56770237854552,0.7953602510433063,94.22110552763652,15.61542864952159,-4.557589700652206,False,user_peak_current_limit;SVM_minimum_pulse_deadtime
81000.0,4,24,30.49397993866986,52.81712257876227,204.95848730044858,72.46376811594205,51.98487712665408,16.81506572666547,6.2208,3.5872140216886335,0.33048,78.60795687500818,78.93843687500818,99.58076002457784,3.9303978437504092,70.61207417812611,0.7918883022027181,94.22110552763652,15.282668652628345,-4.871693531508351,False,user_peak_current_limit;SVM_minimum_pulse_deadtime
82000.0,4,24,30.49397993866986,52.81712257876227,204.95848730044858,72.46376811594205,51.98487712665408,17.022659130698376,6.2976,3.6315006145489868,0.33455999999999997,78.93663687190144,79.27119687190144,99.57900018517408,3.9468318435950716,70.6564459777067,0.7884452666824678,94.22110552763652,14.949908655735086,-5.178136293319223,False,user_peak_current_limit;SVM_minimum_pulse_deadtime
83000.0,4,24,30.49397993866986,52.81712257876227,204.95848730044858,72.46376811594205,51.98487712665408,17.23025253473128,6.3744,3.6757872074093405,0.33864,79.2653168687947,79.6039568687947,99.57724040797068,3.9632658434397348,70.70081777728728,0.7850307848083468,94.22110552763652,14.617148658841828,-5.4771948921948965,False,user_peak_current_limit;SVM_minimum_pulse_deadtime
84000.0,4,24,30.49397993866986,52.81712257876227,204.95848730044858,72.46376811594205,51.98487712665408,17.437845938764188,6.4512,3.720073800269694,0.34271999999999997,79.59399686568796,79.93671686568796,99.57548069296436,3.9796998432843975,70.74518957686789,0.7816445028471832,94.22110552763652,14.284388661948569,-5.769133048240197,False,user_peak_current_limit;SVM_minimum_pulse_deadtime
85000.0,4,24,30.49397993866986,52.81712257876227,204.95848730044858,72.46376811594205,51.98487712665408,17.645439342797097,6.528,3.764360393130047,0.3468,79.92267686258123,80.26947686258123,99.57372104015181,3.996133843129061,70.78956137644846,0.7782860728846804,94.22110552763652,13.951628665055296,-6.054202071202076,False,user_peak_current_limit;SVM_minimum_pulse_deadtime
86000.0,4,24,30.49397993866986,52.81712257876227,204.95848730044858,72.46376811594205,51.98487712665408,17.853032746830003,6.6048,3.808646985990401,0.35087999999999997,80.25135685947448,80.60223685947449,99.57196144952974,4.012567842973724,70.83393317602905,0.7749551527062573,94.22110552763652,13.618868668162037,-6.332641582002052,False,user_peak_current_limit;SVM_minimum_pulse_deadtime
87000.0,4,24,30.49397993866986,52.81712257876227,204.95848730044858,72.46376811594205,51.98487712665408,18.06062615086291,6.6815999999999995,3.852933578850754,0.35496,80.58003685636774,80.93499685636775,99.57020192109484,4.029001842818387,70.87830497560965,0.7716514056808036,94.22110552763652,13.286108671268778,-6.604680184507776,False,user_peak_current_limit;SVM_minimum_pulse_deadtime
88000.0,4,24,30.49397993866986,52.81712257876227,204.95848730044858,72.46376811594205,51.98487712665408,18.26821955489582,6.7584,3.897220171711108,0.35903999999999997,80.908716853261,81.26775685326099,99.56844245484383,4.04543584266305,70.92267677519024,0.7683745006472711,94.22110552763652,12.953348674375533,-6.870536091502005,False,user_peak_current_limit;SVM_minimum_pulse_deadtime
89000.0,4,24,30.49397993866986,52.81712257876227,204.95848730044858,72.46376811594205,51.98487712665408,18.475812958928724,6.8351999999999995,3.941506764571461,0.36312,81.23739685015425,81.60051685015425,99.5666830507734,4.061869842507712,70.96704857477081,0.7651241118040155,94.22110552763652,12.620588677482274,-7.130417708451421,False,user_peak_current_limit;SVM_minimum_pulse_deadtime
90000.0,4,24,30.49397993866986,52.81712257876227,204.95848730044858,72.46376811594205,51.98487712665408,18.68340636296163,6.912,3.985793357431815,0.36719999999999997,81.56607684704753,81.93327684704752,99.56492370888027,4.078303842352376,71.01142037435142,0.7618999186008151,94.22110552763652,12.287828680589001,-7.384524178357518,False,user_peak_current_limit;SVM_minimum_pulse_deadtime
91000.0,4,24,30.49397993866986,52.81712257876227,204.95848730044858,72.46376811594205,51.98487712665408,18.89099976699454,6.9887999999999995,4.030079950292168,0.37128,81.89475684394077,82.26603684394077,99.56316442916115,4.094737842197039,71.055792173932,0.7587016056334895,94.22110552763652,11.955068683695757,-7.633045890683259,False,user_peak_current_limit;SVM_minimum_pulse_deadtime
92000.0,4,24,30.49397993866986,52.81712257876227,204.95848730044858,72.46376811594205,51.98487712665408,19.098593171027446,7.0656,4.074366543152522,0.37535999999999997,82.22343684083404,82.59879684083404,99.5614052116127,4.111171842041702,71.1001639735126,0.7555288625410452,94.22110552763652,11.622308686802484,-7.876164957088874,False,user_peak_current_limit;SVM_minimum_pulse_deadtime
93000.0,4,24,30.49397993866986,52.81712257876227,204.95848730044858,72.46376811594205,51.98487712665408,19.30618657506035,7.142399999999999,4.118653136012875,0.37944,82.5521168377273,82.9315568377273,99.55964605623166,4.127605841886365,71.14453577309318,0.752381383905279,94.22110552763652,11.289548689909225,-8.114055656475015,False,user_peak_current_limit;SVM_minimum_pulse_deadtime
94000.0,4,24,30.49397993866986,52.81712257876227,204.95848730044858,72.46376811594205,51.98487712665408,19.51377997909326,7.2192,4.162939728873229,0.38351999999999997,82.88079683462057,83.26431683462057,99.55788696301472,4.144039841731028,71.18890757267378,0.74925886915277,94.22110552763652,10.956788693015952,-8.346884851618897,False,user_peak_current_limit;SVM_minimum_pulse_deadtime
95000.0,4,24,30.49397993866986,52.81712257876227,204.95848730044858,72.46376811594205,51.98487712665408,19.721373383126167,7.295999999999999,4.207226321733582,0.3876,83.20947683151384,83.59707683151385,99.55612793195863,4.1604738415756914,71.23327937225437,0.7461610224591945,94.22110552763652,10.624028696122679,-8.574812379496594,False,user_peak_current_limit;SVM_minimum_pulse_deadtime
96000.0,4,24,30.49397993866986,52.81712257876227,204.95848730044858,72.46376811594205,51.98487712665408,19.928966787159073,7.3728,4.251512914593936,0.39168,83.53815682840708,83.92983682840708,99.55436896306001,4.176907841420354,71.27765117183495,0.7430875526558997,94.22110552763652,10.291268699229448,-8.797991417210172,False,user_peak_current_limit;SVM_minimum_pulse_deadtime
97000.0,4,24,30.49397993866986,52.81712257876227,204.95848730044858,72.46376811594205,51.98487712665408,20.13656019119198,7.449599999999999,4.295799507454289,0.39576,83.86683682530035,84.26259682530035,99.55261005631564,4.193341841265018,71.32202297141555,0.7400381731386733,94.22110552763652,9.958508702336175,-9.01656882528017,False,user_peak_current_limit;SVM_minimum_pulse_deadtime
98000.0,4,24,30.49397993866986,52.81712257876227,204.95848730044858,72.46376811594205,51.98487712665408,20.34415359522489,7.5264,4.340086100314643,0.39984,84.19551682219361,84.59535682219361,99.5508512117222,4.20977584110968,71.36639477099614,0.7370126017786526,94.22110552763652,9.625748705442916,-9.230685469920168,False,user_peak_current_limit;SVM_minimum_pulse_deadtime
99000.0,4,24,30.49397993866986,52.81712257876227,204.95848730044858,72.46376811594205,51.98487712665408,20.551746999257794,7.603199999999999,4.3843726931749964,0.40392,84.52419681908687,84.92811681908687,99.5490924292764,4.226209840954343,71.41076657057673,0.7340105608353086,94.22110552763652,9.292988708549657,-9.440476525779559,False,user_peak_current_limit;SVM_minimum_pulse_deadtime
100000.0,4,24,30.49397993866986,52.81712257876227,204.95848730044858,72.46376811594205,51.98487712665408,20.7593404032907,7.68,4.42865928603535,0.408,84.85287681598012,85.26087681598013,99.54733370897492,4.242643840799007,71.45513837015731,0.7310317768714557,94.22110552763652,8.960228711656399,-9.646071760521766,False,user_peak_current_limit;SVM_minimum_pulse_deadtime
10000.0,5,30,30.49397993866986,52.81712257876227,204.95848730044858,57.97101449275364,41.58790170132326,2.07593404032907,0.9600000000000001,0.44286592860353496,0.051000000000000004,45.066701670255874,45.117701670255876,99.75994988493078,1.8026680668102348,65.76853781379275,1.414306572058282,94.22110552763652,49.10340385738065,173.53928239478236,True,
11000.0,5,30,30.49397993866986,52.81712257876227,204.95848730044858,57.97101449275364,41.58790170132326,2.2835274443619773,1.056,0.4871525214638885,0.056100000000000004,45.41458166714913,45.47068166714913,99.75807638745913,1.816583266685965,65.8130664533951,1.4032583671120344,94.22110552763652,48.750423860487395,155.03571126798397,True,
12000.0,5,30,30.49397993866986,52.81712257876227,204.95848730044858,57.97101449275364,41.58790170132326,2.491120848394884,1.1520000000000001,0.531439114324242,0.061200000000000004,45.76246166404239,45.82366166404239,99.75620296035494,1.8304984665616955,65.85759509299743,1.3923781360624095,94.22110552763652,48.397443863594134,139.61606866231864,True,
13000.0,5,30,30.49397993866986,52.81712257876227,204.95848730044858,57.97101449275364,41.58790170132326,2.6987142524277914,1.248,0.5757257071845955,0.0663,46.110341660935646,46.176641660935644,99.75432960361424,1.8444136664374258,65.90212373259976,1.381662077066489,94.22110552763652,48.04446386670088,126.56867876521719,True,
14000.0,5,30,30.49397993866986,52.81712257876227,204.95848730044858,57.97101449275364,41.58790170132326,2.906307656460698,1.344,0.620012300044949,0.0714,46.45822165782891,46.529621657828905,99.75245631723307,1.8583288663131563,65.9466523722021,1.371106502154426,94.22110552763652,47.69148386980762,115.38520171055883,True,
15000.0,5,30,30.49397993866986,52.81712257876227,204.95848730044858,57.97101449275364,41.58790170132326,3.113901060493605,1.44,0.6642988929053024,0.0765,46.80610165472216,46.882601654722166,99.75058310120747,1.8722440661888864,65.99118101180444,1.3607078329977156,94.22110552763652,47.33850387291436,105.6928549298549,True,
16000.0,5,30,30.49397993866986,52.81712257876227,204.95848730044858,57.97101449275364,41.58790170132326,3.3214944645265123,1.536,0.7085854857656559,0.0816,47.153981651615425,47.235581651615426,99.74870995553346,1.886159266064617,66.03570965140678,1.3504625968647803,94.22110552763652,46.9855238760211,97.21205149673898,True,
17000.0,5,30,30.49397993866986,52.81712257876227,204.95848730044858,57.97101449275364,41.58790170132326,3.529087868559419,1.6320000000000001,0.7528720786260095,0.0867,47.501861648508694,47.588561648508694,99.74683688020706,1.9000744659403477,66.08023829100912,1.3403674227542755,94.22110552763652,46.63254387912783,89.72898964398965,True,
18000.0,5,30,30.49397993866986,52.81712257876227,204.95848730044858,57.97101449275364,41.58790170132326,3.7366812725923264,1.728,0.797158671486363,0.0918,47.849741645401956,47.941541645401955,99.74496387522436,1.9139896658160782,66.12476693061146,1.3304190376970628,94.22110552763652,46.27956388223457,83.07737910821244,True,
19000.0,5,30,30.49397993866986,52.81712257876227,204.95848730044858,57.97101449275364,41.58790170132326,3.9442746766252332,1.824,0.8414452643467164,0.0969,48.19762164229521,48.29452164229521,99.74309094058137,1.9279048656918083,66.16929557021378,1.3206142632183342,94.22110552763652,45.926583885341316,77.12593810251703,True,
20000.0,5,30,30.49397993866986,52.81712257876227,204.95848730044858,57.97101449275364,41.58790170132326,4.15186808065814,1.9200000000000002,0.8857318572070699,0.10200000000000001,48.54550163918847,48.64750163918847,99.74121807627412,1.9418200655675388,66.21382420981612,1.3109500119518507,94.22110552763652,45.573603888448055,71.76964119739118,True,
21000.0,5,30,30.49397993866986,52.81712257876227,204.95848730044858,57.97101449275364,41.58790170132326,4.359461484691047,2.016,0.9300184500674235,0.1071,48.89338163608173,49.00048163608173,99.73934528229866,1.955735265443269,66.25835284941846,1.3014232843987235,94.22110552763652,45.220623891554794,66.92346780703922,True,
22000.0,5,30,30.49397993866986,52.81712257876227,204.95848730044858,57.97101449275364,41.58790170132326,4.567054888723955,2.112,0.974305042927777,0.11220000000000001,49.24126163297499,49.35346163297499,99.73747255865104,1.9696504653189995,66.3028814890208,1.2920311658235821,94.22110552763652,44.86764389466153,62.51785563399198,True,
23000.0,5,30,30.49397993866986,52.81712257876227,204.95848730044858,57.97101449275364,41.58790170132326,4.774648292756861,2.208,1.0185916357881304,0.1173,49.58914162986825,49.70644162986825,99.73559990532726,1.98356566519473,66.34741012862314,1.2827708232813928,94.22110552763652,44.51466389776827,58.4953401716445,True,
24000.0,5,30,30.49397993866986,52.81712257876227,204.95848730044858,57.97101449275364,41.58790170132326,4.982241696789768,2.3040000000000003,1.062878228648484,0.12240000000000001,49.93702162676152,50.05942162676152,99.73372732232339,1.9974808650704605,66.39193876822549,1.273639502768546,94.22110552763652,44.161683900875005,54.80803433115931,True,
25000.0,5,30,30.49397993866986,52.81712257876227,204.95848730044858,57.97101449275364,41.58790170132326,5.189835100822675,2.4,1.1071648215088374,0.1275,50.284901623654775,50.41240162365477,99.73185480963544,2.011396064946191,66.4364674078278,1.264634526492203,94.22110552763652,43.80870390398175,51.41571295791294,True,
26000.0,5,30,30.49397993866986,52.81712257876227,204.95848730044858,57.97101449275364,41.58790170132326,5.397428504855583,2.496,1.151451414369191,0.1326,50.63278162054804,50.765381620548034,99.7299823672595,2.0253112648219216,66.48099604743014,1.2557532902522066,94.22110552763652,43.45572390708849,48.28433938260859,True,
27000.0,5,30,30.49397993866986,52.81712257876227,204.95848730044858,57.97101449275364,41.58790170132326,5.60502190888849,2.592,1.1957380072295445,0.13770000000000002,50.98066161744129,51.118361617441295,99.72810999519156,2.0392264646976517,66.52552468703249,1.246993260930189,94.22110552763652,43.10274391019523,45.38491940547494,True,
28000.0,5,30,30.49397993866986,52.81712257876227,204.95848730044858,57.97101449275364,41.58790170132326,5.812615312921396,2.688,1.240024600089898,0.1428,51.328541614334554,51.471341614334555,99.72623769342769,2.053141664573382,66.57005332663482,1.2383519740807793,94.22110552763652,42.74976391330197,42.69260085527941,True,
29000.0,5,30,30.49397993866986,52.81712257876227,204.95848730044858,57.97101449275364,41.58790170132326,6.020208716954303,2.7840000000000003,1.2843111929502515,0.1479,51.67642161122781,51.82432161122781,99.72436546196393,2.0670568644491123,66.61458196623717,1.2298270316201105,94.22110552763652,42.396783916408715,40.18595944647667,True,
30000.0,5,30,30.49397993866986,52.81712257876227,204.95848730044858,57.97101449275364,41.58790170132326,6.22780212098721,2.88,1.3285977858106048,0.153,52.02430160812108,52.17730160812108,99.7224933007963,2.080972064324843,66.6591106058395,1.2214160996070613,94.22110552763652,42.04380391951545,37.846427464927444,True,
31000.0,5,30,30.49397993866986,52.81712257876227,204.95848730044858,57.97101449275364,41.58790170132326,6.435395525020118,2.976,1.3728843786709584,0.15810000000000002,52.37218160501434,52.53028160501434,99.72062120992085,2.0948872642005734,66.70363924544185,1.2131169061129319,94.22110552763652,41.69082392262219,35.657833030574956,True,
32000.0,5,30,30.49397993866986,52.81712257876227,204.95848730044858,57.97101449275364,41.58790170132326,6.642988929053025,3.072,1.4171709715313119,0.1632,52.7200616019076,52.883261601907606,99.71874918933364,2.108802464076304,66.74816788504417,1.2049272391754577,94.22110552763652,41.33784392572892,33.606025748369476,True,
33000.0,5,30,30.49397993866986,52.81712257876227,204.95848730044858,57.97101449275364,41.58790170132326,6.8505823330859315,3.168,1.4614575643916654,0.1683,53.06794159880086,53.23624159880086,99.71687723903068,2.122717663952034,66.7926965246465,1.1968449448332996,94.22110552763652,40.984863928835665,31.67857042266132,True,
34000.0,5,30,30.49397993866986,52.81712257876227,204.95848730044858,57.97101449275364,41.58790170132326,7.058175737118838,3.2640000000000002,1.505744157252019,0.1734,53.41582159569412,53.58922159569412,99.715005359008,2.1366328638277645,66.83722516424885,1.1888679252373362,94.22110552763652,40.631883931942404,29.864494821994814,True,
35000.0,5,30,30.49397993866986,52.81712257876227,204.95848730044858,57.97101449275364,41.58790170132326,7.265769141151745,3.36,1.5500307501123725,0.17850000000000002,53.763701592587374,53.942201592587374,99.71313354926171,2.150548063703495,66.88175380385118,1.1809941368352848,94.22110552763652,40.27890393504915,28.15408068422353,True,
36000.0,5,30,30.49397993866986,52.81712257876227,204.95848730044858,57.97101449275364,41.58790170132326,7.473362545184653,3.456,1.594317342972726,0.1836,54.11158158948065,54.29518158948065,99.7112618097878,2.164463263579226,66.92628244345353,1.1732215886263444,94.22110552763652,39.925923938155876,26.538689554106213,True,
37000.0,5,30,30.49397993866986,52.81712257876227,204.95848730044858,57.97101449275364,41.58790170132326,7.68095594921756,3.552,1.6386039358330795,0.1887,54.459461586373905,54.6481615863739,99.70939014058233,2.178378463454956,66.97081108305585,1.1655483404827383,94.22110552763652,39.57294394126262,25.01061686345469,True,
38000.0,5,30,30.49397993866986,52.81712257876227,204.95848730044858,57.97101449275364,41.58790170132326,7.8885493532504665,3.648,1.6828905286934328,0.1938,54.80734158326717,55.00114158326717,99.70751854164133,2.1922936633306866,67.0153397226582,1.1579725015351718,94.22110552763652,39.219963944369354,23.562969051258516,True,
39000.0,5,30,30.49397993866986,52.81712257876227,204.95848730044858,57.97101449275364,41.58790170132326,8.096142757283374,3.744,1.7271771215537863,0.19890000000000002,55.15522158016042,55.354121580160424,99.70564701296085,2.2062088632064167,67.05986836226053,1.1504922286193986,94.22110552763652,38.8669839474761,22.189559588405732,True,
40000.0,5,30,30.49397993866986,52.81712257876227,204.95848730044858,57.97101449275364,41.58790170132326,8.30373616131628,3.8400000000000003,1.7714637144141399,0.20400000000000001,55.503101577053684,55.707101577053685,99.70377555453695,2.2201240630821473,67.10439700186288,1.1431057247811998,94.22110552763652,38.51400395058284,20.88482059869559,True,
41000.0,5,30,30.49397993866986,52.81712257876227,204.95848730044858,57.97101449275364,41.58790170132326,8.511329565349188,3.936,1.8157503072744934,0.2091,55.85098157394694,56.06008157394694,99.70190416636565,2.2340392629578774,67.14892564146521,1.1358112378372387,94.22110552763652,38.161023953689586,19.643727413361553,True,
42000.0,5,30,30.49397993866986,52.81712257876227,204.95848730044858,57.97101449275364,41.58790170132326,8.718922969382094,4.032,1.860036900134847,0.2142,56.198861570840194,56.41306157084019,99.70003284844297,2.2479544628336074,67.19345428106755,1.1286070589893664,94.22110552763652,37.80804395679633,18.461733903519608,True,
43000.0,5,30,30.49397993866986,52.81712257876227,204.95848730044858,57.97101449275364,41.58790170132326,8.926516373415001,4.128,1.9043234929952004,0.21930000000000002,56.54674156773346,56.76604156773346,99.69816160076503,2.2618696627093384,67.2379829206699,1.121491521490075,94.22110552763652,37.455063959903065,17.3347168359959,True,
44000.0,5,30,30.49397993866986,52.81712257876227,204.95848730044858,57.97101449275364,41.58790170132326,9.13410977744791,4.224,1.948610085855554,0.22440000000000002,56.894621564626725,57.11902156462673,99.69629042332782,2.275784862585069,67.28251156027221,1.114462999356914,94.22110552763652,37.1020839630098,16.258927816995993,True,
45000.0,5,30,30.49397993866986,52.81712257876227,204.95848730044858,57.97101449275364,41.58790170132326,9.341703181480815,4.32,1.9928966787159075,0.2295,57.24250156151999,57.47200156151999,99.6944193161274,2.2897000624607995,67.32704019987456,1.1075199061337813,94.22110552763652,36.749103966116536,15.230951643284966,True,
46000.0,5,30,30.49397993866986,52.81712257876227,204.95848730044858,57.97101449275364,41.58790170132326,9.549296585513723,4.416,2.037183271576261,0.2346,57.59038155841325,57.82498155841325,99.69254827915981,2.30361526233653,67.3715688394769,1.1006606936971108,94.22110552763652,36.396123969223275,14.247670085822252,True,
47000.0,5,30,30.49397993866986,52.81712257876227,204.95848730044858,57.97101449275364,41.58790170132326,9.75688998954663,4.5120000000000005,2.0814698644366145,0.23970000000000002,57.938261555306504,58.1779615553065,99.6906773124211,2.31753046221226,67.41609747907924,1.0938838511050686,94.22110552763652,36.04314397233002,13.306230296762205,True,
48000.0,5,30,30.49397993866986,52.81712257876227,204.95848730044858,57.97101449275364,41.58790170132326,9.964483393579536,4.6080000000000005,2.125756457296968,0.24480000000000002,58.28614155219976,58.53094155219976,99.68880641590731,2.33144566208799,67.46062611868157,1.087187903487958,94.22110552763652,35.69016397543677,12.404017165579656,True,
49000.0,5,30,30.49397993866986,52.81712257876227,204.95848730044858,57.97101449275364,41.58790170132326,10.172076797612444,4.704,2.1700430501573216,0.2499,58.634021549093035,58.88392154909303,99.68693558961449,2.345360861963721,67.50515475828391,1.0805714109781275,94.22110552763652,35.33718397854349,11.538629060159664,True,
50000.0,5,30,30.49397993866986,52.81712257876227,204.95848730044858,57.97101449275364,41.58790170132326,10.37967020164535,4.8,2.214329643017675,0.255,58.98190154598629,59.23690154598629,99.68506483353868,2.3592760618394517,67.54968339788624,1.0740329676777476,94.22110552763652,34.98420398165023,10.70785647895647,True,
51000.0,5,30,30.49397993866986,52.81712257876227,204.95848730044858,57.97101449275364,41.58790170132326,10.587263605678258,4.896,2.258616235878028,0.2601,59.32978154287955,59.58988154287955,99.68319414767595,2.3731912617151822,67.59421203748857,1.0675712006628981,94.22110552763652,34.63122398475697,9.909663214663208,True,
52000.0,5,30,30.49397993866986,52.81712257876227,204.95848730044858,57.97101449275364,41.58790170132326,10.794857009711166,4.992,2.302902828738382,0.2652,59.67766153977281,59.94286153977281,99.68132353202232,2.387106461590912,67.63874067709092,1.0611847690224938,94.22110552763652,34.27824398786372,9.142169691304296,True,
53000.0,5,30,30.49397993866986,52.81712257876227,204.95848730044858,57.97101449275364,41.58790170132326,11.002450413744072,5.088,2.3471894215987352,0.27030000000000004,60.02554153666607,60.29584153666607,99.67945298657386,2.401021661466643,67.68326931669326,1.0548723629306256,94.22110552763652,33.92526399097046,8.403638187694787,True,
54000.0,5,30,30.49397993866986,52.81712257876227,204.95848730044858,57.97101449275364,41.58790170132326,11.21004381777698,5.184,2.391476014459089,0.27540000000000003,60.37342153355932,60.64882153355932,99.6775825113266,2.4149368613423725,67.7277979562956,1.048632702750977,94.22110552763652,33.5722839940772,7.692459702737471,True,
55000.0,5,30,30.49397993866986,52.81712257876227,204.95848730044858,57.97101449275364,41.58790170132326,11.417637221809885,5.28,2.4357626073194423,0.2805,60.721301530452585,61.00180153045259,99.6757121062766,2.4288520612181035,67.77232659589794,1.0424645381720217,94.22110552763652,33.219303997183935,7.007142253596794,True,
56000.0,5,30,30.49397993866986,52.81712257876227,204.95848730044858,57.97101449275364,41.58790170132326,11.625230625842793,5.376,2.480049200179796,0.2856,61.06918152734585,61.35478152734585,99.67384177141992,2.4427672610938336,67.81685523550026,1.0363666473717843,94.22110552763652,32.866324000290675,6.346300427639707,True,
57000.0,5,30,30.49397993866986,52.81712257876227,204.95848730044858,57.97101449275364,41.58790170132326,11.8328240298757,5.472,2.5243357930401493,0.2907,61.41706152423912,61.70776152423912,99.67197150675257,2.4566824609695646,67.8613838751026,1.0303378362109823,94.22110552763652,32.51334400339741,5.708646034172345,True,
58000.0,5,30,30.49397993866986,52.81712257876227,204.95848730044858,57.97101449275364,41.58790170132326,12.040417433908607,5.5680000000000005,2.568622385900503,0.2958,61.76494152113237,62.06074152113237,99.67010131227063,2.4705976608452946,67.90591251470494,1.0243769374534384,94.22110552763652,32.16036400650415,5.092979723238339,True,
59000.0,5,30,30.49397993866986,52.81712257876227,204.95848730044858,57.97101449275364,41.58790170132326,12.248010837941514,5.664,2.6129089787608564,0.3009,62.11282151802563,62.41372151802563,99.66823118797012,2.484512860721025,67.95044115430728,1.0184828100126877,94.22110552763652,31.807384009610892,4.498183456742774,True,
60000.0,5,30,30.49397993866986,52.81712257876227,204.95848730044858,57.97101449275364,41.58790170132326,12.45560424197442,5.76,2.6571955716212097,0.306,62.46070151491889,62.766701514918886,99.66636113384712,2.4984280605967553,67.99496979390962,1.0126543382237645,94.22110552763652,31.45440401271764,3.923213732463724,True,
61000.0,5,30,30.49397993866986,52.81712257876227,204.95848730044858,57.97101449275364,41.58790170132326,12.663197646007328,5.856,2.7014821644815634,0.31110000000000004,62.80858151181215,63.11968151181215,99.66449114989769,2.5123432604724862,68.03949843351197,1.0068904311391864,94.22110552763652,31.10142401582437,3.367095474554487,True,
62000.0,5,30,30.49397993866986,52.81712257876227,204.95848730044858,57.97101449275364,41.58790170132326,12.870791050040236,5.952,2.7457687573419167,0.31620000000000004,63.15646150870541,63.472661508705414,99.66262123611784,2.5262584603482163,68.0840270731143,1.0011900218482075,94.22110552763652,30.74844401893111,2.828916515287479,True,
63000.0,5,30,30.49397993866986,52.81712257876227,204.95848730044858,57.97101449275364,41.58790170132326,13.078384454073142,6.048,2.7900553502022705,0.32130000000000003,63.50434150559868,63.82564150559868,99.66075139250366,2.5401736602239473,68.12855571271663,0.9955520668184468,94.22110552763652,30.395464022037842,2.307822602346407,True,
64000.0,5,30,30.49397993866986,52.81712257876227,204.95848730044858,57.97101449275364,41.58790170132326,13.28597785810605,6.144,2.8343419430626238,0.3264,63.852221502491936,64.17862150249194,99.65888161905116,2.5540888600996774,68.17308435231897,0.9899755452590364,94.22110552763652,30.04248402514459,1.8030128741847407,True,
65000.0,5,30,30.49397993866986,52.81712257876227,204.95848730044858,57.97101449275364,41.58790170132326,13.493571262138955,6.24,2.8786285359229775,0.3315,64.2001014993852,64.5316014993852,99.65701191575643,2.5680040599754075,68.2176129919213,0.984459458504477,94.22110552763652,29.68950402825132,1.313735753043441,True,
66000.0,5,30,30.49397993866986,52.81712257876227,204.95848730044858,57.97101449275364,41.58790170132326,13.701164666171863,6.336,2.922915128783331,0.3366,64.54798149627845,64.88458149627846,99.6551422826155,2.581919259851138,68.26214163152365,0.9790028294184165,94.22110552763652,29.336524031358067,0.8392852113306605,True,
67000.0,5,30,30.49397993866986,52.81712257876227,204.95848730044858,57.97101449275364,41.58790170132326,13.90875807020477,6.432,2.9672017216436846,0.3417,64.89586149317172,65.23756149317173,99.6532727196244,2.5958344597268685,68.30667027112598,0.9736047018166056,94.22110552763652,28.9835440344648,0.3789973723555764,True,
68000.0,5,30,30.49397993866986,52.81712257876227,204.95848730044858,57.97101449275364,41.58790170132326,14.116351474237677,6.5280000000000005,3.011488314504038,0.3468,65.24374149006498,65.59054149006498,99.65140322677924,2.609749659602599,68.35119891072831,0.9682641399083146,94.22110552763652,28.630564037571546,-0.06775258900259229,False,SVM_minimum_pulse_deadtime
69000.0,5,30,30.49397993866986,52.81712257876227,204.95848730044858,57.97101449275364,41.58790170132326,14.323944878270584,6.6240000000000006,3.055774907364391,0.35190000000000005,65.59162148695823,65.94352148695823,99.64953380407603,2.623664859478329,68.39572755033065,0.9629802277555242,94.22110552763652,28.277584040678292,-0.5015532761185,False,SVM_minimum_pulse_deadtime
70000.0,5,30,30.49397993866986,52.81712257876227,204.95848730044858,57.97101449275364,41.58790170132326,14.53153828230349,6.72,3.100061500224745,0.35700000000000004,65.93950148385149,66.29650148385149,99.64766445151083,2.6375800593540597,68.440256189933,0.9577520687492372,94.22110552763652,27.92460404378504,-0.9229596578882348,False,SVM_minimum_pulse_deadtime
71000.0,5,30,30.49397993866986,52.81712257876227,204.95848730044858,57.97101449275364,41.58790170132326,14.739131686336398,6.816,3.144348093085098,0.36210000000000003,66.28738148074476,66.64948148074475,99.6457951690797,2.6514952592297902,68.48478482953533,0.952578785102279,94.22110552763652,27.57162404689177,-1.332495437354597,False,SVM_minimum_pulse_deadtime
72000.0,5,30,30.49397993866986,52.81712257876227,204.95848730044858,57.97101449275364,41.58790170132326,14.946725090369306,6.912,3.188634685945452,0.3672,66.63526147763801,67.00246147763801,99.64392595677869,2.6654104591055208,68.52931346913766,0.9474595173579864,94.22110552763652,27.218644049998517,-1.7306552229468934,False,SVM_minimum_pulse_deadtime
73000.0,5,30,30.49397993866986,52.81712257876227,204.95848730044858,57.97101449275364,41.58790170132326,15.154318494402212,7.008,3.2329212788058053,0.3723,66.98314147453128,67.35544147453128,99.64205681460385,2.679325658981251,68.57384210874001,0.942393423914205,94.22110552763652,26.86566405310525,-2.117906521262692,False,SVM_minimum_pulse_deadtime
74000.0,5,30,30.49397993866986,52.81712257876227,204.95848730044858,57.97101449275364,41.58790170132326,15.36191189843512,7.104,3.277207871666159,0.3774,67.33102147142455,67.70842147142454,99.64018774255123,2.693240858856982,68.61837074834234,0.9373796805620446,94.22110552763652,26.51268405621198,-2.494691568272655,False,SVM_minimum_pulse_deadtime
75000.0,5,30,30.49397993866986,52.81712257876227,204.95848730044858,57.97101449275364,41.58790170132326,15.569505302468025,7.2,3.3214944645265123,0.3825,67.67890146831779,68.06140146831778,99.6383187406169,2.7071560587327115,68.66289938794468,0.9324174800388589,94.22110552763652,26.15970405931874,-2.861429014029019,False,SVM_minimum_pulse_deadtime
76000.0,5,30,30.49397993866986,52.81712257876227,204.95848730044858,57.97101449275364,41.58790170132326,15.777098706500933,7.296,3.3657810573868656,0.3876,68.02678146521107,68.41438146521108,99.63644980879688,2.721071258608443,68.70742802754701,0.9275060315949393,94.22110552763652,25.806724062425445,-3.218515474370742,False,SVM_minimum_pulse_deadtime
77000.0,5,30,30.49397993866986,52.81712257876227,204.95848730044858,57.97101449275364,41.58790170132326,15.98469211053384,7.392,3.4100676502472194,0.39270000000000005,68.37466146210431,68.76736146210432,99.63458094708727,2.7349864584841725,68.75195666714936,0.9226445605734418,94.22110552763652,25.453744065532206,-3.5663269617165776,False,SVM_minimum_pulse_deadtime
78000.0,5,30,30.49397993866986,52.81712257876227,204.95848730044858,57.97101449275364,41.58790170132326,16.19228551456675,7.488,3.4543542431075727,0.39780000000000004,68.72254145899758,69.12034145899759,99.6327121554841,2.748901658359903,68.79648530675169,0.9178323080030649,94.22110552763652,25.100764068638938,-3.905220205797135,False,SVM_minimum_pulse_deadtime
79000.0,5,30,30.49397993866986,52.81712257876227,204.95848730044858,57.97101449275364,41.58790170132326,16.399878918599654,7.5840000000000005,3.4986408359679264,0.40290000000000004,69.07042145589085,69.47332145589085,99.63084343398343,2.762816858235634,68.84101394635402,0.913068530203044,94.22110552763652,24.74778407174567,-4.2355338740781825,False,SVM_minimum_pulse_deadtime
80000.0,5,30,30.49397993866986,52.81712257876227,204.95848730044858,57.97101449275364,41.58790170132326,16.60747232263256,7.680000000000001,3.5429274288282797,0.40800000000000003,69.4183014527841,69.82630145278411,99.62897478258131,2.776732058111364,68.88554258595637,0.908352498400018,94.22110552763652,24.394804074852416,-4.557589700652206,False,SVM_minimum_pulse_deadtime
81000.0,5,30,30.49397993866986,52.81712257876227,204.95848730044858,57.97101449275364,41.58790170132326,16.81506572666547,7.776,3.5872140216886335,0.4131,69.76618144967736,70.17928144967736,99.62710620127382,2.7906472579870947,68.93007122555869,0.9036834983563601,94.22110552763652,24.041824077959163,-4.871693531508351,False,SVM_minimum_pulse_deadtime
82000.0,5,30,30.49397993866986,52.81712257876227,204.95848730044858,57.97101449275364,41.58790170132326,17.022659130698376,7.872,3.6315006145489868,0.4182,70.11406144657062,70.53226144657062,99.62523769005698,2.8045624578628243,68.97459986516104,0.8990608300095736,94.22110552763652,23.68884408106591,-5.178136293319223,False,SVM_minimum_pulse_deadtime
83000.0,5,30,30.49397993866986,52.81712257876227,204.95848730044858,57.97101449275364,41.58790170132326,17.23025253473128,7.968,3.6757872074093405,0.4233,70.46194144346389,70.88524144346388,99.62336924892686,2.8184776577385553,69.01912850476337,0.8944838071223691,94.22110552763652,23.33586408417264,-5.4771948921948965,False,SVM_minimum_pulse_deadtime
84000.0,5,30,30.49397993866986,52.81712257876227,204.95848730044858,57.97101449275364,41.58790170132326,17.437845938764188,8.064,3.720073800269694,0.4284,70.80982144035713,71.23822144035712,99.62150087787951,2.832392857614285,69.06365714436572,0.8899517569430574,94.22110552763652,22.982884087279402,-5.769133048240197,False,SVM_minimum_pulse_deadtime
85000.0,5,30,30.49397993866986,52.81712257876227,204.95848730044858,57.97101449275364,41.58790170132326,17.645439342797097,8.16,3.764360393130047,0.43350000000000005,71.15770143725041,71.5912014372504,99.619632576911,2.8463080574900164,69.10818578396805,0.885464019875902,94.22110552763652,22.62990409038612,-6.054202071202076,False,SVM_minimum_pulse_deadtime
86000.0,5,30,30.49397993866986,52.81712257876227,204.95848730044858,57.97101449275364,41.58790170132326,17.853032746830003,8.256,3.808646985990401,0.43860000000000005,71.50558143414366,71.94418143414366,99.6177643460174,2.8602232573657465,69.15271442357039,0.8810199491610976,94.22110552763652,22.276924093492866,-6.332641582002052,False,SVM_minimum_pulse_deadtime
87000.0,5,30,30.49397993866986,52.81712257876227,204.95848730044858,57.97101449275364,41.58790170132326,18.06062615086291,8.352,3.852933578850754,0.44370000000000004,71.85346143103692,72.29716143103693,99.61589618519474,2.8741384572414765,69.19724306317272,0.8766189105640416,94.22110552763652,21.923944096599598,-6.604680184507776,False,SVM_minimum_pulse_deadtime
88000.0,5,30,30.49397993866986,52.81712257876227,204.95848730044858,57.97101449275364,41.58790170132326,18.26821955489582,8.448,3.897220171711108,0.44880000000000003,72.20134142793019,72.6501414279302,99.6140280944391,2.8880536571172075,69.24177170277505,0.8722602820735899,94.22110552763652,21.57096409970633,-6.870536091502005,False,SVM_minimum_pulse_deadtime
89000.0,5,30,30.49397993866986,52.81712257876227,204.95848730044858,57.97101449275364,41.58790170132326,18.475812958928724,8.544,3.941506764571461,0.4539,72.54922142482344,73.00312142482345,99.61216007374652,2.9019688569929376,69.2863003423774,0.8679434536089948,94.22110552763652,21.217984102813077,-7.130417708451421,False,SVM_minimum_pulse_deadtime
90000.0,5,30,30.49397993866986,52.81712257876227,204.95848730044858,57.97101449275364,41.58790170132326,18.68340636296163,8.64,3.985793357431815,0.459,72.89710142171671,73.35610142171672,99.61029212311308,2.9158840568686686,69.33082898197974,0.8636678267352329,94.22110552763652,20.86500410591981,-7.384524178357518,False,SVM_minimum_pulse_deadtime
91000.0,5,30,30.49397993866986,52.81712257876227,204.95848730044858,57.97101449275364,41.58790170132326,18.89099976699454,8.736,4.030079950292168,0.4641,73.24498141860997,73.70908141860997,99.60842424253481,2.9297992567443987,69.37535762158208,0.8594328143864463,94.22110552763652,20.512024109026555,-7.633045890683259,False,SVM_minimum_pulse_deadtime
92000.0,5,30,30.49397993866986,52.81712257876227,204.95848730044858,57.97101449275364,41.58790170132326,19.098593171027446,8.832,4.074366543152522,0.4692,73.59286141550324,74.06206141550324,99.60655643200776,2.943714456620129,69.41988626118442,0.8552378405972262,94.22110552763652,20.159044112133287,-7.876164957088874,False,SVM_minimum_pulse_deadtime
93000.0,5,30,30.49397993866986,52.81712257876227,204.95848730044858,57.97101449275364,41.58790170132326,19.30618657506035,8.928,4.118653136012875,0.47430000000000005,73.94074141239649,74.41504141239649,99.60468869152805,2.9576296564958593,69.46441490078676,0.8510823402414851,94.22110552763652,19.806064115240034,-8.114055656475015,False,SVM_minimum_pulse_deadtime
94000.0,5,30,30.49397993866986,52.81712257876227,204.95848730044858,57.97101449275364,41.58790170132326,19.51377997909326,9.024000000000001,4.162939728873229,0.47940000000000005,74.28862140928975,74.76802140928974,99.6028210210917,2.97154485637159,69.50894354038908,0.8469657587786625,94.22110552763652,19.45308411834678,-8.346884851618897,False,SVM_minimum_pulse_deadtime
95000.0,5,30,30.49397993866986,52.81712257876227,204.95848730044858,57.97101449275364,41.58790170132326,19.721373383126167,9.120000000000001,4.207226321733582,0.48450000000000004,74.63650140618302,75.12100140618301,99.60095342069476,2.9854600562473204,69.55347217999142,0.8428875520070302,94.22110552763652,19.100104121453512,-8.574812379496594,False,SVM_minimum_pulse_deadtime
96000.0,5,30,30.49397993866986,52.81712257876227,204.95848730044858,57.97101449275364,41.58790170132326,19.928966787159073,9.216000000000001,4.251512914593936,0.48960000000000004,74.98438140307626,75.47398140307625,99.59908589033331,2.99937525612305,69.59800081959376,0.8388471858238649,94.22110552763652,18.747124124560273,-8.797991417210172,False,SVM_minimum_pulse_deadtime
97000.0,5,30,30.49397993866986,52.81712257876227,204.95848730044858,57.97101449275364,41.58790170132326,20.13656019119198,9.312,4.295799507454289,0.49470000000000003,75.33226139996952,75.82696139996952,99.59721843000341,3.013290455998781,69.6425294591961,0.8348441359922628,94.22110552763652,18.394144127667005,-9.01656882528017,False,SVM_minimum_pulse_deadtime
98000.0,5,30,30.49397993866986,52.81712257876227,204.95848730044858,57.97101449275364,41.58790170132326,20.34415359522489,9.408,4.340086100314643,0.4998,75.68014139686278,76.17994139686277,99.5953510397011,3.027205655874511,69.68705809879845,0.8308778879143914,94.22110552763652,18.04116413077375,-9.230685469920168,False,SVM_minimum_pulse_deadtime
99000.0,5,30,30.49397993866986,52.81712257876227,204.95848730044858,57.97101449275364,41.58790170132326,20.551746999257794,9.504,4.3843726931749964,0.5049,76.02802139375605,76.53292139375606,99.59348371942247,3.041120855750242,69.73158673840076,0.8269479364109593,94.22110552763652,17.68818413388047,-9.440476525779559,False,SVM_minimum_pulse_deadtime
100000.0,5,30,30.49397993866986,52.81712257876227,204.95848730044858,57.97101449275364,41.58790170132326,20.7593404032907,9.6,4.42865928603535,0.51,76.37590139064932,76.88590139064932,99.59161646916355,3.055036055625973,69.77611537800311,0.8230537855067193,94.22110552763652,17.3352041369872,-9.646071760521766,False,SVM_minimum_pulse_deadtime
10000.0,6,36,30.49397993866986,52.81712257876227,204.95848730044858,48.30917874396136,34.65658475110272,2.07593404032907,1.152,0.44286592860353496,0.061200000000000004,38.327384720035326,38.388584720035325,99.79567920608552,1.2775794906678442,64.72704411547103,1.6725820147864612,94.22110552763652,55.8325208076012,173.53928239478236,True,
11000.0,6,36,30.49397993866986,52.81712257876227,204.95848730044858,48.30917874396136,34.65658475110272,2.2835274443619773,1.2671999999999999,0.4871525214638885,0.06732,38.69446471692859,38.761784716928595,99.79369697076868,1.2898154905642865,64.77231731508786,1.65649349656368,94.22110552763652,55.45932081070793,155.03571126798397,True,
12000.0,6,36,30.49397993866986,52.81712257876227,204.95848730044858,48.30917874396136,34.65658475110272,2.491120848394884,1.3823999999999999,0.531439114324242,0.07344,39.061544713821846,39.134984713821844,99.79171481419628,1.302051490460728,64.81759051470469,1.6407073613245993,94.22110552763652,55.08612081381468,139.61606866231864,True,
13000.0,6,36,30.49397993866986,52.81712257876227,204.95848730044858,48.30917874396136,34.65658475110272,2.6987142524277914,1.4976,0.5757257071845955,0.07956,39.428624710715106,39.508184710715106,99.78973273636367,1.3142874903571702,64.86286371432152,1.6252151635239673,94.22110552763652,54.71292081692142,126.56867876521719,True,
14000.0,6,36,30.49397993866986,52.81712257876227,204.95848730044858,48.30917874396136,34.65658475110272,2.906307656460698,1.6128,0.620012300044949,0.08568,39.795704707608365,39.88138470760837,99.78775073726614,1.326523490253612,64.90813691393836,1.6100087692271206,94.22110552763652,54.339720820028155,115.38520171055883,True,
15000.0,6,36,30.49397993866986,52.81712257876227,204.95848730044858,48.30917874396136,34.65658475110272,3.113901060493605,1.728,0.6642988929053024,0.0918,40.162784704501625,40.254584704501625,99.78576881689901,1.3387594901500541,64.9534101135552,1.595080341869684,94.22110552763652,53.9665208231349,105.6928549298549,True,
16000.0,6,36,30.49397993866986,52.81712257876227,204.95848730044858,48.30917874396136,34.65658475110272,3.3214944645265123,1.8432,0.7085854857656559,0.09792000000000001,40.529864701394885,40.62778470139489,99.78378697525757,1.3509954900464962,64.99868331317204,1.5804223287911183,94.22110552763652,53.59332082624164,97.21205149673898,True,
17000.0,6,36,30.49397993866986,52.81712257876227,204.95848730044858,48.30917874396136,34.65658475110272,3.529087868559419,1.9584,0.7528720786260095,0.10404000000000001,40.89694469828815,41.00098469828815,99.78180521233715,1.3632314899429383,65.04395651278887,1.5660274484934995,94.22110552763652,53.220120829348375,89.72898964398965,True,
18000.0,6,36,30.49397993866986,52.81712257876227,204.95848730044858,48.30917874396136,34.65658475110272,3.7366812725923264,2.0736,0.797158671486363,0.11016000000000001,41.26402469518141,41.37418469518141,99.77982352813304,1.3754674898393804,65.08922971240571,1.55188867858036,94.22110552763652,52.84692083245511,83.07737910821244,True,
19000.0,6,36,30.49397993866986,52.81712257876227,204.95848730044858,48.30917874396136,34.65658475110272,3.9442746766252332,2.1888,0.8414452643467164,0.11628000000000001,41.63110469207467,41.747384692074675,99.77784192264058,1.3877034897358225,65.13450291202254,1.5379992443336263,94.22110552763652,52.47372083556185,77.12593810251703,True,
20000.0,6,36,30.49397993866986,52.81712257876227,204.95848730044858,48.30917874396136,34.65658475110272,4.15186808065814,2.304,0.8857318572070699,0.12240000000000001,41.99818468896793,42.12058468896793,99.77586039585502,1.3999394896322643,65.17977611163938,1.5243526078896017,94.22110552763652,52.100520838668594,71.76964119739118,True,
21000.0,6,36,30.49397993866986,52.81712257876227,204.95848730044858,48.30917874396136,34.65658475110272,4.359461484691047,2.4192,0.9300184500674235,0.12852000000000002,42.36526468586119,42.49378468586119,99.77387894777173,1.4121754895287064,65.22504931125621,1.5109424579776751,94.22110552763652,51.72732084177533,66.92346780703922,True,
22000.0,6,36,30.49397993866986,52.81712257876227,204.95848730044858,48.30917874396136,34.65658475110272,4.567054888723955,2.5343999999999998,0.974305042927777,0.13464,42.732344682754444,42.86698468275444,99.77189757838603,1.424411489425148,65.27032251087306,1.497762700187901,94.22110552763652,51.35412084488208,62.51785563399198,True,
23000.0,6,36,30.49397993866986,52.81712257876227,204.95848730044858,48.30917874396136,34.65658475110272,4.774648292756861,2.6496,1.0185916357881304,0.14076000000000002,43.09942467964771,43.24018467964771,99.76991628769318,1.4366474893215904,65.31559571048989,1.484807447735935,94.22110552763652,50.98092084798881,58.4953401716445,True,
24000.0,6,36,30.49397993866986,52.81712257876227,204.95848730044858,48.30917874396136,34.65658475110272,4.982241696789768,2.7647999999999997,1.062878228648484,0.14688,43.46650467654098,43.61338467654098,99.76793507568853,1.4488834892180327,65.36086891010672,1.4720710126959144,94.22110552763652,50.60772085109554,54.80803433115931,True,
25000.0,6,36,30.49397993866986,52.81712257876227,204.95848730044858,48.30917874396136,34.65658475110272,5.189835100822675,2.88,1.1071648215088374,0.15300000000000002,43.83358467343424,43.98658467343424,99.76595394236736,1.4611194891144745,65.40614210972356,1.4595478976738552,94.22110552763652,50.23452085420229,51.41571295791294,True,
26000.0,6,36,30.49397993866986,52.81712257876227,204.95848730044858,48.30917874396136,34.65658475110272,5.397428504855583,2.9952,1.151451414369191,0.15912,44.20066467032749,44.35978467032749,99.76397288772502,1.4733554890109164,65.45141530934039,1.4472327878959563,94.22110552763652,49.86132085730903,48.28433938260859,True,
27000.0,6,36,30.49397993866986,52.81712257876227,204.95848730044858,48.30917874396136,34.65658475110272,5.60502190888849,3.1104,1.1957380072295445,0.16524000000000003,44.56774466722075,44.73298466722075,99.7619919117568,1.4855914889073583,65.49668850895723,1.4351205436878887,94.22110552763652,49.488120860415776,45.38491940547494,True,
28000.0,6,36,30.49397993866986,52.81712257876227,204.95848730044858,48.30917874396136,34.65658475110272,5.812615312921396,3.2256,1.240024600089898,0.17136,44.93482466411401,45.10618466411401,99.76001101445802,1.4978274888038003,65.54196170857406,1.423206193322715,94.22110552763652,49.114920863522514,42.69260085527941,True,
29000.0,6,36,30.49397993866986,52.81712257876227,204.95848730044858,48.30917874396136,34.65658475110272,6.020208716954303,3.3407999999999998,1.2843111929502515,0.17748000000000003,45.30190466100727,45.47938466100727,99.75803019582398,1.5100634887002424,65.5872349081909,1.4114849262165237,94.22110552763652,48.74172086662925,40.18595944647667,True,
30000.0,6,36,30.49397993866986,52.81712257876227,204.95848730044858,48.30917874396136,34.65658475110272,6.22780212098721,3.456,1.3285977858106048,0.1836,45.668984657900545,45.85258465790054,99.75604945585003,1.522299488596685,65.63250810780774,1.3999520864522206,94.22110552763652,48.36852086973598,37.846427464927444,True,
31000.0,6,36,30.49397993866986,52.81712257876227,204.95848730044858,48.30917874396136,34.65658475110272,6.435395525020118,3.5711999999999997,1.3728843786709584,0.18972000000000003,46.0360646547938,46.2257846547938,99.75406879453143,1.5345354884931266,65.67778130742457,1.3886031666131595,94.22110552763652,47.995320872842726,35.657833030574956,True,
32000.0,6,36,30.49397993866986,52.81712257876227,204.95848730044858,48.30917874396136,34.65658475110272,6.642988929053025,3.6864,1.4171709715313119,0.19584000000000001,46.40314465168706,46.598984651687054,99.75208821186357,1.5467714883895687,65.7230545070414,1.3774338019094465,94.22110552763652,47.62212087594947,33.606025748369476,True,
33000.0,6,36,30.49397993866986,52.81712257876227,204.95848730044858,48.30917874396136,34.65658475110272,6.8505823330859315,3.8015999999999996,1.4614575643916654,0.20196000000000003,46.77022464858032,46.97218464858032,99.75010770784168,1.5590074882860105,65.76832770665824,1.366439764580855,94.22110552763652,47.24892087905621,31.67857042266132,True,
34000.0,6,36,30.49397993866986,52.81712257876227,204.95848730044858,48.30917874396136,34.65658475110272,7.058175737118838,3.9168,1.505744157252019,0.20808000000000001,47.13730464547358,47.34538464547358,99.74812728246114,1.5712434881824526,65.81360090627507,1.3556169585612565,94.22110552763652,46.875720882162945,29.864494821994814,True,
35000.0,6,36,30.49397993866986,52.81712257876227,204.95848730044858,48.30917874396136,34.65658475110272,7.265769141151745,4.032,1.5500307501123725,0.21420000000000003,47.50438464236683,47.71858464236683,99.74614693571722,1.5834794880788943,65.8588741058919,1.3449614143904314,94.22110552763652,46.502520885269696,28.15408068422353,True,
36000.0,6,36,30.49397993866986,52.81712257876227,204.95848730044858,48.30917874396136,34.65658475110272,7.473362545184653,4.1472,1.594317342972726,0.22032000000000002,47.8714646392601,48.0917846392601,99.74416666760528,1.5957154879753366,65.90414730550874,1.3344692843599748,94.22110552763652,46.12932088837643,26.538689554106213,True,
37000.0,6,36,30.49397993866986,52.81712257876227,204.95848730044858,48.30917874396136,34.65658475110272,7.68095594921756,4.2623999999999995,1.6386039358330795,0.22644000000000003,48.238544636153364,48.46498463615336,99.74218647812062,1.6079514878717789,65.94942050512557,1.3241368378808376,94.22110552763652,45.756120891483164,25.01061686345469,True,
38000.0,6,36,30.49397993866986,52.81712257876227,204.95848730044858,48.30917874396136,34.65658475110272,7.8885493532504665,4.3776,1.6828905286934328,0.23256000000000002,48.605624633046624,48.83818463304662,99.74020636725855,1.6201874877682207,65.99469370474242,1.3139604570607717,94.22110552763652,45.3829208945899,23.562969051258516,True,
39000.0,6,36,30.49397993866986,52.81712257876227,204.95848730044858,48.30917874396136,34.65658475110272,8.096142757283374,4.4928,1.7271771215537863,0.23868000000000003,48.972704629939884,49.211384629939886,99.73822633501437,1.6324234876646628,66.03996690435925,1.3039366324806783,94.22110552763652,45.00972089769664,22.189559588405732,True,
40000.0,6,36,30.49397993866986,52.81712257876227,204.95848730044858,48.30917874396136,34.65658475110272,8.30373616131628,4.608,1.7714637144141399,0.24480000000000002,49.339784626833136,49.584584626833134,99.73624638138344,1.6446594875611045,66.08524010397609,1.294061959159495,94.22110552763652,44.63652090080339,20.88482059869559,True,
41000.0,6,36,30.49397993866986,52.81712257876227,204.95848730044858,48.30917874396136,34.65658475110272,8.511329565349188,4.723199999999999,1.8157503072744934,0.25092000000000003,49.706864623726396,49.9577846237264,99.73426650636107,1.6568954874575466,66.13051330359292,1.2843331326978753,94.22110552763652,44.26332090391013,19.643727413361553,True,
42000.0,6,36,30.49397993866986,52.81712257876227,204.95848730044858,48.30917874396136,34.65658475110272,8.718922969382094,4.8384,1.860036900134847,0.25704000000000005,50.073944620619656,50.33098462061966,99.73228670994253,1.6691314873539886,66.17578650320976,1.2747469455914877,94.22110552763652,43.890120907016865,18.461733903519608,True,
43000.0,6,36,30.49397993866986,52.81712257876227,204.95848730044858,48.30917874396136,34.65658475110272,8.926516373415001,4.9536,1.9043234929952004,0.26316,50.44102461751293,50.70418461751293,99.7303069921232,1.6813674872504312,66.2210597028266,1.2653002837052914,94.22110552763652,43.516920910123595,17.3347168359959,True,
44000.0,6,36,30.49397993866986,52.81712257876227,204.95848730044858,48.30917874396136,34.65658475110272,9.13410977744791,5.0687999999999995,1.948610085855554,0.26928,50.80810461440618,51.077384614406185,99.72832735289838,1.6936034871468728,66.26633290244344,1.2559901229006516,94.22110552763652,43.14372091323034,16.258927816995993,True,
45000.0,6,36,30.49397993866986,52.81712257876227,204.95848730044858,48.30917874396136,34.65658475110272,9.341703181480815,5.184,1.9928966787159075,0.27540000000000003,51.17518461129944,51.45058461129944,99.72634779226338,1.705839487043315,66.31160610206027,1.2468135258076114,94.22110552763652,42.770520916337084,15.230951643284966,True,
46000.0,6,36,30.49397993866986,52.81712257876227,204.95848730044858,48.30917874396136,34.65658475110272,9.549296585513723,5.2992,2.037183271576261,0.28152000000000005,51.5422646081927,51.8237846081927,99.7243683102135,1.7180754869397568,66.3568793016771,1.2377676387350955,94.22110552763652,42.39732091944382,14.247670085822252,True,
47000.0,6,36,30.49397993866986,52.81712257876227,204.95848730044858,48.30917874396136,34.65658475110272,9.75688998954663,5.4144,2.0814698644366145,0.28764,51.90934460508596,52.196984605085966,99.72238890674413,1.7303114868361988,66.40215250129394,1.228849688712209,94.22110552763652,42.02412092255056,13.306230296762205,True,
48000.0,6,36,30.49397993866986,52.81712257876227,204.95848730044858,48.30917874396136,34.65658475110272,9.964483393579536,5.529599999999999,2.125756457296968,0.29376,52.27642460197922,52.57018460197922,99.7204095818505,1.7425474867326407,66.44742570091077,1.2200569806541892,94.22110552763652,41.6509209256573,12.404017165579656,True,
49000.0,6,36,30.49397993866986,52.81712257876227,204.95848730044858,48.30917874396136,34.65658475110272,10.172076797612444,5.6448,2.1700430501573216,0.29988000000000004,52.64350459887248,52.943384598872484,99.71843033552803,1.7547834866290828,66.49269890052761,1.2113868946469324,94.22110552763652,41.27772092876404,11.538629060159664,True,
50000.0,6,36,30.49397993866986,52.81712257876227,204.95848730044858,48.30917874396136,34.65658475110272,10.37967020164535,5.76,2.214329643017675,0.30600000000000005,53.01058459576574,53.31658459576574,99.71645116777194,1.7670194865255249,66.53797210014444,1.202836883344336,94.22110552763652,40.904520931870785,10.70785647895647,True,
51000.0,6,36,30.49397993866986,52.81712257876227,204.95848730044858,48.30917874396136,34.65658475110272,10.587263605678258,5.8751999999999995,2.258616235878028,0.31212,53.37766459265901,53.68978459265901,99.71447207857763,1.779255486421967,66.58324529976129,1.1944044694730374,94.22110552763652,40.531320934977515,9.909663214663208,True,
52000.0,6,36,30.49397993866986,52.81712257876227,204.95848730044858,48.30917874396136,34.65658475110272,10.794857009711166,5.9904,2.302902828738382,0.31824,53.74474458955227,54.06298458955227,99.71249306794037,1.791491486318409,66.62851849937812,1.1860872434394085,94.22110552763652,40.15812093808425,9.142169691304296,True,
53000.0,6,36,30.49397993866986,52.81712257876227,204.95848730044858,48.30917874396136,34.65658475110272,11.002450413744072,6.1056,2.3471894215987352,0.32436000000000004,54.11182458644553,54.43618458644553,99.71051413585553,1.803727486214851,66.67379169899496,1.1778828610339482,94.22110552763652,39.784920941191,8.403638187694787,True,
54000.0,6,36,30.49397993866986,52.81712257876227,204.95848730044858,48.30917874396136,34.65658475110272,11.21004381777698,6.2208,2.391476014459089,0.33048000000000005,54.47890458333878,54.80938458333878,99.7085352823184,1.8159634861112928,66.71906489861178,1.169789041228487,94.22110552763652,39.41172094429774,7.692459702737471,True,
55000.0,6,36,30.49397993866986,52.81712257876227,204.95848730044858,48.30917874396136,34.65658475110272,11.417637221809885,6.335999999999999,2.4357626073194423,0.33660000000000007,54.84598458023204,55.18258458023204,99.70655650732432,1.8281994860077346,66.76433809822862,1.1618035640618452,94.22110552763652,39.038520947404486,7.007142253596794,True,
56000.0,6,36,30.49397993866986,52.81712257876227,204.95848730044858,48.30917874396136,34.65658475110272,11.625230625842793,6.4512,2.480049200179796,0.34272,55.213064577125316,55.555784577125316,99.7045778108686,1.840435485904177,66.80961129784545,1.1539242686098379,94.22110552763652,38.66532095051121,6.346300427639707,True,
57000.0,6,36,30.49397993866986,52.81712257876227,204.95848730044858,48.30917874396136,34.65658475110272,11.8328240298757,6.5664,2.5243357930401493,0.34884000000000004,55.580144574018576,55.92898457401858,99.70259919294658,1.852671485800619,66.85488449746228,1.146149051035721,94.22110552763652,38.292120953617946,5.708646034172345,True,
58000.0,6,36,30.49397993866986,52.81712257876227,204.95848730044858,48.30917874396136,34.65658475110272,12.040417433908607,6.6815999999999995,2.568622385900503,0.35496000000000005,55.947224570911835,56.302184570911834,99.70062065355356,1.8649074856970609,66.90015769707912,1.1384758627173837,94.22110552763652,37.91892095672469,5.092979723238339,True,
59000.0,6,36,30.49397993866986,52.81712257876227,204.95848730044858,48.30917874396136,34.65658475110272,12.248010837941514,6.796799999999999,2.6129089787608564,0.36108000000000007,56.31430456780509,56.67538456780509,99.69864219268487,1.877143485593503,66.94543089669595,1.1309027084477903,94.22110552763652,37.545720959831435,4.498183456742774,True,
60000.0,6,36,30.49397993866986,52.81712257876227,204.95848730044858,48.30917874396136,34.65658475110272,12.45560424197442,6.912,2.6571955716212097,0.3672,56.68138456469835,57.048584564698345,99.69666381033588,1.889379485489945,66.9907040963128,1.1234276447053464,94.22110552763652,37.17252096293818,3.923213732463724,True,
61000.0,6,36,30.49397993866986,52.81712257876227,204.95848730044858,48.30917874396136,34.65658475110272,12.663197646007328,7.0272,2.7014821644815634,0.37332000000000004,57.04846456159161,57.42178456159161,99.69468550650186,1.901615485386387,67.03597729592963,1.116048777991041,94.22110552763652,36.79932096604492,3.367095474554487,True,
62000.0,6,36,30.49397993866986,52.81712257876227,204.95848730044858,48.30917874396136,34.65658475110272,12.870791050040236,7.142399999999999,2.7457687573419167,0.37944000000000006,57.41554455848487,57.79498455848487,99.69270728117817,1.913851485282829,67.08125049554647,1.1087642632293784,94.22110552763652,36.426120969151654,2.828916515287479,True,
63000.0,6,36,30.49397993866986,52.81712257876227,204.95848730044858,48.30917874396136,34.65658475110272,13.078384454073142,7.2576,2.7900553502022705,0.38556000000000007,57.78262455537813,58.168184555378126,99.69072913436011,1.9260874851792709,67.1265236951633,1.101572302230258,94.22110552763652,36.0529209722584,2.307822602346407,True,
64000.0,6,36,30.49397993866986,52.81712257876227,204.95848730044858,48.30917874396136,34.65658475110272,13.28597785810605,7.3728,2.8343419430626238,0.39168000000000003,58.149704552271395,58.541384552271396,99.68875106604305,1.938323485075713,67.17179689478014,1.0944711422091142,94.22110552763652,35.67972097536513,1.8030128741847407,True,
65000.0,6,36,30.49397993866986,52.81712257876227,204.95848730044858,48.30917874396136,34.65658475110272,13.493571262138955,7.4879999999999995,2.8786285359229775,0.39780000000000004,58.516784549164655,58.91458454916465,99.68677307622227,1.950559484972155,67.21707009439697,1.0874590743627572,94.22110552763652,35.30652097847187,1.313735753043441,True,
66000.0,6,36,30.49397993866986,52.81712257876227,204.95848730044858,48.30917874396136,34.65658475110272,13.701164666171863,7.603199999999999,2.922915128783331,0.40392000000000006,58.883864546057914,59.287784546057914,99.68479516489312,1.962795484868597,67.26234329401382,1.0805344324984787,94.22110552763652,34.93332098157861,0.8392852113306605,True,
67000.0,6,36,30.49397993866986,52.81712257876227,204.95848730044858,48.30917874396136,34.65658475110272,13.90875807020477,7.7184,2.9672017216436846,0.41004000000000007,59.250944542951174,59.66098454295118,99.68281733205092,1.975031484765039,67.30761649363065,1.07369559171412,94.22110552763652,34.56012098468535,0.3789973723555764,True,
68000.0,6,36,30.49397993866986,52.81712257876227,204.95848730044858,48.30917874396136,34.65658475110272,14.116351474237677,7.8336,3.011488314504038,0.41616000000000003,59.61802453984443,60.034184539844425,99.680839577691,1.9872674846614808,67.35288969324748,1.0669409671269015,94.22110552763652,34.1869209877921,-0.06775258900259229,False,SVM_minimum_pulse_deadtime
69000.0,6,36,30.49397993866986,52.81712257876227,204.95848730044858,48.30917874396136,34.65658475110272,14.323944878270584,7.948799999999999,3.055774907364391,0.42228000000000004,59.985104536737694,60.407384536737695,99.67886190180869,1.999503484557923,67.39816289286432,1.0602690126489254,94.22110552763652,33.81372099089883,-0.5015532761185,False,SVM_minimum_pulse_deadtime
70000.0,6,36,30.49397993866986,52.81712257876227,204.95848730044858,48.30917874396136,34.65658475110272,14.53153828230349,8.064,3.100061500224745,0.42840000000000006,60.35218453363096,60.780584533630964,99.67688430439934,2.011739484454365,67.44343609248115,1.0536782198073664,94.22110552763652,33.44052099400556,-0.9229596578882348,False,SVM_minimum_pulse_deadtime
71000.0,6,36,30.49397993866986,52.81712257876227,204.95848730044858,48.30917874396136,34.65658475110272,14.739131686336398,8.1792,3.144348093085098,0.4345200000000001,60.71926453052422,61.15378453052422,99.67490678545823,2.023975484350807,67.488709292098,1.047167116607456,94.22110552763652,33.067320997112304,-1.332495437354597,False,SVM_minimum_pulse_deadtime
72000.0,6,36,30.49397993866986,52.81712257876227,204.95848730044858,48.30917874396136,34.65658475110272,14.946725090369306,8.2944,3.188634685945452,0.44064000000000003,61.086344527417474,61.526984527417476,99.67292934498076,2.0362114842472487,67.53398249171482,1.0407342664364638,94.22110552763652,32.69412100021905,-1.7306552229468934,False,SVM_minimum_pulse_deadtime
73000.0,6,36,30.49397993866986,52.81712257876227,204.95848730044858,48.30917874396136,34.65658475110272,15.154318494402212,8.4096,3.2329212788058053,0.44676000000000005,61.45342452431073,61.90018452431073,99.67095198296218,2.048447484143691,67.57925569133165,1.0343782670069577,94.22110552763652,32.32092100332579,-2.117906521262692,False,SVM_minimum_pulse_deadtime
74000.0,6,36,30.49397993866986,52.81712257876227,204.95848730044858,48.30917874396136,34.65658475110272,15.36191189843512,8.524799999999999,3.277207871666159,0.45288000000000006,61.82050452120399,62.273384521203994,99.66897469939789,2.060683484040133,67.62452889094848,1.028097749337716,94.22110552763652,31.94772100643253,-2.494691568272655,False,SVM_minimum_pulse_deadtime
75000.0,6,36,30.49397993866986,52.81712257876227,204.95848730044858,48.30917874396136,34.65658475110272,15.569505302468025,8.639999999999999,3.3214944645265123,0.4590000000000001,62.18758451809725,62.64658451809726,99.66699749428317,2.072919483936575,67.66980209056533,1.0218913767707278,94.22110552763652,31.574521009539268,-2.861429014029019,False,SVM_minimum_pulse_deadtime
76000.0,6,36,30.49397993866986,52.81712257876227,204.95848730044858,48.30917874396136,34.65658475110272,15.777098706500933,8.7552,3.3657810573868656,0.46512000000000003,62.55466451499052,63.01978451499052,99.6650203676134,2.085155483833017,67.71507529018216,1.015757844022809,94.22110552763652,31.201321012646005,-3.218515474370742,False,SVM_minimum_pulse_deadtime
77000.0,6,36,30.49397993866986,52.81712257876227,204.95848730044858,48.30917874396136,34.65658475110272,15.98469211053384,8.8704,3.4100676502472194,0.47124000000000005,62.92174451188378,63.39298451188378,99.66304331938385,2.097391483729459,67.760348489799,1.0096958762704105,94.22110552763652,30.828121015752743,-3.5663269617165776,False,SVM_minimum_pulse_deadtime
78000.0,6,36,30.49397993866986,52.81712257876227,204.95848730044858,48.30917874396136,34.65658475110272,16.19228551456675,8.9856,3.4543542431075727,0.47736000000000006,63.28882450877704,63.76618450877704,99.66106634958989,2.1096274836259012,67.80562168941583,1.0037042282662765,94.22110552763652,30.454921018859487,-3.905220205797135,False,SVM_minimum_pulse_deadtime
79000.0,6,36,30.49397993866986,52.81712257876227,204.95848730044858,48.30917874396136,34.65658475110272,16.399878918599654,9.1008,3.4986408359679264,0.4834800000000001,63.6559045056703,64.1393845056703,99.65908945822687,2.1218634835223433,67.85089488903267,0.9977816834866692,94.22110552763652,30.08172102196623,-4.2355338740781825,False,SVM_minimum_pulse_deadtime
80000.0,6,36,30.49397993866986,52.81712257876227,204.95848730044858,48.30917874396136,34.65658475110272,16.60747232263256,9.216,3.5429274288282797,0.48960000000000004,64.02298450256356,64.51258450256356,99.65711264529008,2.134099483418785,67.8961680886495,0.9919270533079254,94.22110552763652,29.70852102507297,-4.557589700652206,False,SVM_minimum_pulse_deadtime
81000.0,6,36,30.49397993866986,52.81712257876227,204.95848730044858,48.30917874396136,34.65658475110272,16.81506572666547,9.331199999999999,3.5872140216886335,0.49572000000000005,64.39006449945683,64.88578449945683,99.6551359107749,2.1463354833152275,67.94144128826633,0.9861391762111837,94.22110552763652,29.335321028179692,-4.871693531508351,False,SVM_minimum_pulse_deadtime
82000.0,6,36,30.49397993866986,52.81712257876227,204.95848730044858,48.30917874396136,34.65658475110272,17.022659130698376,9.446399999999999,3.6315006145489868,0.5018400000000001,64.75714449635008,65.25898449635008,99.65315925467662,2.158571483211669,67.98671448788318,0.980416917014157,94.22110552763652,28.962121031286443,-5.178136293319223,False,SVM_minimum_pulse_deadtime
83000.0,6,36,30.49397993866986,52.81712257876227,204.95848730044858,48.30917874396136,34.65658475110272,17.23025253473128,9.5616,3.6757872074093405,0.5079600000000001,65.12422449324335,65.63218449324334,99.65118267699062,2.1708074831081112,68.0319876875,0.9747591661288869,94.22110552763652,28.58892103439318,-5.4771948921948965,False,SVM_minimum_pulse_deadtime
84000.0,6,36,30.49397993866986,52.81712257876227,204.95848730044858,48.30917874396136,34.65658475110272,17.437845938764188,9.6768,3.720073800269694,0.5140800000000001,65.4913044901366,66.0053844901366,99.64920617771216,2.1830434830045533,68.07726088711685,0.9691648388444617,94.22110552763652,28.215721037499918,-5.769133048240197,False,SVM_minimum_pulse_deadtime
85000.0,6,36,30.49397993866986,52.81712257876227,204.95848730044858,48.30917874396136,34.65658475110272,17.645439342797097,9.792,3.764360393130047,0.5202000000000001,65.85838448702987,66.37858448702987,99.64722975683667,2.1952794829009954,68.12253408673368,0.9636328746337188,94.22110552763652,27.842521040606655,-6.054202071202076,False,SVM_minimum_pulse_deadtime
86000.0,6,36,30.49397993866986,52.81712257876227,204.95848730044858,48.30917874396136,34.65658475110272,17.853032746830003,9.9072,3.808646985990401,0.52632,66.22546448392313,66.75178448392313,99.6452534143594,2.2075154827974375,68.16780728635052,0.9581622364830079,94.22110552763652,27.469321043713393,-6.332641582002052,False,SVM_minimum_pulse_deadtime
87000.0,6,36,30.49397993866986,52.81712257876227,204.95848730044858,48.30917874396136,34.65658475110272,18.06062615086291,10.0224,3.852933578850754,0.53244,66.59254448081639,67.12498448081638,99.64327715027574,2.2197514826938796,68.21308048596735,0.9527519102441192,94.22110552763652,27.096121046820144,-6.604680184507776,False,SVM_minimum_pulse_deadtime
88000.0,6,36,30.49397993866986,52.81712257876227,204.95848730044858,48.30917874396136,34.65658475110272,18.26821955489582,10.137599999999999,3.897220171711108,0.53856,66.95962447770964,67.49818447770964,99.64130096458099,2.231987482590321,68.2583536855842,0.947400904007529,94.22110552763652,26.72292104992688,-6.870536091502005,False,SVM_minimum_pulse_deadtime
89000.0,6,36,30.49397993866986,52.81712257876227,204.95848730044858,48.30917874396136,34.65658475110272,18.475812958928724,10.252799999999999,3.941506764571461,0.54468,67.3267044746029,67.8713844746029,99.63932485727054,2.2442234824867633,68.30362688520103,0.9421082474961489,94.22110552763652,26.34972105303362,-7.130417708451421,False,SVM_minimum_pulse_deadtime
90000.0,6,36,30.49397993866986,52.81712257876227,204.95848730044858,48.30917874396136,34.65658475110272,18.68340636296163,10.368,3.985793357431815,0.5508000000000001,67.69378447149616,68.24458447149615,99.63734882833965,2.256459482383205,68.34890008481787,0.9368729914788002,94.22110552763652,25.97652105614037,-7.384524178357518,False,SVM_minimum_pulse_deadtime
91000.0,6,36,30.49397993866986,52.81712257876227,204.95848730044858,48.30917874396136,34.65658475110272,18.89099976699454,10.4832,4.030079950292168,0.5569200000000001,68.06086446838943,68.61778446838943,99.63537287778372,2.2686954822796475,68.3941732844347,0.9316942072026669,94.22110552763652,25.603321059247094,-7.633045890683259,False,SVM_minimum_pulse_deadtime
92000.0,6,36,30.49397993866986,52.81712257876227,204.95848730044858,48.30917874396136,34.65658475110272,19.098593171027446,10.5984,4.074366543152522,0.5630400000000001,68.42794446528269,68.9909844652827,99.63339700559806,2.2809314821760895,68.43944648405153,0.9265709858440185,94.22110552763652,25.23012106235383,-7.876164957088874,False,SVM_minimum_pulse_deadtime
93000.0,6,36,30.49397993866986,52.81712257876227,204.95848730044858,48.30917874396136,34.65658475110272,19.30618657506035,10.7136,4.118653136012875,0.5691600000000001,68.79502446217595,69.36418446217594,99.631421211778,2.293167482072531,68.48471968366837,0.9215024379765165,94.22110552763652,24.856921065460583,-8.114055656475015,False,SVM_minimum_pulse_deadtime
94000.0,6,36,30.49397993866986,52.81712257876227,204.95848730044858,48.30917874396136,34.65658475110272,19.51377997909326,10.8288,4.162939728873229,0.57528,69.16210445906921,69.73738445906922,99.6294454963189,2.3054034819689737,68.5299928832852,0.9164876930564523,94.22110552763652,24.483721068567306,-8.346884851618897,False,SVM_minimum_pulse_deadtime
95000.0,6,36,30.49397993866986,52.81712257876227,204.95848730044858,48.30917874396136,34.65658475110272,19.721373383126167,10.943999999999999,4.207226321733582,0.5814,69.52918445596248,70.11058445596248,99.62746985921608,2.317639481865416,68.57526608290205,0.9115258989242934,94.22110552763652,24.110521071674043,-8.574812379496594,False,SVM_minimum_pulse_deadtime
96000.0,6,36,30.49397993866986,52.81712257876227,204.95848730044858,48.30917874396136,34.65658475110272,19.928966787159073,11.059199999999999,4.251512914593936,0.58752,69.89626445285573,70.48378445285573,99.6254943004649,2.3298754817618574,68.62053928251888,0.9066162213219342,94.22110552763652,23.737321074780795,-8.797991417210172,False,SVM_minimum_pulse_deadtime
97000.0,6,36,30.49397993866986,52.81712257876227,204.95848730044858,48.30917874396136,34.65658475110272,20.13656019119198,11.1744,4.295799507454289,0.5936400000000001,70.263344449749,70.85698444974899,99.62351882006067,2.3421114816583,68.66581248213572,0.9017578434250795,94.22110552763652,23.364121077887532,-9.01656882528017,False,SVM_minimum_pulse_deadtime
98000.0,6,36,30.49397993866986,52.81712257876227,204.95848730044858,48.30917874396136,34.65658475110272,20.34415359522489,11.2896,4.340086100314643,0.5997600000000001,70.63042444664225,71.23018444664226,99.62154341799877,2.3543474815547416,68.71108568175254,0.896949965390211,94.22110552763652,22.99092108099427,-9.230685469920168,False,SVM_minimum_pulse_deadtime
99000.0,6,36,30.49397993866986,52.81712257876227,204.95848730044858,48.30917874396136,34.65658475110272,20.551746999257794,11.4048,4.3843726931749964,0.6058800000000001,70.9975044435355,71.6033844435355,99.61956809427448,2.3665834814511832,68.75635888136938,0.8921918039156057,94.22110552763652,22.61772108410102,-9.440476525779559,False,SVM_minimum_pulse_deadtime
100000.0,6,36,30.49397993866986,52.81712257876227,204.95848730044858,48.30917874396136,34.65658475110272,20.7593404032907,11.52,4.42865928603535,0.6120000000000001,71.36458444042877,71.97658444042877,99.6175928488832,2.3788194813476258,68.80163208098621,0.887482591815904,94.22110552763652,22.244521087207758,-9.646071760521766,False,SVM_minimum_pulse_deadtime
